timestamp_utc,open,high,low,close,tick_volume,spread,real_volume
2024-01-02 00:00:00,1.10409,1.10426,1.10409,1.10426,29,41,0
2024-01-02 00:15:00,1.10421,1.10433,1.10409,1.10426,34,29,0
2024-01-02 00:30:00,1.10426,1.10432,1.10418,1.10428,40,15,0
2024-01-02 00:45:00,1.1042,1.10439,1.10411,1.10432,64,21,0
2024-01-02 01:00:00,1.1043,1.10436,1.10378,1.10378,145,11,0
2024-01-02 01:15:00,1.10379,1.10379,1.10365,1.10369,99,11,0
2024-01-02 01:30:00,1.10369,1.10377,1.10356,1.10361,120,11,0
2024-01-02 01:45:00,1.10361,1.10367,1.1035,1.10359,199,11,0
2024-01-02 02:00:00,1.1036,1.10374,1.1036,1.10368,160,11,0
2024-01-02 02:15:00,1.10368,1.10369,1.10336,1.1034,119,11,0
2024-01-02 02:30:00,1.1034,1.10353,1.1034,1.10352,103,11,0
2024-01-02 02:45:00,1.10352,1.10376,1.10352,1.10376,137,11,0
2024-01-02 03:00:00,1.10376,1.10427,1.10372,1.10382,292,11,0
2024-01-02 03:15:00,1.10383,1.10426,1.10382,1.1039,260,11,0
2024-01-02 03:30:00,1.10391,1.10394,1.10364,1.10378,256,11,0
2024-01-02 03:45:00,1.10382,1.10395,1.10337,1.10344,249,11,0
2024-01-02 04:00:00,1.10344,1.10354,1.1031,1.10314,236,11,0
2024-01-02 04:15:00,1.10314,1.10315,1.10255,1.10257,176,11,0
2024-01-02 04:30:00,1.10257,1.10263,1.10215,1.1023,226,11,0
2024-01-02 04:45:00,1.1023,1.10235,1.10177,1.10184,240,11,0
2024-01-02 05:00:00,1.10184,1.10232,1.1017,1.10217,238,11,0
2024-01-02 05:15:00,1.10218,1.10234,1.10201,1.10209,175,11,0
2024-01-02 05:30:00,1.10209,1.10226,1.10204,1.10224,161,11,0
2024-01-02 05:45:00,1.10224,1.10243,1.10224,1.1024,111,11,0
2024-01-02 06:00:00,1.1024,1.10244,1.10203,1.10214,119,11,0
2024-01-02 06:15:00,1.10217,1.1022,1.10188,1.10189,120,11,0
2024-01-02 06:30:00,1.1019,1.10199,1.10168,1.10171,153,11,0
2024-01-02 06:45:00,1.10172,1.10204,1.1016,1.10203,156,11,0
2024-01-02 07:00:00,1.10203,1.10246,1.10203,1.10244,231,11,0
2024-01-02 07:15:00,1.10245,1.10277,1.10241,1.1026,207,11,0
2024-01-02 07:30:00,1.10259,1.10298,1.10259,1.10295,182,11,0
2024-01-02 07:45:00,1.10295,1.10331,1.10288,1.10329,235,11,0
2024-01-02 08:00:00,1.10331,1.10337,1.10312,1.10318,206,11,0
2024-01-02 08:15:00,1.10316,1.10333,1.10294,1.10315,212,11,0
2024-01-02 08:30:00,1.10314,1.10344,1.10304,1.10331,212,11,0
2024-01-02 08:45:00,1.10331,1.10347,1.10264,1.1028,196,11,0
2024-01-02 09:00:00,1.10282,1.10304,1.1024,1.10278,368,11,0
2024-01-02 09:15:00,1.10277,1.1037,1.10272,1.10365,342,11,0
2024-01-02 09:30:00,1.10365,1.10374,1.10294,1.10295,361,11,0
2024-01-02 09:45:00,1.10294,1.1031,1.10145,1.10147,512,11,0
2024-01-02 10:00:00,1.10172,1.10382,1.10172,1.10322,572,11,0
2024-01-02 10:15:00,1.10316,1.10335,1.10273,1.10282,456,11,0
2024-01-02 10:30:00,1.10281,1.10324,1.10277,1.10286,413,11,0
2024-01-02 10:45:00,1.10289,1.10323,1.10246,1.10291,434,11,0
2024-01-02 11:00:00,1.10287,1.10359,1.10284,1.10346,439,11,0
2024-01-02 11:15:00,1.10344,1.10373,1.10327,1.10328,372,11,0
2024-01-02 11:30:00,1.10328,1.10347,1.10185,1.1019,393,11,0
2024-01-02 11:45:00,1.10186,1.10192,1.10101,1.10147,444,11,0
2024-01-02 12:00:00,1.10144,1.10164,1.09966,1.09995,437,11,0
2024-01-02 12:15:00,1.09998,1.10052,1.09991,1.1003,420,11,0
2024-01-02 12:30:00,1.10032,1.10096,1.10023,1.10093,400,11,0
2024-01-02 12:45:00,1.10094,1.10106,1.10023,1.10068,441,11,0
2024-01-02 13:00:00,1.10063,1.10067,1.09887,1.0989,492,11,0
2024-01-02 13:15:00,1.09889,1.09914,1.09779,1.09798,505,11,0
2024-01-02 13:30:00,1.09786,1.09786,1.097,1.09705,466,11,0
2024-01-02 13:45:00,1.097,1.09722,1.09659,1.09687,382,11,0
2024-01-02 14:00:00,1.09688,1.09713,1.09673,1.09688,363,11,0
2024-01-02 14:15:00,1.09688,1.09688,1.09607,1.09649,378,11,0
2024-01-02 14:30:00,1.0965,1.09676,1.09574,1.09603,397,11,0
2024-01-02 14:45:00,1.09603,1.09629,1.09532,1.09533,427,11,0
2024-01-02 15:00:00,1.09535,1.09581,1.0953,1.09572,463,11,0
2024-01-02 15:15:00,1.09574,1.09617,1.09513,1.09573,456,11,0
2024-01-02 15:30:00,1.09577,1.09644,1.09566,1.09639,478,11,0
2024-01-02 15:45:00,1.09638,1.09642,1.0949,1.09519,519,11,0
2024-01-02 16:00:00,1.09517,1.09567,1.09445,1.09456,561,11,0
2024-01-02 16:15:00,1.09455,1.09531,1.09444,1.09515,464,11,0
2024-01-02 16:30:00,1.09513,1.09631,1.09513,1.09568,573,11,0
2024-01-02 16:45:00,1.09568,1.09633,1.09513,1.09619,621,11,0
2024-01-02 17:00:00,1.09626,1.09678,1.09548,1.09571,624,11,0
2024-01-02 17:15:00,1.09573,1.0961400000000001,1.09527,1.09589,565,11,0
2024-01-02 17:30:00,1.09586,1.09587,1.09494,1.09522,615,11,0
2024-01-02 17:45:00,1.09519,1.09551,1.09407,1.09432,551,11,0
2024-01-02 18:00:00,1.09433,1.09575,1.09403,1.0957,534,11,0
2024-01-02 18:15:00,1.09567,1.09611,1.09554,1.09573,446,11,0
2024-01-02 18:30:00,1.09571,1.09573,1.09438,1.0946,440,11,0
2024-01-02 18:45:00,1.09462,1.09575,1.09462,1.09557,390,11,0
2024-01-02 19:00:00,1.0956,1.0957,1.09475,1.09503,333,11,0
2024-01-02 19:15:00,1.09504,1.09551,1.09454,1.0953,403,11,0
2024-01-02 19:30:00,1.0953,1.09555,1.0951,1.09511,315,11,0
2024-01-02 19:45:00,1.09511,1.09521,1.09462,1.09501,366,11,0
2024-01-02 20:00:00,1.09501,1.09539,1.09474,1.09525,318,11,0
2024-01-02 20:15:00,1.09525,1.09554,1.09521,1.0954,271,11,0
2024-01-02 20:30:00,1.0954,1.09545,1.09471,1.09479,290,11,0
2024-01-02 20:45:00,1.09477,1.09497,1.09457,1.09461,346,11,0
2024-01-02 21:00:00,1.09461,1.09471,1.09422,1.09459,243,11,0
2024-01-02 21:15:00,1.0946,1.09494,1.09439,1.09489,243,11,0
2024-01-02 21:30:00,1.09488,1.09496,1.09456,1.09475,179,11,0
2024-01-02 21:45:00,1.09475,1.09483,1.09446,1.09456,259,11,0
2024-01-02 22:00:00,1.09459,1.09505,1.09452,1.0948,272,11,0
2024-01-02 22:15:00,1.0948,1.09499,1.09452,1.09455,233,11,0
2024-01-02 22:30:00,1.09455,1.09481,1.09454,1.09465,268,11,0
2024-01-02 22:45:00,1.09465,1.0948,1.09416,1.09425,361,11,0
2024-01-02 23:00:00,1.09425,1.09427,1.0939,1.09408,217,11,0
2024-01-02 23:15:00,1.09407,1.09419,1.09386,1.09388,168,11,0
2024-01-02 23:30:00,1.09379,1.09407,1.09379,1.09405,133,11,0
2024-01-02 23:45:00,1.09405,1.09419,1.09402,1.09402,143,11,0
2024-01-03 00:00:00,1.09395,1.09428,1.09381,1.09387,90,19,0
2024-01-03 00:15:00,1.09387,1.09408,1.09375,1.09381,168,21,0
2024-01-03 00:30:00,1.0939,1.09397,1.09377,1.09388,149,23,0
2024-01-03 00:45:00,1.09393,1.0942,1.09392,1.09402,96,15,0
2024-01-03 01:00:00,1.09407,1.09434,1.09404,1.09427,96,11,0
2024-01-03 01:15:00,1.09426,1.09427,1.09408,1.09421,111,11,0
2024-01-03 01:30:00,1.09423,1.09425,1.09409,1.09413,97,11,0
2024-01-03 01:45:00,1.09413,1.0943100000000001,1.09403,1.09408,116,11,0
2024-01-03 02:00:00,1.0941,1.09442,1.09409,1.09442,121,11,0
2024-01-03 02:15:00,1.0944,1.09484,1.09434,1.09482,135,11,0
2024-01-03 02:30:00,1.09481,1.095,1.09477,1.09493,188,11,0
2024-01-03 02:45:00,1.09493,1.09499,1.09477,1.09489,117,11,0
2024-01-03 03:00:00,1.09488,1.09503,1.09473,1.09493,234,11,0
2024-01-03 03:15:00,1.0949200000000001,1.09506,1.09444,1.0950199999999999,335,11,0
2024-01-03 03:30:00,1.09507,1.09538,1.09497,1.09538,254,11,0
2024-01-03 03:45:00,1.09538,1.09543,1.09503,1.09508,194,11,0
2024-01-03 04:00:00,1.09508,1.09525,1.0949200000000001,1.09505,257,11,0
2024-01-03 04:15:00,1.09505,1.09508,1.09481,1.09484,169,11,0
2024-01-03 04:30:00,1.09483,1.09495,1.09481,1.09488,143,11,0
2024-01-03 04:45:00,1.09488,1.09523,1.09487,1.09515,163,11,0
2024-01-03 05:00:00,1.09515,1.09539,1.09481,1.09482,157,12,0
2024-01-03 05:15:00,1.09482,1.09532,1.09481,1.0953,131,11,0
2024-01-03 05:30:00,1.0953,1.09588,1.09528,1.09586,127,11,0
2024-01-03 05:45:00,1.09586,1.09616,1.09584,1.09604,193,11,0
2024-01-03 06:00:00,1.09604,1.09618,1.09591,1.096,155,11,0
2024-01-03 06:15:00,1.096,1.0961400000000001,1.09596,1.09598,160,11,0
2024-01-03 06:30:00,1.09598,1.09613,1.09587,1.09591,97,11,0
2024-01-03 06:45:00,1.09591,1.09619,1.09583,1.09617,87,11,0
2024-01-03 07:00:00,1.09617,1.09623,1.09598,1.09604,189,11,0
2024-01-03 07:15:00,1.09605,1.09618,1.09581,1.09581,193,11,0
2024-01-03 07:30:00,1.09581,1.09605,1.09557,1.09562,211,11,0
2024-01-03 07:45:00,1.09562,1.09563,1.09508,1.09508,226,11,0
2024-01-03 08:00:00,1.09507,1.09561,1.09506,1.09561,209,11,0
2024-01-03 08:15:00,1.09561,1.09576,1.09543,1.0957,186,11,0
2024-01-03 08:30:00,1.0957,1.09583,1.09569,1.09582,133,11,0
2024-01-03 08:45:00,1.0958,1.09602,1.09579,1.09586,162,11,0
2024-01-03 09:00:00,1.09576,1.09593,1.0954,1.09545,339,11,0
2024-01-03 09:15:00,1.09545,1.0958,1.0951,1.09571,317,11,0
2024-01-03 09:30:00,1.09568,1.09621,1.09565,1.09568,376,11,0
2024-01-03 09:45:00,1.09569,1.0962,1.09548,1.09598,316,11,0
2024-01-03 10:00:00,1.09596,1.0964,1.09575,1.09636,504,11,0
2024-01-03 10:15:00,1.09634,1.09637,1.09497,1.09523,469,11,0
2024-01-03 10:30:00,1.09522,1.09574,1.09497,1.0955300000000001,481,11,0
2024-01-03 10:45:00,1.09554,1.09558,1.0950199999999999,1.09521,409,11,0
2024-01-03 11:00:00,1.09517,1.09558,1.09422,1.09428,458,11,0
2024-01-03 11:15:00,1.09428,1.09445,1.09355,1.09382,445,11,0
2024-01-03 11:30:00,1.09382,1.09437,1.09382,1.09388,412,11,0
2024-01-03 11:45:00,1.09387,1.0941,1.09342,1.09359,393,11,0
2024-01-03 12:00:00,1.09359,1.09385,1.09333,1.09346,373,11,0
2024-01-03 12:15:00,1.09346,1.09346,1.09287,1.09292,338,11,0
2024-01-03 12:30:00,1.09289,1.09337,1.09256,1.09272,341,11,0
2024-01-03 12:45:00,1.0927,1.09337,1.0927,1.09276,345,11,0
2024-01-03 13:00:00,1.09273,1.09291,1.09218,1.0922,472,11,0
2024-01-03 13:15:00,1.09218,1.09249,1.09201,1.09223,352,11,0
2024-01-03 13:30:00,1.09218,1.09229,1.09147,1.09172,426,11,0
2024-01-03 13:45:00,1.09172,1.09205,1.0916,1.09187,416,11,0
2024-01-03 14:00:00,1.0919,1.09252,1.09173,1.09252,428,11,0
2024-01-03 14:15:00,1.0925,1.09317,1.09244,1.0926,404,11,0
2024-01-03 14:30:00,1.09256,1.09272,1.09183,1.09202,363,11,0
2024-01-03 14:45:00,1.092,1.09245,1.09141,1.09162,402,11,0
2024-01-03 15:00:00,1.09161,1.09207,1.09156,1.09172,467,11,0
2024-01-03 15:15:00,1.09172,1.09213,1.09095,1.0921,531,11,0
2024-01-03 15:30:00,1.0921,1.09296,1.09196,1.09207,558,11,0
2024-01-03 15:45:00,1.09203,1.09227,1.0915300000000001,1.09212,516,11,0
2024-01-03 16:00:00,1.09212,1.09236,1.09125,1.09143,553,11,0
2024-01-03 16:15:00,1.09143,1.0919,1.09104,1.09149,523,11,0
2024-01-03 16:30:00,1.0915,1.0918,1.09095,1.09173,605,11,0
2024-01-03 16:45:00,1.09172,1.0925799999999999,1.09133,1.09177,548,11,0
2024-01-03 17:00:00,1.0913,1.0937999999999999,1.0913,1.09159,723,12,0
2024-01-03 17:15:00,1.09158,1.09234,1.09097,1.0915,662,11,0
2024-01-03 17:30:00,1.0914,1.09179,1.09041,1.0908,657,11,0
2024-01-03 17:45:00,1.09066,1.09066,1.08975,1.09041,621,11,0
2024-01-03 18:00:00,1.09042,1.09103,1.09022,1.09097,565,11,0
2024-01-03 18:15:00,1.09097,1.09177,1.09097,1.09126,548,11,0
2024-01-03 18:30:00,1.09127,1.09149,1.09105,1.09111,522,11,0
2024-01-03 18:45:00,1.09111,1.09132,1.09061,1.09076,496,11,0
2024-01-03 19:00:00,1.09076,1.09088,1.09032,1.09035,470,11,0
2024-01-03 19:15:00,1.09034,1.09088,1.09033,1.09085,385,11,0
2024-01-03 19:30:00,1.09085,1.09097,1.09056,1.09083,352,11,0
2024-01-03 19:45:00,1.09083,1.0909,1.09028,1.09061,377,11,0
2024-01-03 20:00:00,1.09062,1.09144,1.09062,1.09113,353,11,0
2024-01-03 20:15:00,1.09112,1.09134,1.091,1.091,340,11,0
2024-01-03 20:30:00,1.091,1.091,1.09022,1.09038,347,11,0
2024-01-03 20:45:00,1.09037,1.09072,1.09027,1.09053,354,11,0
2024-01-03 21:00:00,1.09053,1.09111,1.08925,1.0895299999999999,705,13,0
2024-01-03 21:15:00,1.0895,1.09232,1.0895,1.09223,624,13,0
2024-01-03 21:30:00,1.09226,1.09252,1.09137,1.09221,581,13,0
2024-01-03 21:45:00,1.09216,1.09246,1.09151,1.09167,544,13,0
2024-01-03 22:00:00,1.09168,1.09213,1.09147,1.09205,487,13,0
2024-01-03 22:15:00,1.09202,1.09227,1.09143,1.09173,433,11,0
2024-01-03 22:30:00,1.09171,1.09199,1.09159,1.09182,474,12,0
2024-01-03 22:45:00,1.09176,1.09215,1.09172,1.09205,391,11,0
2024-01-03 23:00:00,1.09204,1.09213,1.0918,1.09209,242,11,0
2024-01-03 23:15:00,1.09204,1.09229,1.09194,1.09221,162,11,0
2024-01-03 23:30:00,1.09221,1.09224,1.09186,1.09199,152,11,0
2024-01-03 23:45:00,1.09199,1.09214,1.09183,1.09214,176,11,0
2024-01-04 00:00:00,1.09077,1.09204,1.09077,1.09179,116,23,0
2024-01-04 00:15:00,1.09179,1.09217,1.09169,1.09186,143,19,0
2024-01-04 00:30:00,1.09185,1.09211,1.09183,1.09192,102,14,0
2024-01-04 00:45:00,1.09192,1.0921,1.09186,1.09202,134,15,0
2024-01-04 01:00:00,1.09213,1.09249,1.09213,1.09241,171,11,0
2024-01-04 01:15:00,1.09241,1.09243,1.09215,1.09238,158,11,0
2024-01-04 01:30:00,1.09237,1.0924800000000001,1.09232,1.09241,98,11,0
2024-01-04 01:45:00,1.09241,1.09269,1.09239,1.09253,127,11,0
2024-01-04 02:00:00,1.09253,1.0926,1.09206,1.09234,178,11,0
2024-01-04 02:15:00,1.09235,1.0926,1.09235,1.0924800000000001,207,11,0
2024-01-04 02:30:00,1.09247,1.09251,1.09202,1.09208,161,11,0
2024-01-04 02:45:00,1.09208,1.09225,1.09189,1.09219,206,11,0
2024-01-04 03:00:00,1.0922,1.09234,1.09194,1.09198,237,11,0
2024-01-04 03:15:00,1.0919699999999999,1.09222,1.09183,1.09186,248,11,0
2024-01-04 03:30:00,1.09188,1.0919,1.09157,1.09164,288,12,0
2024-01-04 03:45:00,1.09171,1.09192,1.09162,1.09172,191,11,0
2024-01-04 04:00:00,1.09173,1.09184,1.09169,1.09182,144,11,0
2024-01-04 04:15:00,1.09182,1.09184,1.09155,1.09178,195,11,0
2024-01-04 04:30:00,1.09177,1.09194,1.09175,1.09185,167,11,0
2024-01-04 04:45:00,1.09183,1.09194,1.09169,1.09187,172,12,0
2024-01-04 05:00:00,1.09188,1.09225,1.09187,1.09224,166,11,0
2024-01-04 05:15:00,1.09224,1.09265,1.09217,1.09262,208,11,0
2024-01-04 05:30:00,1.09262,1.09301,1.09255,1.09256,274,11,0
2024-01-04 05:45:00,1.09256,1.09264,1.0924800000000001,1.09256,142,11,0
2024-01-04 06:00:00,1.09256,1.09268,1.09241,1.0925799999999999,148,11,0
2024-01-04 06:15:00,1.0925799999999999,1.09262,1.09241,1.09247,157,11,0
2024-01-04 06:30:00,1.09246,1.09281,1.09244,1.09277,165,11,0
2024-01-04 06:45:00,1.09276,1.09278,1.09245,1.09255,210,11,0
2024-01-04 07:00:00,1.09254,1.09254,1.09223,1.09236,300,11,0
2024-01-04 07:15:00,1.09238,1.09252,1.09228,1.09228,182,11,0
2024-01-04 07:30:00,1.09229,1.09241,1.09214,1.09231,286,11,0
2024-01-04 07:45:00,1.0923,1.09263,1.09225,1.0926,241,11,0
2024-01-04 08:00:00,1.0926,1.09288,1.0926,1.09288,215,13,0
2024-01-04 08:15:00,1.09286,1.09339,1.09286,1.0931,221,13,0
2024-01-04 08:30:00,1.09308,1.09313,1.09202,1.09222,331,13,0
2024-01-04 08:45:00,1.09221,1.0931899999999999,1.09221,1.09318,283,12,0
2024-01-04 09:00:00,1.0931899999999999,1.09371,1.09292,1.09364,395,11,0
2024-01-04 09:15:00,1.09357,1.09366,1.0929,1.09326,372,11,0
2024-01-04 09:30:00,1.09326,1.0943,1.09321,1.09421,405,11,0
2024-01-04 09:45:00,1.09415,1.09425,1.09341,1.0937000000000001,416,11,0
2024-01-04 10:00:00,1.09369,1.0944,1.0934,1.09435,487,11,0
2024-01-04 10:15:00,1.09425,1.09481,1.09409,1.09419,504,11,0
2024-01-04 10:30:00,1.09419,1.09425,1.09364,1.09399,485,11,0
2024-01-04 10:45:00,1.09393,1.09551,1.09382,1.09526,497,11,0
2024-01-04 11:00:00,1.09523,1.09564,1.09447,1.095,513,11,0
2024-01-04 11:15:00,1.09499,1.09573,1.09494,1.0956,471,11,0
2024-01-04 11:30:00,1.09564,1.09661,1.09556,1.09656,452,11,0
2024-01-04 11:45:00,1.09655,1.09686,1.09628,1.09669,489,11,0
2024-01-04 12:00:00,1.09672,1.09717,1.09618,1.09618,475,11,0
2024-01-04 12:15:00,1.09616,1.09668,1.09585,1.09604,359,11,0
2024-01-04 12:30:00,1.09605,1.09644,1.09575,1.09584,369,11,0
2024-01-04 12:45:00,1.09577,1.09595,1.09539,1.09549,421,11,0
2024-01-04 13:00:00,1.09551,1.09565,1.09526,1.09535,305,11,0
2024-01-04 13:15:00,1.09535,1.09557,1.0949,1.09544,360,11,0
2024-01-04 13:30:00,1.09544,1.09573,1.09522,1.09544,320,11,0
2024-01-04 13:45:00,1.09546,1.09547,1.09455,1.09473,326,11,0
2024-01-04 14:00:00,1.09472,1.09505,1.09463,1.09493,380,11,0
2024-01-04 14:15:00,1.09494,1.09544,1.09482,1.09538,301,11,0
2024-01-04 14:30:00,1.09538,1.0955,1.09499,1.09545,342,11,0
2024-01-04 14:45:00,1.09544,1.0955300000000001,1.09509,1.09519,328,11,0
2024-01-04 15:00:00,1.09517,1.09536,1.09478,1.09504,479,11,0
2024-01-04 15:15:00,1.09495,1.09547,1.0945,1.09473,581,11,0
2024-01-04 15:30:00,1.09434,1.09455,1.09321,1.09415,609,11,0
2024-01-04 15:45:00,1.09414,1.09491,1.09382,1.09465,555,11,0
2024-01-04 16:00:00,1.09465,1.09499,1.09389,1.09419,573,11,0
2024-01-04 16:15:00,1.09416,1.0948,1.09402,1.09422,495,11,0
2024-01-04 16:30:00,1.09427,1.09469,1.09376,1.09442,536,11,0
2024-01-04 16:45:00,1.09439,1.09463,1.09395,1.09449,614,11,0
2024-01-04 17:00:00,1.09448,1.09606,1.09448,1.09604,632,11,0
2024-01-04 17:15:00,1.09607,1.09645,1.0955300000000001,1.09641,527,11,0
2024-01-04 17:30:00,1.09641,1.09646,1.09554,1.09619,540,11,0
2024-01-04 17:45:00,1.09619,1.09646,1.09528,1.09547,554,11,0
2024-01-04 18:00:00,1.0955,1.09623,1.09537,1.09613,501,11,0
2024-01-04 18:15:00,1.09606,1.09634,1.09579,1.09592,484,11,0
2024-01-04 18:30:00,1.09592,1.09612,1.09545,1.09548,445,11,0
2024-01-04 18:45:00,1.09549,1.09588,1.09545,1.09554,428,11,0
2024-01-04 19:00:00,1.09556,1.09592,1.09535,1.09548,388,11,0
2024-01-04 19:15:00,1.09548,1.09582,1.09448,1.09454,377,11,0
2024-01-04 19:30:00,1.09454,1.09483,1.09411,1.09464,317,11,0
2024-01-04 19:45:00,1.09461,1.095,1.09437,1.095,357,11,0
2024-01-04 20:00:00,1.09498,1.09515,1.09489,1.09506,286,11,0
2024-01-04 20:15:00,1.09505,1.09539,1.09487,1.09489,346,11,0
2024-01-04 20:30:00,1.0949,1.09505,1.09474,1.09474,344,11,0
2024-01-04 20:45:00,1.09476,1.09499,1.09454,1.09465,338,11,0
2024-01-04 21:00:00,1.09465,1.0947,1.09444,1.09453,276,11,0
2024-01-04 21:15:00,1.09454,1.09468,1.09429,1.09439,275,11,0
2024-01-04 21:30:00,1.09439,1.09455,1.0943,1.09439,241,11,0
2024-01-04 21:45:00,1.09442,1.09493,1.09438,1.09465,282,11,0
2024-01-04 22:00:00,1.09464,1.0947,1.0944099999999999,1.09454,259,11,0
2024-01-04 22:15:00,1.09454,1.09454,1.09425,1.0944099999999999,278,11,0
2024-01-04 22:30:00,1.09443,1.09474,1.09437,1.09443,262,11,0
2024-01-04 22:45:00,1.09443,1.09487,1.09433,1.09487,321,11,0
2024-01-04 23:00:00,1.09485,1.09494,1.09463,1.09489,185,11,0
2024-01-04 23:15:00,1.09488,1.09495,1.09468,1.09473,126,11,0
2024-01-04 23:30:00,1.09473,1.09476,1.09452,1.09468,148,11,0
2024-01-04 23:45:00,1.09468,1.09479,1.09442,1.09445,134,11,0
2024-01-05 00:00:00,1.09408,1.09462,1.09408,1.09458,91,38,0
2024-01-05 00:15:00,1.09459,1.09483,1.09423,1.09447,168,18,0
2024-01-05 00:30:00,1.09446,1.09488,1.0944,1.09464,201,21,0
2024-01-05 00:45:00,1.09466,1.09477,1.09435,1.09464,212,15,0
2024-01-05 01:00:00,1.09452,1.09484,1.09452,1.09456,109,11,0
2024-01-05 01:15:00,1.09455,1.09466,1.09436,1.09438,111,11,0
2024-01-05 01:30:00,1.09438,1.09454,1.0943,1.09443,89,11,0
2024-01-05 01:45:00,1.09443,1.09465,1.09443,1.09457,86,11,0
2024-01-05 02:00:00,1.09453,1.09481,1.09438,1.09481,213,11,0
2024-01-05 02:15:00,1.09481,1.09499,1.0948,1.09489,136,11,0
2024-01-05 02:30:00,1.09489,1.09503,1.09481,1.09497,133,11,0
2024-01-05 02:45:00,1.09497,1.09509,1.09475,1.09505,271,11,0
2024-01-05 03:00:00,1.09503,1.09541,1.09495,1.09534,283,11,0
2024-01-05 03:15:00,1.09536,1.09548,1.09506,1.09514,286,11,0
2024-01-05 03:30:00,1.09518,1.09551,1.09496,1.09544,389,13,0
2024-01-05 03:45:00,1.09545,1.0955300000000001,1.09501,1.09508,204,11,0
2024-01-05 04:00:00,1.09509,1.09529,1.095,1.09523,168,11,0
2024-01-05 04:15:00,1.09524,1.09534,1.09511,1.09512,196,11,0
2024-01-05 04:30:00,1.09517,1.09517,1.0948,1.09484,237,11,0
2024-01-05 04:45:00,1.09483,1.09496,1.0946,1.09462,239,11,0
2024-01-05 05:00:00,1.09464,1.09468,1.09432,1.09432,188,11,0
2024-01-05 05:15:00,1.09432,1.09442,1.09399,1.09401,141,11,0
2024-01-05 05:30:00,1.09401,1.09413,1.09397,1.09401,207,11,0
2024-01-05 05:45:00,1.09401,1.09401,1.09385,1.09386,188,11,0
2024-01-05 06:00:00,1.09387,1.09393,1.0937000000000001,1.09375,186,11,0
2024-01-05 06:15:00,1.09376,1.09402,1.0937000000000001,1.09391,135,12,0
2024-01-05 06:30:00,1.09391,1.09406,1.09381,1.09381,152,11,0
2024-01-05 06:45:00,1.09381,1.09381,1.09359,1.09367,129,11,0
2024-01-05 07:00:00,1.09366,1.0937000000000001,1.09335,1.09347,216,11,0
2024-01-05 07:15:00,1.09347,1.09358,1.09336,1.09347,205,11,0
2024-01-05 07:30:00,1.09347,1.09362,1.09347,1.09353,174,11,0
2024-01-05 07:45:00,1.09351,1.09374,1.09342,1.09368,221,11,0
2024-01-05 08:00:00,1.09368,1.09368,1.09311,1.09312,183,11,0
2024-01-05 08:15:00,1.09313,1.09313,1.09269,1.09281,277,13,0
2024-01-05 08:30:00,1.09281,1.09284,1.09242,1.09254,309,11,0
2024-01-05 08:45:00,1.09254,1.09277,1.0925,1.09271,264,12,0
2024-01-05 09:00:00,1.09271,1.09307,1.09246,1.09297,344,11,0
2024-01-05 09:15:00,1.09297,1.09329,1.09283,1.09298,367,11,0
2024-01-05 09:30:00,1.09298,1.09314,1.09235,1.09237,309,11,0
2024-01-05 09:45:00,1.09238,1.09277,1.0922,1.09227,320,11,0
2024-01-05 10:00:00,1.09234,1.09251,1.09198,1.09222,482,11,0
2024-01-05 10:15:00,1.09221,1.09242,1.09157,1.09166,450,11,0
2024-01-05 10:30:00,1.09161,1.09167,1.09099,1.09109,456,11,0
2024-01-05 10:45:00,1.0911,1.09141,1.09027,1.09072,394,11,0
2024-01-05 11:00:00,1.09071,1.09145,1.09023,1.09145,422,11,0
2024-01-05 11:15:00,1.09137,1.0923,1.09131,1.0922,435,11,0
2024-01-05 11:30:00,1.09214,1.093,1.09162,1.09166,464,11,0
2024-01-05 11:45:00,1.09163,1.09166,1.09094,1.09117,424,11,0
2024-01-05 12:00:00,1.09123,1.09125,1.09065,1.09097,400,11,0
2024-01-05 12:15:00,1.09097,1.09105,1.0903100000000001,1.09043,391,11,0
2024-01-05 12:30:00,1.09043,1.09108,1.09034,1.09094,315,11,0
2024-01-05 12:45:00,1.09094,1.09133,1.09078,1.09121,358,11,0
2024-01-05 13:00:00,1.09121,1.09139,1.09098,1.0911,334,11,0
2024-01-05 13:15:00,1.0911,1.09154,1.09094,1.09112,366,11,0
2024-01-05 13:30:00,1.09112,1.09159,1.09105,1.09156,308,11,0
2024-01-05 13:45:00,1.09156,1.0917,1.0912,1.09137,331,11,0
2024-01-05 14:00:00,1.09138,1.09183,1.09138,1.09168,319,11,0
2024-01-05 14:15:00,1.09169,1.09171,1.09132,1.09152,338,11,0
2024-01-05 14:30:00,1.09152,1.09192,1.09131,1.0918,312,11,0
2024-01-05 14:45:00,1.09179,1.09204,1.09137,1.09171,337,11,0
2024-01-05 15:00:00,1.09172,1.09213,1.09155,1.09213,481,11,0
2024-01-05 15:15:00,1.09214,1.09273,1.09187,1.09193,509,11,0
2024-01-05 15:30:00,1.09188,1.09188,1.08764,1.09171,804,13,0
2024-01-05 15:45:00,1.09166,1.09244,1.09046,1.09206,758,11,0
2024-01-05 16:00:00,1.09218,1.09385,1.09213,1.09254,703,12,0
2024-01-05 16:15:00,1.09253,1.09481,1.09243,1.09448,682,11,0
2024-01-05 16:30:00,1.09447,1.0949,1.09356,1.094,670,11,0
2024-01-05 16:45:00,1.094,1.09542,1.09398,1.09486,583,11,0
2024-01-05 17:00:00,1.09485,1.09976,1.09485,1.09848,777,13,0
2024-01-05 17:15:00,1.09849,1.09913,1.09714,1.09805,739,13,0
2024-01-05 17:30:00,1.09812,1.09932,1.09757,1.09887,709,11,0
2024-01-05 17:45:00,1.09887,1.0991900000000001,1.09751,1.09776,668,11,0
2024-01-05 18:00:00,1.09776,1.09793,1.09679,1.0976,600,11,0
2024-01-05 18:15:00,1.09754,1.09799,1.0962,1.09624,644,11,0
2024-01-05 18:30:00,1.09623,1.09697,1.09623,1.09679,504,11,0
2024-01-05 18:45:00,1.09681,1.09691,1.09526,1.0955300000000001,526,11,0
2024-01-05 19:00:00,1.09554,1.09554,1.09437,1.09486,552,11,0
2024-01-05 19:15:00,1.09486,1.09539,1.09447,1.0945,468,11,0
2024-01-05 19:30:00,1.09449,1.09507,1.09426,1.095,513,11,0
2024-01-05 19:45:00,1.09495,1.09506,1.09445,1.09457,472,11,0
2024-01-05 20:00:00,1.09457,1.09457,1.0937000000000001,1.09373,538,11,0
2024-01-05 20:15:00,1.09394,1.09452,1.09348,1.09446,406,11,0
2024-01-05 20:30:00,1.09445,1.09533,1.09445,1.0950199999999999,409,11,0
2024-01-05 20:45:00,1.09503,1.09556,1.09494,1.09535,334,11,0
2024-01-05 21:00:00,1.09538,1.09592,1.09531,1.09559,356,11,0
2024-01-05 21:15:00,1.09558,1.09563,1.0951,1.0953,418,11,0
2024-01-05 21:30:00,1.09531,1.0956,1.09469,1.09485,364,11,0
2024-01-05 21:45:00,1.09486,1.09486,1.09426,1.09447,421,11,0
2024-01-05 22:00:00,1.09446,1.09463,1.09416,1.09428,345,11,0
2024-01-05 22:15:00,1.09424,1.09426,1.0937999999999999,1.09397,317,11,0
2024-01-05 22:30:00,1.09394,1.09407,1.09351,1.0939,306,11,0
2024-01-05 22:45:00,1.09396,1.09413,1.0937000000000001,1.09387,395,11,0
2024-01-05 23:00:00,1.09386,1.0939,1.09364,1.09379,216,11,0
2024-01-05 23:15:00,1.09378,1.09396,1.09371,1.09382,183,11,0
2024-01-05 23:30:00,1.09385,1.09392,1.09382,1.09385,135,11,0
2024-01-05 23:45:00,1.09386,1.09409,1.09384,1.09406,107,11,0
2024-01-08 00:00:00,1.09372,1.09434,1.09371,1.09433,64,20,0
2024-01-08 00:15:00,1.09432,1.09433,1.09415,1.09429,95,18,0
2024-01-08 00:30:00,1.09439,1.09443,1.09414,1.09434,119,30,0
2024-01-08 00:45:00,1.09434,1.09449,1.09427,1.09434,86,15,0
2024-01-08 01:00:00,1.0945,1.0945,1.09376,1.09386,186,12,0
2024-01-08 01:15:00,1.09385,1.09395,1.0935,1.0935,142,11,0
2024-01-08 01:30:00,1.09351,1.09369,1.09343,1.09369,133,11,0
2024-01-08 01:45:00,1.09368,1.09415,1.09368,1.09411,112,11,0
2024-01-08 02:00:00,1.09411,1.09434,1.09397,1.09434,119,11,0
2024-01-08 02:15:00,1.09434,1.09461,1.09434,1.09456,136,11,0
2024-01-08 02:30:00,1.09456,1.09481,1.09445,1.09471,136,11,0
2024-01-08 02:45:00,1.09471,1.09486,1.0947,1.09482,178,11,0
2024-01-08 03:00:00,1.09481,1.09498,1.09463,1.09485,210,11,0
2024-01-08 03:15:00,1.09483,1.09518,1.09478,1.095,230,11,0
2024-01-08 03:30:00,1.095,1.09519,1.09493,1.09516,256,11,0
2024-01-08 03:45:00,1.09515,1.09525,1.09465,1.09475,229,13,0
2024-01-08 04:00:00,1.09469,1.09472,1.09426,1.09429,270,11,0
2024-01-08 04:15:00,1.0943100000000001,1.09446,1.09419,1.09421,199,11,0
2024-01-08 04:30:00,1.09421,1.09421,1.09388,1.09394,164,11,0
2024-01-08 04:45:00,1.09394,1.09397,1.09353,1.09366,209,11,0
2024-01-08 05:00:00,1.09365,1.09376,1.09349,1.0937000000000001,196,11,0
2024-01-08 05:15:00,1.0937000000000001,1.09386,1.09367,1.0937000000000001,175,11,0
2024-01-08 05:30:00,1.0937000000000001,1.0937000000000001,1.09308,1.09324,208,11,0
2024-01-08 05:45:00,1.09329,1.09339,1.09308,1.09324,211,13,0
2024-01-08 06:00:00,1.09322,1.09334,1.09299,1.09315,208,11,0
2024-01-08 06:15:00,1.09315,1.09356,1.09314,1.09355,139,11,0
2024-01-08 06:30:00,1.09355,1.09364,1.09337,1.09355,165,11,0
2024-01-08 06:45:00,1.09355,1.09365,1.09334,1.09334,161,12,0
2024-01-08 07:00:00,1.09334,1.09355,1.09323,1.09349,215,11,0
2024-01-08 07:15:00,1.09353,1.0936,1.09343,1.09354,150,11,0
2024-01-08 07:30:00,1.09349,1.09349,1.09316,1.09343,260,11,0
2024-01-08 07:45:00,1.09343,1.09371,1.09339,1.0937000000000001,201,11,0
2024-01-08 08:00:00,1.09369,1.094,1.09357,1.09397,237,13,0
2024-01-08 08:15:00,1.09397,1.0943,1.09389,1.09426,150,13,0
2024-01-08 08:30:00,1.09427,1.09437,1.09399,1.09424,249,12,0
2024-01-08 08:45:00,1.09424,1.09462,1.09424,1.09452,227,12,0
2024-01-08 09:00:00,1.09453,1.09517,1.09414,1.09506,380,11,0
2024-01-08 09:15:00,1.09505,1.09506,1.09438,1.0946,336,11,0
2024-01-08 09:30:00,1.09463,1.09467,1.09389,1.09443,390,11,0
2024-01-08 09:45:00,1.09444,1.0948,1.09435,1.09447,412,11,0
2024-01-08 10:00:00,1.09446,1.09446,1.09293,1.09316,556,11,0
2024-01-08 10:15:00,1.09315,1.09352,1.09288,1.09317,543,11,0
2024-01-08 10:30:00,1.09318,1.09387,1.0930900000000001,1.09333,502,11,0
2024-01-08 10:45:00,1.09334,1.09355,1.0931,1.09333,456,11,0
2024-01-08 11:00:00,1.09331,1.09336,1.09268,1.09306,459,11,0
2024-01-08 11:15:00,1.09307,1.09313,1.09244,1.09259,425,11,0
2024-01-08 11:30:00,1.09256,1.09335,1.09221,1.09321,440,11,0
2024-01-08 11:45:00,1.0931899999999999,1.09417,1.0931899999999999,1.09367,420,11,0
2024-01-08 12:00:00,1.09376,1.09405,1.09348,1.0936,422,11,0
2024-01-08 12:15:00,1.0936,1.09397,1.09338,1.09369,365,11,0
2024-01-08 12:30:00,1.09372,1.09423,1.09361,1.09395,368,11,0
2024-01-08 12:45:00,1.09395,1.0943,1.09387,1.09419,375,11,0
2024-01-08 13:00:00,1.09419,1.09477,1.09397,1.09474,351,11,0
2024-01-08 13:15:00,1.09474,1.095,1.09416,1.09419,429,11,0
2024-01-08 13:30:00,1.09419,1.09443,1.09369,1.09369,405,11,0
2024-01-08 13:45:00,1.0937000000000001,1.09397,1.09364,1.09375,369,11,0
2024-01-08 14:00:00,1.09375,1.09475,1.09374,1.09473,413,11,0
2024-01-08 14:15:00,1.09473,1.09477,1.09415,1.09426,332,11,0
2024-01-08 14:30:00,1.09425,1.0943100000000001,1.09367,1.09416,348,11,0
2024-01-08 14:45:00,1.09416,1.09465,1.09408,1.0944099999999999,380,11,0
2024-01-08 15:00:00,1.09443,1.09486,1.09421,1.09435,454,11,0
2024-01-08 15:15:00,1.09435,1.09482,1.0943100000000001,1.09479,463,11,0
2024-01-08 15:30:00,1.09482,1.09556,1.09467,1.09522,519,11,0
2024-01-08 15:45:00,1.09514,1.09516,1.09471,1.09503,670,11,0
2024-01-08 16:00:00,1.09503,1.09582,1.09489,1.09557,892,11,0
2024-01-08 16:15:00,1.09555,1.09591,1.09535,1.09551,722,11,0
2024-01-08 16:30:00,1.0955,1.0962,1.09534,1.09566,893,11,0
2024-01-08 16:45:00,1.09569,1.09604,1.09529,1.09596,914,11,0
2024-01-08 17:00:00,1.09599,1.09662,1.09548,1.09635,760,11,0
2024-01-08 17:15:00,1.09634,1.09713,1.09611,1.09686,696,11,0
2024-01-08 17:30:00,1.09688,1.09712,1.0964,1.0968,736,11,0
2024-01-08 17:45:00,1.0968,1.0974,1.0965799999999999,1.09685,740,11,0
2024-01-08 18:00:00,1.09692,1.09783,1.09679,1.09761,817,11,0
2024-01-08 18:15:00,1.09763,1.09763,1.09707,1.09724,750,11,0
2024-01-08 18:30:00,1.09725,1.09776,1.09722,1.09766,572,11,0
2024-01-08 18:45:00,1.09766,1.09782,1.09711,1.09749,473,11,0
2024-01-08 19:00:00,1.09748,1.09781,1.09718,1.09727,474,11,0
2024-01-08 19:15:00,1.09724,1.09731,1.09656,1.09672,444,11,0
2024-01-08 19:30:00,1.09672,1.09674,1.09629,1.09651,399,11,0
2024-01-08 19:45:00,1.09651,1.09659,1.09619,1.09641,377,11,0
2024-01-08 20:00:00,1.09639,1.09652,1.09596,1.09596,348,11,0
2024-01-08 20:15:00,1.09596,1.09604,1.09558,1.09567,261,11,0
2024-01-08 20:30:00,1.09568,1.09574,1.09483,1.09514,376,11,0
2024-01-08 20:45:00,1.09514,1.0955300000000001,1.09509,1.09548,327,11,0
2024-01-08 21:00:00,1.09549,1.09583,1.09524,1.09577,401,11,0
2024-01-08 21:15:00,1.09577,1.09596,1.09566,1.0957,391,11,0
2024-01-08 21:30:00,1.09573,1.0961,1.09571,1.096,349,11,0
2024-01-08 21:45:00,1.096,1.09622,1.0959,1.09604,292,11,0
2024-01-08 22:00:00,1.09605,1.09605,1.0949200000000001,1.09499,350,11,0
2024-01-08 22:15:00,1.09499,1.09528,1.09489,1.09525,365,11,0
2024-01-08 22:30:00,1.09525,1.0956,1.09519,1.09533,319,12,0
2024-01-08 22:45:00,1.09532,1.09563,1.09507,1.09541,373,11,0
2024-01-08 23:00:00,1.0954,1.09557,1.09532,1.0955,216,11,0
2024-01-08 23:15:00,1.0955,1.09551,1.09509,1.09509,170,11,0
2024-01-08 23:30:00,1.09509,1.09514,1.09494,1.09501,225,11,0
2024-01-08 23:45:00,1.0950199999999999,1.09509,1.0949200000000001,1.09499,211,11,0
2024-01-09 00:00:00,1.09496,1.0952,1.0948,1.09508,96,19,0
2024-01-09 00:15:00,1.09507,1.09515,1.09488,1.0950199999999999,217,18,0
2024-01-09 00:30:00,1.0950199999999999,1.09523,1.09498,1.095,166,18,0
2024-01-09 00:45:00,1.09501,1.09542,1.0949,1.09493,217,19,0
2024-01-09 01:00:00,1.09493,1.09519,1.09486,1.09509,133,11,0
2024-01-09 01:15:00,1.09509,1.09519,1.09508,1.09512,117,11,0
2024-01-09 01:30:00,1.09513,1.09514,1.095,1.09506,171,11,0
2024-01-09 01:45:00,1.09506,1.09508,1.0949,1.0949200000000001,199,11,0
2024-01-09 02:00:00,1.0949200000000001,1.09561,1.09488,1.09559,576,11,0
2024-01-09 02:15:00,1.09559,1.09569,1.09539,1.09556,466,11,0
2024-01-09 02:30:00,1.09556,1.09589,1.09556,1.09573,545,11,0
2024-01-09 02:45:00,1.09573,1.09573,1.09533,1.09546,422,11,0
2024-01-09 03:00:00,1.09546,1.09571,1.09526,1.09526,689,11,0
2024-01-09 03:15:00,1.09526,1.09544,1.09516,1.09536,516,11,0
2024-01-09 03:30:00,1.09536,1.09545,1.09509,1.0952,670,12,0
2024-01-09 03:45:00,1.0952,1.09613,1.0952,1.09609,648,11,0
2024-01-09 04:00:00,1.09611,1.09629,1.09602,1.09608,610,11,0
2024-01-09 04:15:00,1.09608,1.09639,1.09603,1.0961,516,11,0
2024-01-09 04:30:00,1.0961,1.09635,1.09599,1.09631,361,11,0
2024-01-09 04:45:00,1.09631,1.09642,1.09612,1.09621,312,11,0
2024-01-09 05:00:00,1.09621,1.09639,1.09606,1.09627,440,12,0
2024-01-09 05:15:00,1.09627,1.09657,1.09622,1.09629,315,12,0
2024-01-09 05:30:00,1.09629,1.09647,1.0961400000000001,1.09637,298,11,0
2024-01-09 05:45:00,1.09637,1.09644,1.09602,1.09623,315,11,0
2024-01-09 06:00:00,1.09623,1.09625,1.09591,1.09593,286,11,0
2024-01-09 06:15:00,1.09593,1.09598,1.09528,1.0953,277,11,0
2024-01-09 06:30:00,1.0953,1.0956,1.0953,1.09545,406,11,0
2024-01-09 06:45:00,1.09545,1.09583,1.09541,1.09555,230,11,0
2024-01-09 07:00:00,1.09555,1.09557,1.09534,1.09535,211,11,0
2024-01-09 07:15:00,1.09535,1.09545,1.09484,1.0949,332,11,0
2024-01-09 07:30:00,1.0949,1.09512,1.09476,1.09479,328,11,0
2024-01-09 07:45:00,1.09479,1.09497,1.09475,1.09491,426,11,0
2024-01-09 08:00:00,1.09491,1.09527,1.09475,1.09519,520,13,0
2024-01-09 08:15:00,1.09519,1.09544,1.09503,1.09508,436,13,0
2024-01-09 08:30:00,1.09508,1.09522,1.0949,1.09517,506,12,0
2024-01-09 08:45:00,1.09517,1.09523,1.09481,1.09497,502,11,0
2024-01-09 09:00:00,1.09497,1.09538,1.09454,1.0953,894,11,0
2024-01-09 09:15:00,1.0953,1.09588,1.09523,1.09578,654,11,0
2024-01-09 09:30:00,1.09578,1.09624,1.09576,1.0959,744,11,0
2024-01-09 09:45:00,1.09591,1.09598,1.09546,1.09558,913,11,0
2024-01-09 10:00:00,1.09558,1.09561,1.0942,1.09421,1478,11,0
2024-01-09 10:15:00,1.09421,1.09436,1.09381,1.094,1244,11,0
2024-01-09 10:30:00,1.094,1.09457,1.094,1.0945,1219,11,0
2024-01-09 10:45:00,1.0945,1.09513,1.0945,1.0949200000000001,805,11,0
2024-01-09 11:00:00,1.0949200000000001,1.09499,1.09372,1.09378,1221,11,0
2024-01-09 11:15:00,1.09378,1.09428,1.09374,1.09398,1269,11,0
2024-01-09 11:30:00,1.09398,1.09447,1.09383,1.09411,1070,11,0
2024-01-09 11:45:00,1.0941,1.09437,1.09398,1.09435,845,11,0
2024-01-09 12:00:00,1.09436,1.09452,1.09353,1.09359,839,11,0
2024-01-09 12:15:00,1.09359,1.09475,1.09358,1.09456,775,11,0
2024-01-09 12:30:00,1.09455,1.09468,1.09401,1.09403,856,11,0
2024-01-09 12:45:00,1.09403,1.09411,1.09318,1.09349,859,11,0
2024-01-09 13:00:00,1.0935,1.09355,1.09297,1.09301,972,11,0
2024-01-09 13:15:00,1.09301,1.09344,1.09298,1.09341,754,11,0
2024-01-09 13:30:00,1.09341,1.09342,1.09281,1.09289,788,11,0
2024-01-09 13:45:00,1.09289,1.09317,1.09285,1.09307,651,11,0
2024-01-09 14:00:00,1.09307,1.09331,1.09283,1.09317,840,11,0
2024-01-09 14:15:00,1.09316,1.09411,1.09313,1.09388,966,11,0
2024-01-09 14:30:00,1.09388,1.09397,1.09285,1.0932,1030,11,0
2024-01-09 14:45:00,1.0932,1.0941,1.09315,1.094,1082,11,0
2024-01-09 15:00:00,1.09401,1.09463,1.09355,1.09451,1236,11,0
2024-01-09 15:15:00,1.09452,1.0946,1.09324,1.09354,1578,11,0
2024-01-09 15:30:00,1.09354,1.0945,1.0933,1.09384,1965,11,0
2024-01-09 15:45:00,1.09385,1.09461,1.09354,1.09452,1982,11,0
2024-01-09 16:00:00,1.09452,1.0947,1.09376,1.0942,2044,11,0
2024-01-09 16:15:00,1.0942,1.09451,1.09384,1.0942,1098,11,0
2024-01-09 16:30:00,1.09419,1.09507,1.09419,1.09425,1431,11,0
2024-01-09 16:45:00,1.09426,1.09461,1.09393,1.0945,943,11,0
2024-01-09 17:00:00,1.0945,1.09462,1.09382,1.09409,824,11,0
2024-01-09 17:15:00,1.09409,1.09443,1.09346,1.09365,693,11,0
2024-01-09 17:30:00,1.09364,1.09367,1.09282,1.09282,804,11,0
2024-01-09 17:45:00,1.09274,1.09285,1.09171,1.09173,958,11,0
2024-01-09 18:00:00,1.09173,1.09202,1.09096,1.09158,818,11,0
2024-01-09 18:15:00,1.09158,1.09276,1.0915300000000001,1.09255,663,11,0
2024-01-09 18:30:00,1.09256,1.09292,1.09219,1.09226,527,11,0
2024-01-09 18:45:00,1.09227,1.09345,1.09226,1.09338,476,11,0
2024-01-09 19:00:00,1.09336,1.0936,1.09296,1.09321,625,11,0
2024-01-09 19:15:00,1.09321,1.09384,1.09301,1.09371,500,11,0
2024-01-09 19:30:00,1.09377,1.09386,1.09328,1.09364,563,11,0
2024-01-09 19:45:00,1.09364,1.09381,1.09329,1.09335,579,11,0
2024-01-09 20:00:00,1.09337,1.09391,1.0931899999999999,1.0937000000000001,644,11,0
2024-01-09 20:15:00,1.09369,1.09385,1.09276,1.09279,562,11,0
2024-01-09 20:30:00,1.09279,1.0928,1.09225,1.09232,507,11,0
2024-01-09 20:45:00,1.09232,1.09262,1.09217,1.09236,473,11,0
2024-01-09 21:00:00,1.09236,1.0928,1.0923,1.09242,412,11,0
2024-01-09 21:15:00,1.09235,1.09242,1.09212,1.09221,442,11,0
2024-01-09 21:30:00,1.09219,1.09227,1.09195,1.09201,345,11,0
2024-01-09 21:45:00,1.09201,1.09247,1.09194,1.09247,418,11,0
2024-01-09 22:00:00,1.0925,1.09291,1.09247,1.09275,517,11,0
2024-01-09 22:15:00,1.09275,1.0929,1.09262,1.09276,431,11,0
2024-01-09 22:30:00,1.09276,1.0929,1.09265,1.09272,425,11,0
2024-01-09 22:45:00,1.09267,1.0928,1.09244,1.09274,405,11,0
2024-01-09 23:00:00,1.09273,1.09294,1.09271,1.09286,206,11,0
2024-01-09 23:15:00,1.09286,1.09302,1.09282,1.09294,186,11,0
2024-01-09 23:30:00,1.09295,1.09304,1.09293,1.09297,199,11,0
2024-01-09 23:45:00,1.09297,1.0930900000000001,1.09296,1.09306,161,11,0
2024-01-10 00:00:00,1.09284,1.09284,1.09252,1.0928,77,15,0
2024-01-10 00:15:00,1.0928,1.09287,1.09254,1.09267,97,19,0
2024-01-10 00:30:00,1.09269,1.09285,1.09268,1.09283,109,23,0
2024-01-10 00:45:00,1.09283,1.09288,1.09274,1.09275,89,21,0
2024-01-10 01:00:00,1.09279,1.09324,1.09279,1.09316,95,11,0
2024-01-10 01:15:00,1.09317,1.09318,1.09311,1.09314,85,12,0
2024-01-10 01:30:00,1.09315,1.09315,1.09291,1.09299,129,11,0
2024-01-10 01:45:00,1.09299,1.09312,1.09296,1.09311,124,11,0
2024-01-10 02:00:00,1.09311,1.09349,1.09308,1.09348,351,11,0
2024-01-10 02:15:00,1.09348,1.09358,1.0934,1.09351,307,11,0
2024-01-10 02:30:00,1.09352,1.09353,1.09296,1.09297,490,11,0
2024-01-10 02:45:00,1.09297,1.09329,1.09285,1.09301,583,11,0
2024-01-10 03:00:00,1.09301,1.09302,1.09254,1.09267,600,11,0
2024-01-10 03:15:00,1.09267,1.09287,1.0926,1.09278,670,11,0
2024-01-10 03:30:00,1.09278,1.09328,1.09275,1.09308,627,11,0
2024-01-10 03:45:00,1.09308,1.09323,1.09292,1.09317,459,12,0
2024-01-10 04:00:00,1.09317,1.09333,1.09311,1.09316,500,11,0
2024-01-10 04:15:00,1.09316,1.09346,1.09314,1.09327,393,11,0
2024-01-10 04:30:00,1.09327,1.09338,1.0931,1.09337,433,11,0
2024-01-10 04:45:00,1.09337,1.09354,1.0931,1.09332,380,11,0
2024-01-10 05:00:00,1.09332,1.09342,1.09307,1.09326,454,11,0
2024-01-10 05:15:00,1.09326,1.09354,1.09324,1.09339,346,11,0
2024-01-10 05:30:00,1.09339,1.09343,1.09306,1.09311,431,11,0
2024-01-10 05:45:00,1.09311,1.09315,1.09271,1.09285,436,12,0
2024-01-10 06:00:00,1.09284,1.09302,1.09282,1.093,264,11,0
2024-01-10 06:15:00,1.093,1.0930900000000001,1.09291,1.09303,255,11,0
2024-01-10 06:30:00,1.09303,1.09323,1.09294,1.09317,288,11,0
2024-01-10 06:45:00,1.09317,1.09325,1.09301,1.09313,317,11,0
2024-01-10 07:00:00,1.09315,1.09326,1.09297,1.09307,250,11,0
2024-01-10 07:15:00,1.09307,1.09331,1.09299,1.09321,305,11,0
2024-01-10 07:30:00,1.09321,1.09334,1.09316,1.09323,245,11,0
2024-01-10 07:45:00,1.09323,1.09325,1.09301,1.09317,409,11,0
2024-01-10 08:00:00,1.09315,1.09315,1.0927,1.09281,407,13,0
2024-01-10 08:15:00,1.09281,1.09329,1.09264,1.09305,480,12,0
2024-01-10 08:30:00,1.09305,1.09307,1.09267,1.09273,396,11,0
2024-01-10 08:45:00,1.09273,1.09288,1.09229,1.0924,650,12,0
2024-01-10 09:00:00,1.09245,1.09287,1.0924,1.09267,915,11,0
2024-01-10 09:15:00,1.09267,1.09341,1.0925,1.09323,1010,11,0
2024-01-10 09:30:00,1.09323,1.09398,1.09315,1.09394,1166,11,0
2024-01-10 09:45:00,1.09396,1.09447,1.09252,1.09256,1674,11,0
2024-01-10 10:00:00,1.09256,1.09333,1.09223,1.09301,1918,11,0
2024-01-10 10:15:00,1.09301,1.09416,1.09292,1.09404,1268,11,0
2024-01-10 10:30:00,1.09404,1.09404,1.0936,1.09383,1146,11,0
2024-01-10 10:45:00,1.09383,1.09443,1.09375,1.09428,1208,11,0
2024-01-10 11:00:00,1.09428,1.09484,1.0941,1.09473,1113,11,0
2024-01-10 11:15:00,1.09473,1.09495,1.09455,1.09472,878,11,0
2024-01-10 11:30:00,1.09472,1.09513,1.09467,1.09474,837,11,0
2024-01-10 11:45:00,1.09473,1.09485,1.09442,1.09466,996,11,0
2024-01-10 12:00:00,1.09466,1.09538,1.09445,1.09506,1065,11,0
2024-01-10 12:15:00,1.09506,1.09543,1.09486,1.09526,773,11,0
2024-01-10 12:30:00,1.09528,1.09528,1.09465,1.09477,904,11,0
2024-01-10 12:45:00,1.09477,1.09526,1.09468,1.09487,646,11,0
2024-01-10 13:00:00,1.09487,1.09548,1.09475,1.09529,778,11,0
2024-01-10 13:15:00,1.09528,1.09533,1.09439,1.09442,782,11,0
2024-01-10 13:30:00,1.09442,1.09455,1.0941,1.09443,834,11,0
2024-01-10 13:45:00,1.09442,1.09466,1.09425,1.09453,633,11,0
2024-01-10 14:00:00,1.09453,1.09499,1.09451,1.09483,657,11,0
2024-01-10 14:15:00,1.09483,1.09489,1.09447,1.09482,578,11,0
2024-01-10 14:30:00,1.09482,1.09498,1.09424,1.09442,823,11,0
2024-01-10 14:45:00,1.09442,1.09464,1.0943,1.09432,904,11,0
2024-01-10 15:00:00,1.09432,1.09512,1.09407,1.09505,1046,11,0
2024-01-10 15:15:00,1.09505,1.09514,1.09415,1.09455,1426,11,0
2024-01-10 15:30:00,1.09458,1.0948,1.09421,1.09421,1359,11,0
2024-01-10 15:45:00,1.09422,1.09439,1.094,1.09401,963,11,0
2024-01-10 16:00:00,1.09401,1.09411,1.09367,1.09392,930,11,0
2024-01-10 16:15:00,1.09392,1.09393,1.09347,1.09375,846,11,0
2024-01-10 16:30:00,1.09375,1.094,1.09327,1.09363,1127,11,0
2024-01-10 16:45:00,1.09363,1.09397,1.09314,1.09394,717,11,0
2024-01-10 17:00:00,1.09395,1.09462,1.09351,1.0944099999999999,665,11,0
2024-01-10 17:15:00,1.09444,1.09482,1.09439,1.09467,624,11,0
2024-01-10 17:30:00,1.09468,1.09649,1.09466,1.09631,735,11,0
2024-01-10 17:45:00,1.09631,1.09685,1.09628,1.09667,755,11,0
2024-01-10 18:00:00,1.09668,1.09685,1.09611,1.09612,624,11,0
2024-01-10 18:15:00,1.09613,1.09632,1.09565,1.09591,566,11,0
2024-01-10 18:30:00,1.09591,1.09592,1.0952,1.09551,494,11,0
2024-01-10 18:45:00,1.09551,1.09592,1.09531,1.09586,430,11,0
2024-01-10 19:00:00,1.09589,1.0964,1.09576,1.09634,420,11,0
2024-01-10 19:15:00,1.09628,1.09663,1.0962,1.09656,308,11,0
2024-01-10 19:30:00,1.09656,1.09676,1.09647,1.0967,418,11,0
2024-01-10 19:45:00,1.0967,1.09671,1.09639,1.09666,394,11,0
2024-01-10 20:00:00,1.09666,1.0968,1.09587,1.09638,607,11,0
2024-01-10 20:15:00,1.09639,1.0969,1.09633,1.09682,381,11,0
2024-01-10 20:30:00,1.09682,1.09684,1.09647,1.09667,322,11,0
2024-01-10 20:45:00,1.09667,1.09693,1.09652,1.09689,258,11,0
2024-01-10 21:00:00,1.0969,1.09703,1.09667,1.09683,339,11,0
2024-01-10 21:15:00,1.09683,1.09696,1.09673,1.09687,331,11,0
2024-01-10 21:30:00,1.09685,1.09698,1.09664,1.09691,386,11,0
2024-01-10 21:45:00,1.09691,1.09702,1.09663,1.09698,348,11,0
2024-01-10 22:00:00,1.09698,1.09722,1.09631,1.09651,301,11,0
2024-01-10 22:15:00,1.09652,1.0972,1.09617,1.0963,730,11,0
2024-01-10 22:30:00,1.09628,1.09656,1.0961,1.09628,607,11,0
2024-01-10 22:45:00,1.09628,1.09654,1.0961400000000001,1.09651,491,11,0
2024-01-10 23:00:00,1.09649,1.09681,1.09642,1.09679,268,11,0
2024-01-10 23:15:00,1.09679,1.09695,1.09677,1.09692,219,11,0
2024-01-10 23:30:00,1.09691,1.09718,1.09689,1.09717,212,11,0
2024-01-10 23:45:00,1.09717,1.09724,1.09708,1.09721,155,11,0
2024-01-11 00:00:00,1.09671,1.0971899999999999,1.09659,1.09697,82,14,0
2024-01-11 00:15:00,1.09697,1.09715,1.09685,1.097,236,13,0
2024-01-11 00:30:00,1.09698,1.09707,1.09689,1.09705,82,15,0
2024-01-11 00:45:00,1.09705,1.09715,1.09698,1.09712,75,15,0
2024-01-11 01:00:00,1.09722,1.09725,1.09706,1.09722,122,11,0
2024-01-11 01:15:00,1.09723,1.09729,1.0971,1.09723,133,11,0
2024-01-11 01:30:00,1.09723,1.0973,1.0972,1.09727,175,11,0
2024-01-11 01:45:00,1.09727,1.09741,1.09726,1.09735,150,11,0
2024-01-11 02:00:00,1.09735,1.09747,1.09724,1.09731,250,11,0
2024-01-11 02:15:00,1.09731,1.09758,1.0973,1.09751,318,11,0
2024-01-11 02:30:00,1.09751,1.09764,1.09743,1.09761,410,11,0
2024-01-11 02:45:00,1.09761,1.09783,1.09748,1.09773,529,11,0
2024-01-11 03:00:00,1.09773,1.09789,1.0976,1.09774,634,11,0
2024-01-11 03:15:00,1.09776,1.09781,1.09751,1.09765,500,11,0
2024-01-11 03:30:00,1.09764,1.09767,1.09746,1.09752,711,11,0
2024-01-11 03:45:00,1.09751,1.09796,1.09751,1.09785,589,11,0
2024-01-11 04:00:00,1.09785,1.09799,1.0977,1.09796,435,11,0
2024-01-11 04:15:00,1.09796,1.09843,1.09794,1.09796,675,11,0
2024-01-11 04:30:00,1.09796,1.09804,1.09765,1.09778,477,11,0
2024-01-11 04:45:00,1.09778,1.09794,1.09766,1.09775,496,11,0
2024-01-11 05:00:00,1.09775,1.09787,1.09766,1.09776,314,11,0
2024-01-11 05:15:00,1.09776,1.09792,1.09775,1.09781,242,11,0
2024-01-11 05:30:00,1.09781,1.09804,1.09776,1.09784,293,11,0
2024-01-11 05:45:00,1.09784,1.09806,1.09778,1.0979700000000001,294,11,0
2024-01-11 06:00:00,1.0979700000000001,1.09822,1.09796,1.09806,332,11,0
2024-01-11 06:15:00,1.09806,1.09809,1.09786,1.09793,282,11,0
2024-01-11 06:30:00,1.09793,1.09796,1.09768,1.09781,285,11,0
2024-01-11 06:45:00,1.09781,1.09794,1.0977,1.09771,276,11,0
2024-01-11 07:00:00,1.09771,1.09808,1.0975,1.09807,392,11,0
2024-01-11 07:15:00,1.09807,1.09809,1.09776,1.0979,441,11,0
2024-01-11 07:30:00,1.0979,1.09795,1.09777,1.09788,369,11,0
2024-01-11 07:45:00,1.09788,1.09799,1.09775,1.09779,387,11,0
2024-01-11 08:00:00,1.09779,1.09796,1.09739,1.09785,394,11,0
2024-01-11 08:15:00,1.09785,1.09837,1.09776,1.09831,429,11,0
2024-01-11 08:30:00,1.09831,1.09879,1.09825,1.09856,565,11,0
2024-01-11 08:45:00,1.09856,1.0985800000000001,1.0983,1.09852,356,11,0
2024-01-11 09:00:00,1.09852,1.09863,1.09832,1.09847,769,11,0
2024-01-11 09:15:00,1.09844,1.09855,1.09818,1.09821,511,11,0
2024-01-11 09:30:00,1.09821,1.09823,1.09783,1.09789,888,11,0
2024-01-11 09:45:00,1.09789,1.09815,1.09767,1.09784,744,11,0
2024-01-11 10:00:00,1.09784,1.0979,1.09712,1.0975,1070,11,0
2024-01-11 10:15:00,1.0975,1.09801,1.09741,1.09798,934,11,0
2024-01-11 10:30:00,1.09798,1.09809,1.0974,1.09746,939,11,0
2024-01-11 10:45:00,1.09746,1.09751,1.09715,1.09744,870,11,0
2024-01-11 11:00:00,1.09744,1.09746,1.0966,1.0967500000000001,1082,11,0
2024-01-11 11:15:00,1.0967500000000001,1.09684,1.0965,1.09671,693,11,0
2024-01-11 11:30:00,1.09671,1.09671,1.09584,1.09589,1190,11,0
2024-01-11 11:45:00,1.09589,1.09653,1.09589,1.09632,913,11,0
2024-01-11 12:00:00,1.09632,1.09642,1.09581,1.0963,1040,11,0
2024-01-11 12:15:00,1.0963,1.09674,1.09626,1.09647,858,11,0
2024-01-11 12:30:00,1.09647,1.09677,1.09637,1.09656,825,11,0
2024-01-11 12:45:00,1.09656,1.09691,1.09621,1.09683,774,11,0
2024-01-11 13:00:00,1.09683,1.0977,1.0967,1.09764,1046,11,0
2024-01-11 13:15:00,1.09764,1.0982,1.09752,1.09801,820,11,0
2024-01-11 13:30:00,1.098,1.09811,1.09766,1.09785,670,11,0
2024-01-11 13:45:00,1.09785,1.098,1.09767,1.09782,859,11,0
2024-01-11 14:00:00,1.09782,1.09803,1.09757,1.098,840,11,0
2024-01-11 14:15:00,1.098,1.09801,1.09757,1.09777,824,11,0
2024-01-11 14:30:00,1.09777,1.09843,1.09777,1.0984099999999999,845,11,0
2024-01-11 14:45:00,1.0984,1.099,1.09824,1.09833,956,11,0
2024-01-11 15:00:00,1.09832,1.09873,1.09822,1.09849,938,11,0
2024-01-11 15:15:00,1.09849,1.0990199999999999,1.09845,1.09877,654,11,0
2024-01-11 15:30:00,1.09844,1.09971,1.09396,1.09516,1531,13,0
2024-01-11 15:45:00,1.09521,1.0965,1.09349,1.09383,1354,11,0
2024-01-11 16:00:00,1.09393,1.0948,1.0930900000000001,1.09472,1214,11,0
2024-01-11 16:15:00,1.09472,1.09633,1.09434,1.0957,1103,11,0
2024-01-11 16:30:00,1.0957,1.0973,1.09474,1.09522,1302,11,0
2024-01-11 16:45:00,1.09523,1.09552,1.09447,1.09535,1188,11,0
2024-01-11 17:00:00,1.09535,1.09535,1.09297,1.09302,1171,11,0
2024-01-11 17:15:00,1.09303,1.095,1.09301,1.09468,1089,11,0
2024-01-11 17:30:00,1.09467,1.09622,1.09467,1.09615,1163,11,0
2024-01-11 17:45:00,1.09617,1.09618,1.09411,1.09459,1092,11,0
2024-01-11 18:00:00,1.0946,1.09505,1.09436,1.0945,967,11,0
2024-01-11 18:15:00,1.09447,1.09534,1.09429,1.09468,935,11,0
2024-01-11 18:30:00,1.09468,1.09472,1.09393,1.0943100000000001,798,11,0
2024-01-11 18:45:00,1.09429,1.09565,1.09363,1.09418,958,11,0
2024-01-11 19:00:00,1.09418,1.09518,1.09417,1.09512,825,11,0
2024-01-11 19:15:00,1.09513,1.09528,1.09439,1.09451,836,11,0
2024-01-11 19:30:00,1.09452,1.09496,1.09408,1.0949200000000001,736,11,0
2024-01-11 19:45:00,1.09497,1.0954,1.09481,1.09503,594,11,0
2024-01-11 20:00:00,1.09504,1.09583,1.09493,1.09566,822,11,0
2024-01-11 20:15:00,1.09567,1.09599,1.09551,1.09567,686,11,0
2024-01-11 20:30:00,1.09566,1.09585,1.0954,1.09566,543,11,0
2024-01-11 20:45:00,1.09563,1.09653,1.09556,1.09642,514,11,0
2024-01-11 21:00:00,1.09646,1.09744,1.09643,1.09737,575,11,0
2024-01-11 21:15:00,1.09739,1.09799,1.09682,1.0977999999999999,658,11,0
2024-01-11 21:30:00,1.09781,1.09813,1.0974,1.09786,664,11,0
2024-01-11 21:45:00,1.09785,1.09824,1.09783,1.09814,558,11,0
2024-01-11 22:00:00,1.09814,1.0982,1.09647,1.09653,749,11,0
2024-01-11 22:15:00,1.09652,1.0966,1.09556,1.09601,686,11,0
2024-01-11 22:30:00,1.09594,1.09646,1.09576,1.09642,554,12,0
2024-01-11 22:45:00,1.09643,1.09721,1.09624,1.09709,588,11,0
2024-01-11 23:00:00,1.09708,1.09734,1.09698,1.09708,348,11,0
2024-01-11 23:15:00,1.09709,1.09729,1.09696,1.09716,315,11,0
2024-01-11 23:30:00,1.09716,1.09746,1.09713,1.09742,367,11,0
2024-01-11 23:45:00,1.09743,1.09743,1.09713,1.09728,247,11,0
2024-01-12 00:00:00,1.0964,1.09734,1.09621,1.09711,89,15,0
2024-01-12 00:15:00,1.09711,1.0973,1.09702,1.09725,119,19,0
2024-01-12 00:30:00,1.09723,1.09735,1.0971899999999999,1.09729,332,22,0
2024-01-12 00:45:00,1.09729,1.09731,1.09712,1.09715,318,21,0
2024-01-12 01:00:00,1.09715,1.09748,1.09692,1.09748,338,11,0
2024-01-12 01:15:00,1.09747,1.09764,1.09738,1.09753,327,11,0
2024-01-12 01:30:00,1.09753,1.09803,1.0975,1.09802,556,12,0
2024-01-12 01:45:00,1.09802,1.09819,1.09789,1.09818,261,11,0
2024-01-12 02:00:00,1.09818,1.09842,1.09798,1.09799,537,11,0
2024-01-12 02:15:00,1.09799,1.0981,1.09784,1.09787,846,11,0
2024-01-12 02:30:00,1.09787,1.09788,1.09734,1.09748,538,11,0
2024-01-12 02:45:00,1.09748,1.09787,1.09744,1.0975,477,11,0
2024-01-12 03:00:00,1.0975,1.09756,1.0972,1.09735,625,11,0
2024-01-12 03:15:00,1.0973600000000001,1.09775,1.09727,1.09757,636,11,0
2024-01-12 03:30:00,1.09757,1.09836,1.0975,1.09814,737,11,0
2024-01-12 03:45:00,1.09814,1.09837,1.09806,1.09822,521,11,0
2024-01-12 04:00:00,1.09822,1.09847,1.09811,1.09832,559,11,0
2024-01-12 04:15:00,1.09832,1.09837,1.09795,1.09808,482,11,0
2024-01-12 04:30:00,1.09807,1.09817,1.09774,1.09781,405,11,0
2024-01-12 04:45:00,1.09781,1.09818,1.09779,1.09789,530,11,0
2024-01-12 05:00:00,1.09789,1.0982,1.09789,1.09812,286,11,0
2024-01-12 05:15:00,1.09812,1.09818,1.09801,1.09813,291,11,0
2024-01-12 05:30:00,1.09811,1.09823,1.09765,1.09777,358,11,0
2024-01-12 05:45:00,1.09777,1.09788,1.09771,1.09772,159,11,0
2024-01-12 06:00:00,1.09772,1.09772,1.09737,1.09743,282,11,0
2024-01-12 06:15:00,1.09743,1.09751,1.09725,1.09743,321,11,0
2024-01-12 06:30:00,1.09743,1.09756,1.09732,1.09753,335,11,0
2024-01-12 06:45:00,1.09753,1.09767,1.09746,1.09751,246,11,0
2024-01-12 07:00:00,1.09751,1.09792,1.0975,1.09782,316,11,0
2024-01-12 07:15:00,1.09782,1.09796,1.09761,1.09766,349,11,0
2024-01-12 07:30:00,1.09766,1.09766,1.09746,1.0976,369,11,0
2024-01-12 07:45:00,1.0976,1.09768,1.09732,1.09749,461,11,0
2024-01-12 08:00:00,1.09749,1.09782,1.09724,1.09771,447,11,0
2024-01-12 08:15:00,1.09771,1.09781,1.09766,1.09769,215,11,0
2024-01-12 08:30:00,1.09769,1.09771,1.09745,1.09745,383,11,0
2024-01-12 08:45:00,1.09745,1.0977,1.0973,1.09745,431,11,0
2024-01-12 09:00:00,1.09745,1.0977,1.09653,1.0966,1167,11,0
2024-01-12 09:15:00,1.0966,1.09691,1.09651,1.0967,635,11,0
2024-01-12 09:30:00,1.0967,1.09683,1.09602,1.09631,968,11,0
2024-01-12 09:45:00,1.0963,1.09683,1.09617,1.09661,796,11,0
2024-01-12 10:00:00,1.09655,1.09766,1.09644,1.09753,1354,11,0
2024-01-12 10:15:00,1.09753,1.09787,1.09712,1.09772,1102,11,0
2024-01-12 10:30:00,1.0977,1.09823,1.09695,1.09726,1145,11,0
2024-01-12 10:45:00,1.09726,1.09758,1.0968,1.09745,1164,11,0
2024-01-12 11:00:00,1.09746,1.09794,1.09731,1.09769,897,11,0
2024-01-12 11:15:00,1.09769,1.09774,1.09676,1.09697,990,11,0
2024-01-12 11:30:00,1.09697,1.09697,1.0965,1.09677,1012,11,0
2024-01-12 11:45:00,1.09677,1.09687,1.09604,1.09618,955,11,0
2024-01-12 12:00:00,1.09618,1.09622,1.09564,1.0959,897,11,0
2024-01-12 12:15:00,1.0959,1.09611,1.09563,1.09604,662,11,0
2024-01-12 12:30:00,1.09604,1.09635,1.09586,1.09622,734,11,0
2024-01-12 12:45:00,1.09622,1.09627,1.09562,1.09593,950,11,0
2024-01-12 13:00:00,1.09593,1.09612,1.09567,1.09585,775,11,0
2024-01-12 13:15:00,1.09585,1.09615,1.09509,1.09534,862,11,0
2024-01-12 13:30:00,1.09533,1.09543,1.0948,1.09488,884,11,0
2024-01-12 13:45:00,1.09489,1.09523,1.0946,1.0949,906,11,0
2024-01-12 14:00:00,1.0949,1.09512,1.09448,1.09458,1132,11,0
2024-01-12 14:15:00,1.09457,1.09496,1.09408,1.09465,951,11,0
2024-01-12 14:30:00,1.09465,1.0949,1.0941,1.09426,913,11,0
2024-01-12 14:45:00,1.09426,1.09428,1.09364,1.09372,993,11,0
2024-01-12 15:00:00,1.09373,1.0944099999999999,1.09353,1.09436,1504,11,0
2024-01-12 15:15:00,1.09436,1.09505,1.09421,1.09501,1466,11,0
2024-01-12 15:30:00,1.095,1.0969,1.095,1.09579,1409,11,0
2024-01-12 15:45:00,1.09579,1.0959699999999999,1.0944099999999999,1.0955,1069,11,0
2024-01-12 16:00:00,1.09548,1.09654,1.09523,1.09561,1049,11,0
2024-01-12 16:15:00,1.09561,1.09678,1.09554,1.09673,913,11,0
2024-01-12 16:30:00,1.09676,1.09827,1.09676,1.09814,1018,11,0
2024-01-12 16:45:00,1.09814,1.09844,1.09732,1.09749,961,11,0
2024-01-12 17:00:00,1.09752,1.09863,1.09707,1.09831,998,11,0
2024-01-12 17:15:00,1.09832,1.09847,1.09772,1.09781,885,11,0
2024-01-12 17:30:00,1.09788,1.09824,1.09705,1.0973,875,11,0
2024-01-12 17:45:00,1.0973,1.09739,1.09618,1.09659,976,11,0
2024-01-12 18:00:00,1.09657,1.09734,1.09653,1.09682,823,11,0
2024-01-12 18:15:00,1.09679,1.09733,1.09657,1.0972,739,11,0
2024-01-12 18:30:00,1.0971899999999999,1.09726,1.09607,1.09643,770,11,0
2024-01-12 18:45:00,1.09638,1.09638,1.09575,1.09575,729,11,0
2024-01-12 19:00:00,1.09573,1.09581,1.09516,1.0954,614,11,0
2024-01-12 19:15:00,1.09543,1.09554,1.09497,1.0953,528,11,0
2024-01-12 19:30:00,1.0953,1.09533,1.09476,1.09506,506,11,0
2024-01-12 19:45:00,1.09506,1.09518,1.09465,1.0949200000000001,505,11,0
2024-01-12 20:00:00,1.09491,1.0956,1.09486,1.0955,484,11,0
2024-01-12 20:15:00,1.0955,1.09572,1.09534,1.09569,449,11,0
2024-01-12 20:30:00,1.09571,1.09588,1.09546,1.09556,366,11,0
2024-01-12 20:45:00,1.09555,1.09591,1.09551,1.09589,349,11,0
2024-01-12 21:00:00,1.09585,1.09629,1.09583,1.09624,325,11,0
2024-01-12 21:15:00,1.09622,1.09625,1.09595,1.09598,344,11,0
2024-01-12 21:30:00,1.0959699999999999,1.09606,1.09542,1.09547,463,11,0
2024-01-12 21:45:00,1.09546,1.09589,1.09532,1.09554,359,11,0
2024-01-12 22:00:00,1.0955300000000001,1.09559,1.09527,1.09539,320,11,0
2024-01-12 22:15:00,1.09539,1.09554,1.09516,1.09539,313,11,0
2024-01-12 22:30:00,1.09537,1.0955,1.09522,1.09526,294,11,0
2024-01-12 22:45:00,1.09525,1.09532,1.09499,1.09506,406,11,0
2024-01-12 23:00:00,1.09507,1.09521,1.09491,1.09491,251,11,0
2024-01-12 23:15:00,1.09493,1.09514,1.09485,1.09487,190,12,0
2024-01-12 23:30:00,1.09489,1.09489,1.09475,1.09485,302,11,0
2024-01-12 23:45:00,1.09484,1.09511,1.09482,1.09498,211,11,0
2024-01-15 00:00:00,1.0945,1.09471,1.09414,1.09444,333,21,0
2024-01-15 00:15:00,1.09444,1.09483,1.09436,1.09474,367,23,0
2024-01-15 00:30:00,1.09471,1.09486,1.09469,1.09472,77,15,0
2024-01-15 00:45:00,1.09472,1.09497,1.09472,1.09476,170,16,0
2024-01-15 01:00:00,1.09476,1.09484,1.09444,1.09472,315,11,0
2024-01-15 01:15:00,1.09472,1.09476,1.09459,1.09462,222,11,0
2024-01-15 01:30:00,1.09462,1.09472,1.09446,1.09462,284,11,0
2024-01-15 01:45:00,1.09462,1.09462,1.09435,1.09445,285,11,0
2024-01-15 02:00:00,1.09445,1.09448,1.09401,1.09424,553,11,0
2024-01-15 02:15:00,1.09424,1.09466,1.09419,1.09454,538,11,0
2024-01-15 02:30:00,1.09453,1.09495,1.09448,1.09487,612,11,0
2024-01-15 02:45:00,1.09487,1.09534,1.09487,1.09529,827,11,0
2024-01-15 03:00:00,1.09529,1.0955,1.09521,1.09532,456,11,0
2024-01-15 03:15:00,1.09532,1.09534,1.09489,1.0949200000000001,721,11,0
2024-01-15 03:30:00,1.0949200000000001,1.09537,1.0949200000000001,1.09535,757,11,0
2024-01-15 03:45:00,1.09535,1.09556,1.09525,1.09542,414,11,0
2024-01-15 04:00:00,1.09542,1.09594,1.09542,1.09594,361,11,0
2024-01-15 04:15:00,1.09594,1.0964,1.09594,1.09624,548,11,0
2024-01-15 04:30:00,1.09624,1.0963,1.09609,1.09622,408,11,0
2024-01-15 04:45:00,1.09622,1.09649,1.09612,1.09644,346,11,0
2024-01-15 05:00:00,1.09644,1.09669,1.09642,1.0965799999999999,327,11,0
2024-01-15 05:15:00,1.0965799999999999,1.0967,1.09644,1.0965,284,11,0
2024-01-15 05:30:00,1.0965,1.09656,1.09629,1.09647,380,11,0
2024-01-15 05:45:00,1.09647,1.0966,1.09632,1.09634,349,11,0
2024-01-15 06:00:00,1.09636,1.09639,1.09605,1.0961400000000001,315,11,0
2024-01-15 06:15:00,1.0961400000000001,1.09619,1.09582,1.09586,307,11,0
2024-01-15 06:30:00,1.09586,1.09609,1.0958,1.09604,226,11,0
2024-01-15 06:45:00,1.09604,1.09624,1.09601,1.09623,185,11,0
2024-01-15 07:00:00,1.09623,1.09632,1.09617,1.09627,205,11,0
2024-01-15 07:15:00,1.09627,1.0963,1.096,1.0962,236,11,0
2024-01-15 07:30:00,1.0962,1.0965,1.09615,1.09643,380,11,0
2024-01-15 07:45:00,1.09643,1.09654,1.09625,1.09635,325,11,0
2024-01-15 08:00:00,1.09636,1.09654,1.09618,1.09652,431,11,0
2024-01-15 08:15:00,1.09652,1.09661,1.0963,1.09636,395,11,0
2024-01-15 08:30:00,1.09636,1.09656,1.09625,1.09653,340,11,0
2024-01-15 08:45:00,1.09654,1.09656,1.09627,1.09634,342,11,0
2024-01-15 09:00:00,1.09634,1.09656,1.09602,1.09635,830,11,0
2024-01-15 09:15:00,1.09635,1.09635,1.0957,1.0959699999999999,885,11,0
2024-01-15 09:30:00,1.0959699999999999,1.09617,1.0955,1.09576,897,11,0
2024-01-15 09:45:00,1.09576,1.09584,1.09509,1.09529,893,11,0
2024-01-15 10:00:00,1.09533,1.09635,1.09531,1.09622,1168,11,0
2024-01-15 10:15:00,1.09622,1.09644,1.09585,1.09618,1166,11,0
2024-01-15 10:30:00,1.09618,1.09625,1.09563,1.09595,1367,11,0
2024-01-15 10:45:00,1.09595,1.09601,1.09566,1.09574,968,11,0
2024-01-15 11:00:00,1.09574,1.09583,1.09507,1.09544,842,11,0
2024-01-15 11:15:00,1.09543,1.09551,1.09516,1.09534,738,11,0
2024-01-15 11:30:00,1.09534,1.09556,1.09444,1.09451,1039,11,0
2024-01-15 11:45:00,1.09451,1.09481,1.09425,1.09461,1160,11,0
2024-01-15 12:00:00,1.09461,1.09462,1.09366,1.0937999999999999,1252,11,0
2024-01-15 12:15:00,1.0937999999999999,1.0937999999999999,1.09328,1.09349,972,11,0
2024-01-15 12:30:00,1.09349,1.09381,1.0934,1.09357,920,11,0
2024-01-15 12:45:00,1.09357,1.09414,1.09337,1.09396,694,11,0
2024-01-15 13:00:00,1.09396,1.0942,1.09394,1.09419,723,11,0
2024-01-15 13:15:00,1.09419,1.09457,1.094,1.09456,631,11,0
2024-01-15 13:30:00,1.09457,1.09485,1.09432,1.09456,662,11,0
2024-01-15 13:45:00,1.09456,1.09467,1.09408,1.09448,683,11,0
2024-01-15 14:00:00,1.09448,1.09543,1.09432,1.09542,714,11,0
2024-01-15 14:15:00,1.09542,1.09561,1.09486,1.09499,863,11,0
2024-01-15 14:30:00,1.09499,1.09585,1.09459,1.09538,1031,11,0
2024-01-15 14:45:00,1.09538,1.09572,1.0950199999999999,1.09532,950,11,0
2024-01-15 15:00:00,1.09532,1.09536,1.09436,1.09453,1292,11,0
2024-01-15 15:15:00,1.09453,1.09507,1.09445,1.09469,934,11,0
2024-01-15 15:30:00,1.09469,1.09523,1.09459,1.0949200000000001,929,11,0
2024-01-15 15:45:00,1.0949200000000001,1.09517,1.09479,1.09499,515,11,0
2024-01-15 16:00:00,1.09501,1.09514,1.09389,1.09393,716,11,0
2024-01-15 16:15:00,1.09393,1.0943,1.09381,1.09414,634,11,0
2024-01-15 16:30:00,1.09414,1.09434,1.09393,1.09423,642,11,0
2024-01-15 16:45:00,1.09422,1.09433,1.09395,1.09429,477,11,0
2024-01-15 17:00:00,1.09428,1.09451,1.09377,1.09404,535,11,0
2024-01-15 17:15:00,1.09406,1.09461,1.094,1.09447,508,11,0
2024-01-15 17:30:00,1.09448,1.09448,1.09376,1.09406,443,11,0
2024-01-15 17:45:00,1.09404,1.09504,1.09403,1.0949200000000001,549,11,0
2024-01-15 18:00:00,1.0949200000000001,1.0951,1.09471,1.09483,484,11,0
2024-01-15 18:15:00,1.09483,1.09519,1.09467,1.09519,265,11,0
2024-01-15 18:30:00,1.09519,1.09519,1.09461,1.0947,366,11,0
2024-01-15 18:45:00,1.0947,1.09497,1.09461,1.09467,209,11,0
2024-01-15 19:00:00,1.09467,1.095,1.09457,1.09478,223,11,0
2024-01-15 19:15:00,1.09478,1.09514,1.09478,1.09513,185,11,0
2024-01-15 19:30:00,1.09515,1.09521,1.09497,1.0950199999999999,181,11,0
2024-01-15 19:45:00,1.09504,1.09504,1.09463,1.09477,167,11,0
2024-01-15 20:00:00,1.09475,1.09495,1.09471,1.09485,74,11,0
2024-01-15 20:15:00,1.09485,1.09494,1.0948,1.09493,50,11,0
2024-01-15 20:30:00,1.09494,1.09495,1.09484,1.09494,56,11,0
2024-01-15 20:45:00,1.09494,1.09523,1.0949200000000001,1.09523,79,11,0
2024-01-15 21:00:00,1.09523,1.09531,1.09508,1.09515,78,11,0
2024-01-15 21:15:00,1.09515,1.09529,1.09509,1.09521,97,11,0
2024-01-15 21:30:00,1.0952,1.0952,1.09507,1.09508,89,11,0
2024-01-15 21:45:00,1.09509,1.09515,1.0949200000000001,1.095,104,11,0
2024-01-15 22:00:00,1.09501,1.09504,1.09488,1.0949,79,11,0
2024-01-15 22:15:00,1.09489,1.09499,1.09486,1.09498,67,11,0
2024-01-15 22:30:00,1.09498,1.09501,1.09488,1.095,123,11,0
2024-01-15 22:45:00,1.095,1.09512,1.09498,1.09512,102,11,0
2024-01-15 23:00:00,1.09512,1.09514,1.09498,1.09501,75,11,0
2024-01-15 23:15:00,1.0950199999999999,1.09513,1.0949200000000001,1.09505,95,11,0
2024-01-15 23:30:00,1.09506,1.09509,1.09499,1.09499,67,11,0
2024-01-15 23:45:00,1.09499,1.0950199999999999,1.09496,1.09498,41,11,0
2024-01-16 00:00:00,1.09426,1.09486,1.09426,1.09481,94,19,0
2024-01-16 00:15:00,1.09481,1.09497,1.0947,1.09488,202,15,0
2024-01-16 00:30:00,1.0949,1.09498,1.09484,1.09494,112,14,0
2024-01-16 00:45:00,1.09493,1.09497,1.09477,1.0948,245,15,0
2024-01-16 01:00:00,1.0948,1.09504,1.09468,1.09485,167,11,0
2024-01-16 01:15:00,1.09485,1.09494,1.09463,1.09466,236,11,0
2024-01-16 01:30:00,1.09466,1.09475,1.09453,1.09456,388,11,0
2024-01-16 01:45:00,1.09456,1.09463,1.09442,1.09444,249,11,0
2024-01-16 02:00:00,1.09444,1.09456,1.0943,1.09436,609,11,0
2024-01-16 02:15:00,1.09436,1.0944099999999999,1.09377,1.09383,537,11,0
2024-01-16 02:30:00,1.09382,1.09392,1.09296,1.09314,649,11,0
2024-01-16 02:45:00,1.09314,1.09315,1.09184,1.09191,894,11,0
2024-01-16 03:00:00,1.09191,1.09225,1.09148,1.09189,1370,11,0
2024-01-16 03:15:00,1.09189,1.09225,1.09164,1.09223,1028,12,0
2024-01-16 03:30:00,1.09223,1.09308,1.09219,1.09294,986,11,0
2024-01-16 03:45:00,1.09294,1.0930900000000001,1.0925799999999999,1.0927,786,11,0
2024-01-16 04:00:00,1.0927,1.09271,1.09214,1.09259,766,11,0
2024-01-16 04:15:00,1.09259,1.09259,1.09225,1.09246,579,11,0
2024-01-16 04:30:00,1.09246,1.09259,1.09223,1.0924,672,11,0
2024-01-16 04:45:00,1.0924,1.09243,1.0921,1.09232,479,11,0
2024-01-16 05:00:00,1.09232,1.09249,1.09213,1.09214,327,11,0
2024-01-16 05:15:00,1.09214,1.09222,1.09184,1.09191,396,11,0
2024-01-16 05:30:00,1.09191,1.09191,1.09155,1.09176,568,11,0
2024-01-16 05:45:00,1.09176,1.09194,1.09176,1.09182,279,11,0
2024-01-16 06:00:00,1.09182,1.09193,1.09172,1.09191,244,11,0
2024-01-16 06:15:00,1.09191,1.09195,1.09166,1.09171,313,11,0
2024-01-16 06:30:00,1.09171,1.09176,1.09161,1.09164,274,11,0
2024-01-16 06:45:00,1.09164,1.09171,1.09128,1.09169,505,11,0
2024-01-16 07:00:00,1.09169,1.09179,1.09143,1.09157,609,11,0
2024-01-16 07:15:00,1.09157,1.09175,1.09148,1.09163,318,11,0
2024-01-16 07:30:00,1.09163,1.09163,1.09121,1.09126,438,11,0
2024-01-16 07:45:00,1.09126,1.09149,1.0912,1.09148,614,11,0
2024-01-16 08:00:00,1.09148,1.09166,1.09121,1.0916,442,11,0
2024-01-16 08:15:00,1.0916,1.09181,1.09134,1.09179,574,11,0
2024-01-16 08:30:00,1.09179,1.0921,1.0917,1.09179,481,11,0
2024-01-16 08:45:00,1.09179,1.09205,1.09163,1.09166,760,11,0
2024-01-16 09:00:00,1.09166,1.09201,1.09109,1.09112,1378,11,0
2024-01-16 09:15:00,1.09112,1.09131,1.0908,1.09118,983,11,0
2024-01-16 09:30:00,1.09117,1.09226,1.09117,1.09221,918,11,0
2024-01-16 09:45:00,1.09221,1.09261,1.09172,1.09178,919,11,0
2024-01-16 10:00:00,1.09179,1.09179,1.09097,1.09126,1942,11,0
2024-01-16 10:15:00,1.09126,1.09228,1.09104,1.09111,1920,11,0
2024-01-16 10:30:00,1.09111,1.09132,1.08936,1.09007,2078,11,0
2024-01-16 10:45:00,1.09007,1.09061,1.08997,1.09041,1759,11,0
2024-01-16 11:00:00,1.09038,1.09038,1.08903,1.08932,1900,11,0
2024-01-16 11:15:00,1.08932,1.08964,1.089,1.08952,1371,11,0
2024-01-16 11:30:00,1.08952,1.08967,1.08833,1.08864,1511,11,0
2024-01-16 11:45:00,1.08864,1.08889,1.08832,1.08853,1270,11,0
2024-01-16 12:00:00,1.08853,1.08889,1.08822,1.08867,1419,11,0
2024-01-16 12:15:00,1.08867,1.08884,1.08837,1.08844,960,11,0
2024-01-16 12:30:00,1.08844,1.0886,1.08795,1.08827,945,11,0
2024-01-16 12:45:00,1.08827,1.08833,1.08786,1.08806,930,11,0
2024-01-16 13:00:00,1.08806,1.08833,1.08729,1.08751,1047,11,0
2024-01-16 13:15:00,1.08751,1.08874,1.08751,1.08873,1111,11,0
2024-01-16 13:30:00,1.08873,1.08941,1.08863,1.08921,1026,11,0
2024-01-16 13:45:00,1.0892,1.08939,1.08891,1.08916,1264,11,0
2024-01-16 14:00:00,1.08916,1.08928,1.08862,1.08876,1142,11,0
2024-01-16 14:15:00,1.08876,1.08913,1.08869,1.08896,836,11,0
2024-01-16 14:30:00,1.08896,1.08919,1.0883099999999999,1.08845,576,11,0
2024-01-16 14:45:00,1.08845,1.08866,1.08838,1.08856,524,11,0
2024-01-16 15:00:00,1.08856,1.08877,1.08742,1.08771,632,11,0
2024-01-16 15:15:00,1.08778,1.08795,1.08742,1.08768,709,11,0
2024-01-16 15:30:00,1.08851,1.08973,1.08802,1.08924,1266,11,0
2024-01-16 15:45:00,1.08924,1.08934,1.0871,1.08735,1002,11,0
2024-01-16 16:00:00,1.08732,1.08838,1.08707,1.0881,918,11,0
2024-01-16 16:15:00,1.0881,1.08886,1.08769,1.08842,865,11,0
2024-01-16 16:30:00,1.0884,1.08865,1.08733,1.0873599999999999,1045,11,0
2024-01-16 16:45:00,1.08734,1.08751,1.0866,1.08719,950,11,0
2024-01-16 17:00:00,1.08718,1.08757,1.08652,1.08741,818,11,0
2024-01-16 17:15:00,1.08741,1.08874,1.08735,1.08844,731,11,0
2024-01-16 17:30:00,1.08844,1.08875,1.08774,1.08868,782,11,0
2024-01-16 17:45:00,1.08865,1.08878,1.08812,1.08853,748,11,0
2024-01-16 18:00:00,1.08861,1.08863,1.08615,1.08803,1412,11,0
2024-01-16 18:15:00,1.08808,1.08941,1.08775,1.08878,1228,13,0
2024-01-16 18:30:00,1.08877,1.08925,1.08765,1.08805,957,11,0
2024-01-16 18:45:00,1.08808,1.08852,1.08774,1.08802,700,11,0
2024-01-16 19:00:00,1.08805,1.08822,1.08657,1.08657,859,11,0
2024-01-16 19:15:00,1.0865,1.08721,1.0864,1.08656,753,11,0
2024-01-16 19:30:00,1.08655,1.0872600000000001,1.08647,1.08684,666,11,0
2024-01-16 19:45:00,1.08682,1.08684,1.08623,1.08625,476,11,0
2024-01-16 20:00:00,1.08625,1.08663,1.08624,1.08662,529,11,0
2024-01-16 20:15:00,1.08662,1.08727,1.08662,1.08727,548,11,0
2024-01-16 20:30:00,1.0872600000000001,1.08765,1.0868,1.08685,511,11,0
2024-01-16 20:45:00,1.08685,1.08712,1.08661,1.08693,478,11,0
2024-01-16 21:00:00,1.08693,1.08717,1.08672,1.08689,451,11,0
2024-01-16 21:15:00,1.08684,1.08706,1.08673,1.08688,385,11,0
2024-01-16 21:30:00,1.08688,1.08712,1.08678,1.08698,296,11,0
2024-01-16 21:45:00,1.08698,1.08742,1.08695,1.08731,367,11,0
2024-01-16 22:00:00,1.08731,1.0875,1.08718,1.08735,380,11,0
2024-01-16 22:15:00,1.08737,1.0874,1.08704,1.08704,434,11,0
2024-01-16 22:30:00,1.08704,1.08714,1.08696,1.08703,384,11,0
2024-01-16 22:45:00,1.08704,1.08719,1.08697,1.08708,361,11,0
2024-01-16 23:00:00,1.08712,1.08741,1.08708,1.08738,164,11,0
2024-01-16 23:15:00,1.08739,1.08769,1.08739,1.08766,154,11,0
2024-01-16 23:30:00,1.08768,1.08768,1.08735,1.08754,154,11,0
2024-01-16 23:45:00,1.08756,1.08756,1.08745,1.0875,168,11,0
2024-01-17 00:00:00,1.08704,1.08719,1.08671,1.08701,86,30,0
2024-01-17 00:15:00,1.08708,1.08742,1.0869,1.08742,198,28,0
2024-01-17 00:30:00,1.08741,1.08761,1.0873599999999999,1.08758,148,20,0
2024-01-17 00:45:00,1.08755,1.08764,1.08739,1.08741,262,33,0
2024-01-17 01:00:00,1.08743,1.08782,1.08741,1.08764,121,11,0
2024-01-17 01:15:00,1.08764,1.08767,1.08763,1.08765,51,11,0
2024-01-17 01:30:00,1.08768,1.08775,1.08754,1.08755,147,11,0
2024-01-17 01:45:00,1.08755,1.08781,1.08753,1.08781,200,11,0
2024-01-17 02:00:00,1.08781,1.08782,1.08741,1.08744,340,11,0
2024-01-17 02:15:00,1.08744,1.08746,1.08717,1.0874,444,11,0
2024-01-17 02:30:00,1.0874,1.08763,1.08738,1.08749,343,11,0
2024-01-17 02:45:00,1.08749,1.08781,1.08743,1.08772,525,11,0
2024-01-17 03:00:00,1.08772,1.08782,1.08744,1.0878,687,11,0
2024-01-17 03:15:00,1.0878,1.08818,1.08757,1.08767,783,11,0
2024-01-17 03:30:00,1.08767,1.0877,1.08732,1.08749,944,11,0
2024-01-17 03:45:00,1.08749,1.0877,1.08728,1.08766,554,11,0
2024-01-17 04:00:00,1.08766,1.0884,1.08758,1.08799,618,11,0
2024-01-17 04:15:00,1.08799,1.08812,1.08745,1.08764,467,11,0
2024-01-17 04:30:00,1.08764,1.08773,1.08733,1.08749,384,11,0
2024-01-17 04:45:00,1.08749,1.08758,1.08739,1.08743,323,11,0
2024-01-17 05:00:00,1.08743,1.08743,1.08725,1.08725,254,11,0
2024-01-17 05:15:00,1.0872600000000001,1.08727,1.08657,1.0866,535,11,0
2024-01-17 05:30:00,1.0866,1.08679,1.08645,1.08649,640,11,0
2024-01-17 05:45:00,1.08649,1.08662,1.08644,1.08657,311,11,0
2024-01-17 06:00:00,1.08657,1.08669,1.08641,1.08669,353,11,0
2024-01-17 06:15:00,1.08669,1.08679,1.08651,1.08662,342,11,0
2024-01-17 06:30:00,1.08662,1.08679,1.08655,1.08678,278,11,0
2024-01-17 06:45:00,1.08678,1.08704,1.0867499999999999,1.08702,383,11,0
2024-01-17 07:00:00,1.08702,1.08716,1.08645,1.08648,547,11,0
2024-01-17 07:15:00,1.08648,1.0865,1.0862,1.08637,604,11,0
2024-01-17 07:30:00,1.08636,1.08646,1.08612,1.08618,612,11,0
2024-01-17 07:45:00,1.08618,1.08644,1.08602,1.08643,708,11,0
2024-01-17 08:00:00,1.08643,1.08644,1.08555,1.08571,886,11,0
2024-01-17 08:15:00,1.08571,1.0858,1.08555,1.08556,588,11,0
2024-01-17 08:30:00,1.08556,1.0861399999999999,1.08548,1.08598,593,11,0
2024-01-17 08:45:00,1.08598,1.08639,1.08594,1.08616,783,11,0
2024-01-17 09:00:00,1.08616,1.08666,1.08585,1.08648,1945,11,0
2024-01-17 09:15:00,1.08648,1.0873,1.08637,1.08684,1070,11,0
2024-01-17 09:30:00,1.08684,1.0872,1.0858,1.08713,1643,11,0
2024-01-17 09:45:00,1.08714,1.08732,1.08667,1.08695,1452,11,0
2024-01-17 10:00:00,1.08695,1.08798,1.08692,1.0878,2289,11,0
2024-01-17 10:15:00,1.0878,1.08811,1.08739,1.08788,1527,11,0
2024-01-17 10:30:00,1.08788,1.08795,1.08702,1.08715,1418,11,0
2024-01-17 10:45:00,1.08715,1.08722,1.08656,1.08662,1032,11,0
2024-01-17 11:00:00,1.08662,1.08694,1.08632,1.08659,1217,11,0
2024-01-17 11:15:00,1.08659,1.08686,1.0860400000000001,1.08621,1342,11,0
2024-01-17 11:30:00,1.08621,1.08732,1.0862,1.08729,1163,11,0
2024-01-17 11:45:00,1.08729,1.08782,1.08716,1.08756,1111,11,0
2024-01-17 12:00:00,1.08756,1.08832,1.08755,1.08817,1181,11,0
2024-01-17 12:15:00,1.08817,1.08823,1.08729,1.08735,1476,11,0
2024-01-17 12:30:00,1.08735,1.0874,1.08664,1.08707,1233,11,0
2024-01-17 12:45:00,1.08707,1.08735,1.08686,1.08713,1192,11,0
2024-01-17 13:00:00,1.08713,1.08734,1.08692,1.0871,920,11,0
2024-01-17 13:15:00,1.0871,1.0877,1.08698,1.08746,955,11,0
2024-01-17 13:30:00,1.08745,1.08825,1.0874,1.08818,669,11,0
2024-01-17 13:45:00,1.08818,1.08824,1.0878,1.0878,650,11,0
2024-01-17 14:00:00,1.0878,1.0879,1.08751,1.0878700000000001,724,11,0
2024-01-17 14:15:00,1.08788,1.08805,1.0872,1.08731,712,11,0
2024-01-17 14:30:00,1.08731,1.08763,1.08708,1.08716,606,11,0
2024-01-17 14:45:00,1.08715,1.08753,1.08688,1.08737,597,11,0
2024-01-17 15:00:00,1.08738,1.0878,1.08691,1.0876,843,11,0
2024-01-17 15:15:00,1.08758,1.08764,1.08649,1.08701,910,11,0
2024-01-17 15:30:00,1.08668,1.08668,1.08509,1.0858,1233,11,0
2024-01-17 15:45:00,1.08578,1.08662,1.08544,1.08634,955,11,0
2024-01-17 16:00:00,1.08635,1.08661,1.08601,1.0866,761,11,0
2024-01-17 16:15:00,1.0866500000000001,1.08696,1.08625,1.08641,827,11,0
2024-01-17 16:30:00,1.08639,1.08676,1.08554,1.08568,1034,11,0
2024-01-17 16:45:00,1.08568,1.08568,1.08473,1.08484,799,11,0
2024-01-17 17:00:00,1.08483,1.08703,1.0846,1.08642,917,11,0
2024-01-17 17:15:00,1.08643,1.08649,1.08523,1.08559,880,11,0
2024-01-17 17:30:00,1.08552,1.0863,1.0853,1.08537,908,11,0
2024-01-17 17:45:00,1.08537,1.08576,1.0844,1.08487,803,11,0
2024-01-17 18:00:00,1.08485,1.08641,1.08485,1.08569,791,11,0
2024-01-17 18:15:00,1.08569,1.08608,1.08516,1.08521,661,11,0
2024-01-17 18:30:00,1.08521,1.08598,1.08471,1.08585,706,11,0
2024-01-17 18:45:00,1.08586,1.08601,1.08523,1.08567,669,11,0
2024-01-17 19:00:00,1.0857,1.08635,1.08569,1.08627,636,11,0
2024-01-17 19:15:00,1.08629,1.08639,1.08581,1.08582,532,11,0
2024-01-17 19:30:00,1.08582,1.08639,1.08563,1.0861399999999999,560,11,0
2024-01-17 19:45:00,1.08615,1.08695,1.08603,1.08664,540,11,0
2024-01-17 20:00:00,1.08667,1.08668,1.08615,1.0862,623,11,0
2024-01-17 20:15:00,1.0862,1.0862,1.0856,1.08578,539,11,0
2024-01-17 20:30:00,1.08578,1.08609,1.0856,1.08606,516,11,0
2024-01-17 20:45:00,1.08607,1.08667,1.08582,1.08653,491,11,0
2024-01-17 21:00:00,1.08654,1.08711,1.08654,1.08696,529,11,0
2024-01-17 21:15:00,1.08696,1.0874,1.08696,1.08709,442,11,0
2024-01-17 21:30:00,1.08709,1.08774,1.08699,1.08763,345,11,0
2024-01-17 21:45:00,1.08763,1.08782,1.08732,1.08732,515,11,0
2024-01-17 22:00:00,1.08733,1.08753,1.08708,1.08714,375,11,0
2024-01-17 22:15:00,1.08713,1.08738,1.08697,1.08723,420,11,0
2024-01-17 22:30:00,1.08724,1.08775,1.08723,1.0877,317,11,0
2024-01-17 22:45:00,1.0877,1.08814,1.08766,1.08803,323,11,0
2024-01-17 23:00:00,1.08803,1.08822,1.08803,1.08816,188,11,0
2024-01-17 23:15:00,1.08816,1.08817,1.08804,1.08814,156,11,0
2024-01-17 23:30:00,1.08815,1.08817,1.08803,1.08808,148,11,0
2024-01-17 23:45:00,1.08808,1.0882,1.08806,1.08816,230,11,0
2024-01-18 00:00:00,1.08793,1.08821,1.08793,1.08808,68,14,0
2024-01-18 00:15:00,1.08809,1.08815,1.08797,1.088,76,15,0
2024-01-18 00:30:00,1.088,1.08822,1.0878700000000001,1.08789,142,12,0
2024-01-18 00:45:00,1.08789,1.08827,1.08788,1.08811,353,11,0
2024-01-18 01:00:00,1.08811,1.0883,1.088,1.08818,284,11,0
2024-01-18 01:15:00,1.08818,1.08836,1.08818,1.0883,241,11,0
2024-01-18 01:30:00,1.0883,1.08834,1.08829,1.08834,135,11,0
2024-01-18 01:45:00,1.08833,1.08854,1.0883,1.08854,151,11,0
2024-01-18 02:00:00,1.08854,1.08857,1.08814,1.08825,160,11,0
2024-01-18 02:15:00,1.08826,1.08846,1.08806,1.08816,245,11,0
2024-01-18 02:30:00,1.08816,1.08846,1.08796,1.08844,565,11,0
2024-01-18 02:45:00,1.08844,1.08937,1.08843,1.08934,524,11,0
2024-01-18 03:00:00,1.08934,1.09003,1.08917,1.08975,828,11,0
2024-01-18 03:15:00,1.08971,1.08994,1.08947,1.08973,759,11,0
2024-01-18 03:30:00,1.08973,1.08993,1.08926,1.08928,737,11,0
2024-01-18 03:45:00,1.08928,1.0898,1.08917,1.08957,566,11,0
2024-01-18 04:00:00,1.08954,1.08995,1.08952,1.08992,480,11,0
2024-01-18 04:15:00,1.08991,1.09023,1.08941,1.0895299999999999,378,11,0
2024-01-18 04:30:00,1.0895299999999999,1.08964,1.08939,1.08949,351,11,0
2024-01-18 04:45:00,1.0895,1.0895,1.08925,1.08927,332,11,0
2024-01-18 05:00:00,1.08928,1.0894,1.08899,1.0891,353,11,0
2024-01-18 05:15:00,1.0890900000000001,1.08975,1.08907,1.0895299999999999,516,11,0
2024-01-18 05:30:00,1.0895299999999999,1.08973,1.08935,1.08961,318,11,0
2024-01-18 05:45:00,1.08961,1.08965,1.08933,1.0895,242,11,0
2024-01-18 06:00:00,1.08949,1.08952,1.08928,1.08928,270,11,0
2024-01-18 06:15:00,1.08927,1.08942,1.08904,1.08937,451,11,0
2024-01-18 06:30:00,1.08938,1.08943,1.08915,1.08932,206,11,0
2024-01-18 06:45:00,1.08931,1.08957,1.08928,1.08935,262,11,0
2024-01-18 07:00:00,1.08934,1.08955,1.08907,1.08912,355,11,0
2024-01-18 07:15:00,1.08912,1.08929,1.0890900000000001,1.08915,316,11,0
2024-01-18 07:30:00,1.08914,1.08947,1.08897,1.08934,347,11,0
2024-01-18 07:45:00,1.08934,1.08957,1.08918,1.08944,484,11,0
2024-01-18 08:00:00,1.08945,1.09055,1.08942,1.09009,486,11,0
2024-01-18 08:15:00,1.0901,1.09054,1.09005,1.09045,440,12,0
2024-01-18 08:30:00,1.09044,1.0905,1.09021,1.09028,384,11,0
2024-01-18 08:45:00,1.09028,1.09062,1.09019,1.09034,492,11,0
2024-01-18 09:00:00,1.09032,1.09058,1.08996,1.09002,554,11,0
2024-01-18 09:15:00,1.09001,1.09025,1.08945,1.08954,621,11,0
2024-01-18 09:30:00,1.08955,1.08955,1.08899,1.0893,571,11,0
2024-01-18 09:45:00,1.0893,1.08961,1.08858,1.08875,458,11,0
2024-01-18 10:00:00,1.08872,1.08884,1.08792,1.08799,743,11,0
2024-01-18 10:15:00,1.08799,1.08857,1.08783,1.08847,560,11,0
2024-01-18 10:30:00,1.08847,1.0885,1.08769,1.08789,514,11,0
2024-01-18 10:45:00,1.08789,1.0884,1.08783,1.08793,517,11,0
2024-01-18 11:00:00,1.08793,1.0884800000000001,1.08761,1.08846,603,11,0
2024-01-18 11:15:00,1.08844,1.0894,1.08837,1.08935,566,11,0
2024-01-18 11:30:00,1.08933,1.08989,1.08922,1.08937,596,11,0
2024-01-18 11:45:00,1.08934,1.08937,1.08836,1.0884,541,11,0
2024-01-18 12:00:00,1.0884,1.0892,1.08823,1.08891,612,11,0
2024-01-18 12:15:00,1.0889199999999999,1.089,1.08871,1.08898,427,11,0
2024-01-18 12:30:00,1.08901,1.08914,1.08871,1.08897,416,11,0
2024-01-18 12:45:00,1.08896,1.08954,1.08884,1.08943,457,11,0
2024-01-18 13:00:00,1.08943,1.08947,1.08872,1.08872,529,11,0
2024-01-18 13:15:00,1.08873,1.08904,1.08859,1.08898,411,11,0
2024-01-18 13:30:00,1.08897,1.08903,1.08859,1.08872,475,11,0
2024-01-18 13:45:00,1.08869,1.08889,1.08841,1.08882,439,11,0
2024-01-18 14:00:00,1.08885,1.08936,1.08877,1.08884,536,11,0
2024-01-18 14:15:00,1.08884,1.08894,1.08857,1.08862,428,11,0
2024-01-18 14:30:00,1.0886,1.0886,1.08774,1.08782,521,11,0
2024-01-18 14:45:00,1.08782,1.08793,1.0874,1.08769,598,11,0
2024-01-18 15:00:00,1.08768,1.0877,1.08708,1.08716,650,11,0
2024-01-18 15:15:00,1.08715,1.08728,1.08655,1.0866500000000001,713,11,0
2024-01-18 15:30:00,1.08661,1.08737,1.08527,1.0856,1223,11,0
2024-01-18 15:45:00,1.08554,1.08651,1.08502,1.08521,983,11,0
2024-01-18 16:00:00,1.0852,1.08684,1.08515,1.08649,933,11,0
2024-01-18 16:15:00,1.08648,1.08648,1.08544,1.08633,871,11,0
2024-01-18 16:30:00,1.08632,1.08678,1.08498,1.08502,1135,11,0
2024-01-18 16:45:00,1.08499,1.08594,1.08488,1.08591,1032,11,0
2024-01-18 17:00:00,1.0859,1.08625,1.08527,1.0860400000000001,1069,11,0
2024-01-18 17:15:00,1.08606,1.08666,1.08555,1.08601,917,11,0
2024-01-18 17:30:00,1.08603,1.08674,1.08579,1.08646,886,11,0
2024-01-18 17:45:00,1.08649,1.0865,1.08461,1.08516,933,11,0
2024-01-18 18:00:00,1.08514,1.08606,1.08498,1.08599,793,11,0
2024-01-18 18:15:00,1.08599,1.0867499999999999,1.08596,1.08673,694,11,0
2024-01-18 18:30:00,1.08683,1.08695,1.08629,1.08638,651,11,0
2024-01-18 18:45:00,1.08638,1.08658,1.08594,1.0861399999999999,727,11,0
2024-01-18 19:00:00,1.0861399999999999,1.0861399999999999,1.08497,1.0855,785,11,0
2024-01-18 19:15:00,1.0855,1.08593,1.08549,1.08582,570,11,0
2024-01-18 19:30:00,1.08582,1.08627,1.08551,1.08627,564,11,0
2024-01-18 19:45:00,1.08627,1.08638,1.08584,1.08591,433,11,0
2024-01-18 20:00:00,1.08592,1.08598,1.08539,1.08558,659,11,0
2024-01-18 20:15:00,1.08554,1.08598,1.08537,1.08583,620,11,0
2024-01-18 20:30:00,1.08579,1.08622,1.08567,1.08616,389,11,0
2024-01-18 20:45:00,1.0861399999999999,1.08653,1.08597,1.08633,434,11,0
2024-01-18 21:00:00,1.08632,1.08677,1.08619,1.08655,529,11,0
2024-01-18 21:15:00,1.08654,1.08676,1.08619,1.08673,550,11,0
2024-01-18 21:30:00,1.08673,1.08685,1.0861,1.08615,446,11,0
2024-01-18 21:45:00,1.08615,1.08645,1.08597,1.08613,417,11,0
2024-01-18 22:00:00,1.08612,1.08651,1.08601,1.08628,387,11,0
2024-01-18 22:15:00,1.08632,1.08666,1.08632,1.08659,381,11,0
2024-01-18 22:30:00,1.08658,1.08677,1.08636,1.08644,348,11,0
2024-01-18 22:45:00,1.08643,1.08688,1.08631,1.08685,505,11,0
2024-01-18 23:00:00,1.08684,1.08714,1.08677,1.08713,192,11,0
2024-01-18 23:15:00,1.08714,1.08746,1.08713,1.0873599999999999,196,11,0
2024-01-18 23:30:00,1.08737,1.08769,1.08737,1.08759,166,11,0
2024-01-18 23:45:00,1.08759,1.08761,1.08738,1.08759,171,11,0
2024-01-19 00:00:00,1.08734,1.08755,1.08649,1.08706,201,15,0
2024-01-19 00:15:00,1.08704,1.08751,1.08664,1.08738,237,22,0
2024-01-19 00:30:00,1.08738,1.08754,1.08677,1.08732,245,20,0
2024-01-19 00:45:00,1.08739,1.08747,1.08704,1.08725,248,16,0
2024-01-19 01:00:00,1.08746,1.08783,1.08739,1.08783,108,12,0
2024-01-19 01:15:00,1.08777,1.08784,1.08767,1.08767,177,12,0
2024-01-19 01:30:00,1.08767,1.08767,1.08741,1.08755,130,11,0
2024-01-19 01:45:00,1.08754,1.08798,1.0875,1.08794,200,11,0
2024-01-19 02:00:00,1.08794,1.08799,1.08772,1.0878700000000001,324,11,0
2024-01-19 02:15:00,1.08786,1.08811,1.0878,1.08803,457,11,0
2024-01-19 02:30:00,1.08813,1.08813,1.0878,1.08793,455,11,0
2024-01-19 02:45:00,1.08792,1.0881,1.08777,1.08792,372,11,0
2024-01-19 03:00:00,1.08798,1.08801,1.08755,1.08795,420,11,0
2024-01-19 03:15:00,1.08795,1.08808,1.08766,1.08795,500,11,0
2024-01-19 03:30:00,1.08795,1.08868,1.08795,1.0886,558,11,0
2024-01-19 03:45:00,1.08859,1.08867,1.0883099999999999,1.08849,465,11,0
2024-01-19 04:00:00,1.0884800000000001,1.08859,1.08835,1.08846,437,11,0
2024-01-19 04:15:00,1.08847,1.08882,1.0882,1.08878,458,11,0
2024-01-19 04:30:00,1.08878,1.08884,1.08859,1.08873,465,11,0
2024-01-19 04:45:00,1.08873,1.0889,1.08864,1.08875,288,11,0
2024-01-19 05:00:00,1.08875,1.08884,1.08869,1.08875,386,11,0
2024-01-19 05:15:00,1.08875,1.08887,1.08866,1.08869,205,11,0
2024-01-19 05:30:00,1.08869,1.0887,1.08847,1.08864,287,11,0
2024-01-19 05:45:00,1.08864,1.08885,1.08861,1.08884,176,11,0
2024-01-19 06:00:00,1.08883,1.08888,1.08866,1.08868,202,11,0
2024-01-19 06:15:00,1.08869,1.08874,1.08847,1.08858,94,11,0
2024-01-19 06:30:00,1.08859,1.08875,1.08855,1.08875,75,11,0
2024-01-19 06:45:00,1.08875,1.08875,1.08857,1.08858,164,11,0
2024-01-19 07:00:00,1.08859,1.08865,1.08847,1.08864,324,11,0
2024-01-19 07:15:00,1.08862,1.08865,1.08832,1.08837,301,11,0
2024-01-19 07:30:00,1.08837,1.08842,1.08791,1.08807,453,11,0
2024-01-19 07:45:00,1.08807,1.08814,1.08795,1.08803,345,11,0
2024-01-19 08:00:00,1.08799,1.08803,1.0878,1.08789,703,11,0
2024-01-19 08:15:00,1.08792,1.08811,1.08759,1.08768,481,11,0
2024-01-19 08:30:00,1.08768,1.08791,1.08748,1.08785,365,11,0
2024-01-19 08:45:00,1.08784,1.0882,1.08777,1.08802,357,11,0
2024-01-19 09:00:00,1.08803,1.0882,1.08739,1.08758,961,11,0
2024-01-19 09:15:00,1.08758,1.088,1.08757,1.08778,598,11,0
2024-01-19 09:30:00,1.08778,1.08858,1.08772,1.0885,672,11,0
2024-01-19 09:45:00,1.0885,1.08851,1.08782,1.08789,660,11,0
2024-01-19 10:00:00,1.08788,1.08814,1.08761,1.08789,880,11,0
2024-01-19 10:15:00,1.08788,1.0879,1.08709,1.08718,691,11,0
2024-01-19 10:30:00,1.08718,1.08733,1.0867499999999999,1.08697,631,11,0
2024-01-19 10:45:00,1.08697,1.0879,1.08684,1.08765,695,11,0
2024-01-19 11:00:00,1.08766,1.0877,1.08708,1.08757,860,11,0
2024-01-19 11:15:00,1.08757,1.0884,1.08756,1.08833,721,11,0
2024-01-19 11:30:00,1.08833,1.08837,1.08756,1.0876,835,11,0
2024-01-19 11:45:00,1.08759,1.08844,1.08752,1.08823,535,11,0
2024-01-19 12:00:00,1.08821,1.08846,1.0875,1.08754,918,11,0
2024-01-19 12:15:00,1.08755,1.08781,1.08745,1.08749,666,11,0
2024-01-19 12:30:00,1.08748,1.08802,1.0872600000000001,1.0878,638,11,0
2024-01-19 12:45:00,1.0878,1.08821,1.08779,1.08805,398,11,0
2024-01-19 13:00:00,1.08805,1.08869,1.08786,1.08862,505,11,0
2024-01-19 13:15:00,1.08862,1.0889,1.08838,1.08885,514,11,0
2024-01-19 13:30:00,1.08886,1.08924,1.08856,1.08868,558,11,0
2024-01-19 13:45:00,1.08869,1.08881,1.08847,1.08868,566,11,0
2024-01-19 14:00:00,1.08868,1.08875,1.08812,1.08829,571,11,0
2024-01-19 14:15:00,1.08828,1.08838,1.088,1.08828,471,11,0
2024-01-19 14:30:00,1.08828,1.08847,1.08817,1.08822,439,11,0
2024-01-19 14:45:00,1.08822,1.08847,1.08796,1.08821,661,11,0
2024-01-19 15:00:00,1.08821,1.0887,1.08809,1.08849,844,11,0
2024-01-19 15:15:00,1.0885,1.08882,1.08822,1.08842,875,11,0
2024-01-19 15:30:00,1.08843,1.0889,1.08749,1.08772,1241,11,0
2024-01-19 15:45:00,1.08772,1.08814,1.0877,1.08801,1014,11,0
2024-01-19 16:00:00,1.088,1.08832,1.08764,1.0877,837,11,0
2024-01-19 16:15:00,1.08769,1.08782,1.0872600000000001,1.08732,668,11,0
2024-01-19 16:30:00,1.08731,1.08798,1.08651,1.08701,915,11,0
2024-01-19 16:45:00,1.08701,1.08797,1.08698,1.08792,718,11,0
2024-01-19 17:00:00,1.0884800000000001,1.08891,1.08693,1.08723,1182,11,0
2024-01-19 17:15:00,1.08724,1.08783,1.08707,1.08778,909,11,0
2024-01-19 17:30:00,1.08773,1.08817,1.0872,1.08814,841,11,0
2024-01-19 17:45:00,1.08813,1.08838,1.08747,1.0882,873,11,0
2024-01-19 18:00:00,1.0882,1.08868,1.08802,1.0882,751,11,0
2024-01-19 18:15:00,1.08821,1.08864,1.08811,1.08859,647,11,0
2024-01-19 18:30:00,1.08859,1.08874,1.08816,1.08823,568,11,0
2024-01-19 18:45:00,1.08822,1.08869,1.08805,1.08861,573,11,0
2024-01-19 19:00:00,1.08863,1.08872,1.08794,1.08813,583,11,0
2024-01-19 19:15:00,1.08816,1.08895,1.0881,1.0889199999999999,470,11,0
2024-01-19 19:30:00,1.08893,1.08927,1.0887,1.08898,586,11,0
2024-01-19 19:45:00,1.08898,1.08898,1.08837,1.08891,539,11,0
2024-01-19 20:00:00,1.08891,1.08921,1.08851,1.08914,491,11,0
2024-01-19 20:15:00,1.08919,1.08957,1.08915,1.08929,367,11,0
2024-01-19 20:30:00,1.08929,1.08935,1.08891,1.08905,370,11,0
2024-01-19 20:45:00,1.08907,1.0892,1.08885,1.08915,270,11,0
2024-01-19 21:00:00,1.08914,1.08943,1.08912,1.08931,497,11,0
2024-01-19 21:15:00,1.0893,1.0893,1.08878,1.0889199999999999,558,11,0
2024-01-19 21:30:00,1.08894,1.08916,1.08875,1.08906,512,11,0
2024-01-19 21:45:00,1.08907,1.08938,1.08895,1.08918,416,11,0
2024-01-19 22:00:00,1.08919,1.08948,1.08911,1.08915,465,11,0
2024-01-19 22:15:00,1.08915,1.08928,1.08895,1.08913,359,11,0
2024-01-19 22:30:00,1.08914,1.08936,1.08902,1.08917,350,11,0
2024-01-19 22:45:00,1.08918,1.0895299999999999,1.08918,1.08945,324,11,0
2024-01-19 23:00:00,1.08946,1.08964,1.08941,1.08945,268,11,0
2024-01-19 23:15:00,1.08944,1.08947,1.08933,1.08945,282,11,0
2024-01-19 23:30:00,1.08945,1.08965,1.0894,1.08961,167,11,0
2024-01-19 23:45:00,1.08961,1.08971,1.08959,1.08965,137,11,0
2024-01-22 00:00:00,1.08894,1.08917,1.08853,1.08884,81,20,0
2024-01-22 00:15:00,1.0889199999999999,1.08944,1.08853,1.08879,219,35,0
2024-01-22 00:30:00,1.08883,1.08935,1.08862,1.0892,503,37,0
2024-01-22 00:45:00,1.08921,1.08936,1.0889199999999999,1.08902,356,38,0
2024-01-22 01:00:00,1.08904,1.08971,1.08904,1.08947,265,11,0
2024-01-22 01:15:00,1.08948,1.08955,1.08901,1.08905,175,11,0
2024-01-22 01:30:00,1.08903,1.08926,1.08899,1.08905,156,12,0
2024-01-22 01:45:00,1.08905,1.08917,1.089,1.08914,231,13,0
2024-01-22 02:00:00,1.08915,1.08957,1.0891,1.08948,291,11,0
2024-01-22 02:15:00,1.08949,1.08958,1.08907,1.08913,236,11,0
2024-01-22 02:30:00,1.08914,1.08971,1.08913,1.08966,290,11,0
2024-01-22 02:45:00,1.08965,1.0901,1.08961,1.09006,412,11,0
2024-01-22 03:00:00,1.09008,1.09045,1.08996,1.09039,553,11,0
2024-01-22 03:15:00,1.09039,1.09039,1.08981,1.09001,441,11,0
2024-01-22 03:30:00,1.09,1.09021,1.08993,1.09019,459,11,0
2024-01-22 03:45:00,1.09021,1.09042,1.09004,1.09015,403,11,0
2024-01-22 04:00:00,1.09016,1.09029,1.08991,1.09024,289,11,0
2024-01-22 04:15:00,1.09025,1.09087,1.09023,1.0907499999999999,308,11,0
2024-01-22 04:30:00,1.0907499999999999,1.0907499999999999,1.09046,1.09063,239,11,0
2024-01-22 04:45:00,1.09063,1.09079,1.09055,1.09066,321,11,0
2024-01-22 05:00:00,1.09067,1.09072,1.09039,1.09045,281,11,0
2024-01-22 05:15:00,1.09044,1.0905,1.09028,1.09035,256,11,0
2024-01-22 05:30:00,1.09036,1.09054,1.09016,1.09024,232,11,0
2024-01-22 05:45:00,1.09024,1.09029,1.09002,1.0901399999999999,217,11,0
2024-01-22 06:00:00,1.0901399999999999,1.09041,1.09009,1.0904,193,11,0
2024-01-22 06:15:00,1.09039,1.09039,1.09008,1.09029,142,11,0
2024-01-22 06:30:00,1.09029,1.0903,1.09002,1.09012,217,11,0
2024-01-22 06:45:00,1.09012,1.09028,1.09001,1.09024,172,11,0
2024-01-22 07:00:00,1.09024,1.0904,1.09007,1.0903100000000001,228,11,0
2024-01-22 07:15:00,1.0903100000000001,1.0903100000000001,1.08992,1.08999,331,11,0
2024-01-22 07:30:00,1.08999,1.09025,1.08989,1.09006,280,11,0
2024-01-22 07:45:00,1.09006,1.0901399999999999,1.0898,1.09011,287,11,0
2024-01-22 08:00:00,1.09011,1.09044,1.09008,1.09012,482,11,0
2024-01-22 08:15:00,1.09012,1.09081,1.09012,1.09079,357,11,0
2024-01-22 08:30:00,1.09079,1.09089,1.09026,1.09035,394,11,0
2024-01-22 08:45:00,1.09035,1.09064,1.09028,1.09042,366,11,0
2024-01-22 09:00:00,1.09041,1.09046,1.09005,1.09029,623,11,0
2024-01-22 09:15:00,1.09029,1.09073,1.09017,1.09019,493,11,0
2024-01-22 09:30:00,1.09019,1.09037,1.08968,1.09021,588,11,0
2024-01-22 09:45:00,1.0902,1.09029,1.08966,1.08971,847,11,0
2024-01-22 10:00:00,1.08968,1.08983,1.08901,1.08938,947,11,0
2024-01-22 10:15:00,1.08938,1.09004,1.08917,1.08984,859,11,0
2024-01-22 10:30:00,1.08984,1.08985,1.08889,1.08889,717,11,0
2024-01-22 10:45:00,1.08888,1.08929,1.08866,1.08913,550,11,0
2024-01-22 11:00:00,1.08912,1.0895,1.08894,1.08941,527,11,0
2024-01-22 11:15:00,1.08941,1.09018,1.08937,1.08963,467,11,0
2024-01-22 11:30:00,1.08963,1.08964,1.08932,1.08949,406,11,0
2024-01-22 11:45:00,1.08949,1.0899,1.08917,1.08963,419,11,0
2024-01-22 12:00:00,1.08963,1.08964,1.08914,1.08938,417,11,0
2024-01-22 12:15:00,1.08933,1.08937,1.08884,1.08894,359,11,0
2024-01-22 12:30:00,1.0889199999999999,1.08916,1.08867,1.08895,381,11,0
2024-01-22 12:45:00,1.0889199999999999,1.08897,1.08851,1.08862,412,11,0
2024-01-22 13:00:00,1.08861,1.08889,1.08844,1.08887,455,11,0
2024-01-22 13:15:00,1.08887,1.08896,1.0881,1.0883099999999999,423,11,0
2024-01-22 13:30:00,1.0883,1.08889,1.08828,1.08871,479,11,0
2024-01-22 13:45:00,1.08871,1.08897,1.08868,1.08896,381,11,0
2024-01-22 14:00:00,1.08895,1.08948,1.08874,1.08939,426,11,0
2024-01-22 14:15:00,1.08939,1.08978,1.08926,1.08963,530,11,0
2024-01-22 14:30:00,1.08963,1.0899,1.08921,1.08973,520,11,0
2024-01-22 14:45:00,1.0897000000000001,1.08975,1.08889,1.0892,500,11,0
2024-01-22 15:00:00,1.08919,1.08942,1.08841,1.08856,643,11,0
2024-01-22 15:15:00,1.08854,1.0889,1.08824,1.08875,617,11,0
2024-01-22 15:30:00,1.08874,1.08874,1.08795,1.08834,640,11,0
2024-01-22 15:45:00,1.08835,1.08947,1.0883,1.0891,548,11,0
2024-01-22 16:00:00,1.0891,1.08915,1.08851,1.0889,543,11,0
2024-01-22 16:15:00,1.0889,1.08912,1.08867,1.08908,507,11,0
2024-01-22 16:30:00,1.0890900000000001,1.08957,1.08849,1.08886,860,11,0
2024-01-22 16:45:00,1.08885,1.08931,1.08872,1.0889199999999999,658,11,0
2024-01-22 17:00:00,1.0889,1.08956,1.08863,1.08951,637,11,0
2024-01-22 17:15:00,1.08951,1.08975,1.08933,1.08943,552,11,0
2024-01-22 17:30:00,1.08941,1.08947,1.08852,1.08859,701,11,0
2024-01-22 17:45:00,1.08859,1.08887,1.0882,1.08847,709,11,0
2024-01-22 18:00:00,1.08847,1.08866,1.08815,1.08861,540,11,0
2024-01-22 18:15:00,1.0886,1.08916,1.08852,1.08905,422,11,0
2024-01-22 18:30:00,1.08905,1.0891,1.08862,1.0887,472,11,0
2024-01-22 18:45:00,1.08871,1.08939,1.0887,1.08934,455,11,0
2024-01-22 19:00:00,1.08937,1.08943,1.08902,1.08943,400,11,0
2024-01-22 19:15:00,1.08943,1.08975,1.08931,1.08973,343,11,0
2024-01-22 19:30:00,1.08973,1.08994,1.08969,1.08984,310,11,0
2024-01-22 19:45:00,1.08983,1.08994,1.08956,1.08957,368,11,0
2024-01-22 20:00:00,1.08958,1.08959,1.08907,1.08933,414,11,0
2024-01-22 20:15:00,1.08933,1.08944,1.0884800000000001,1.08853,437,11,0
2024-01-22 20:30:00,1.08853,1.08874,1.08832,1.08855,480,11,0
2024-01-22 20:45:00,1.08855,1.08898,1.08846,1.08895,282,11,0
2024-01-22 21:00:00,1.08895,1.08904,1.0883099999999999,1.08833,369,11,0
2024-01-22 21:15:00,1.08834,1.08834,1.08796,1.08798,388,11,0
2024-01-22 21:30:00,1.08798,1.08877,1.08798,1.0885,336,11,0
2024-01-22 21:45:00,1.0885,1.08859,1.08834,1.08843,409,11,0
2024-01-22 22:00:00,1.08843,1.08849,1.08798,1.08815,376,11,0
2024-01-22 22:15:00,1.08815,1.08832,1.08807,1.08829,285,11,0
2024-01-22 22:30:00,1.0883,1.08846,1.08821,1.08826,214,11,0
2024-01-22 22:45:00,1.08823,1.08838,1.08809,1.08837,298,11,0
2024-01-22 23:00:00,1.08837,1.08844,1.0882,1.08824,152,11,0
2024-01-22 23:15:00,1.08822,1.08832,1.08817,1.08819,143,11,0
2024-01-22 23:30:00,1.08816,1.08827,1.0881,1.08824,146,11,0
2024-01-22 23:45:00,1.08824,1.08824,1.08812,1.08821,125,11,0
2024-01-23 00:00:00,1.08803,1.08835,1.08791,1.08813,102,17,0
2024-01-23 00:15:00,1.08813,1.08839,1.08789,1.08821,125,15,0
2024-01-23 00:30:00,1.08815,1.08827,1.08815,1.08824,90,19,0
2024-01-23 00:45:00,1.08824,1.0883099999999999,1.08801,1.08815,147,11,0
2024-01-23 01:00:00,1.08814,1.08814,1.08785,1.0881,219,11,0
2024-01-23 01:15:00,1.08808,1.08808,1.08789,1.08791,220,11,0
2024-01-23 01:30:00,1.08794,1.08802,1.0879,1.08792,126,11,0
2024-01-23 01:45:00,1.08792,1.08792,1.08764,1.08768,139,11,0
2024-01-23 02:00:00,1.0877,1.08779,1.0875,1.08773,254,11,0
2024-01-23 02:15:00,1.08773,1.0878700000000001,1.08764,1.08782,248,11,0
2024-01-23 02:30:00,1.08783,1.08809,1.08783,1.08808,239,11,0
2024-01-23 02:45:00,1.08808,1.08835,1.088,1.08826,222,11,0
2024-01-23 03:00:00,1.08826,1.08833,1.08804,1.08805,188,11,0
2024-01-23 03:15:00,1.08805,1.08805,1.08774,1.08786,282,11,0
2024-01-23 03:30:00,1.08786,1.08802,1.08761,1.08782,489,11,0
2024-01-23 03:45:00,1.08782,1.08879,1.0878,1.08877,470,11,0
2024-01-23 04:00:00,1.08877,1.08894,1.08842,1.08871,741,11,0
2024-01-23 04:15:00,1.08871,1.08917,1.08867,1.08912,448,11,0
2024-01-23 04:30:00,1.08912,1.08933,1.08912,1.08924,312,11,0
2024-01-23 04:45:00,1.08924,1.08931,1.08862,1.08868,340,11,0
2024-01-23 05:00:00,1.08869,1.08879,1.08847,1.08859,747,11,0
2024-01-23 05:15:00,1.08864,1.08899,1.08855,1.0888,553,11,0
2024-01-23 05:30:00,1.08882,1.08934,1.08879,1.08916,411,11,0
2024-01-23 05:45:00,1.08916,1.08944,1.08913,1.08923,597,11,0
2024-01-23 06:00:00,1.08922,1.08956,1.0891,1.08949,295,11,0
2024-01-23 06:15:00,1.08949,1.08955,1.08926,1.0893,214,11,0
2024-01-23 06:30:00,1.0893,1.08946,1.0893,1.0894,302,11,0
2024-01-23 06:45:00,1.0894,1.08981,1.0894,1.08979,266,11,0
2024-01-23 07:00:00,1.08982,1.08989,1.08965,1.08967,361,11,0
2024-01-23 07:15:00,1.08967,1.08998,1.08961,1.08997,303,11,0
2024-01-23 07:30:00,1.08997,1.09039,1.08997,1.09036,341,11,0
2024-01-23 07:45:00,1.09037,1.0907499999999999,1.09033,1.09063,371,11,0
2024-01-23 08:00:00,1.09065,1.09065,1.09009,1.09012,352,11,0
2024-01-23 08:15:00,1.09013,1.09073,1.09012,1.09068,422,11,0
2024-01-23 08:30:00,1.0907,1.09073,1.09045,1.09067,609,11,0
2024-01-23 08:45:00,1.09067,1.0913599999999999,1.09065,1.09134,922,11,0
2024-01-23 09:00:00,1.09134,1.09144,1.09104,1.09142,954,11,0
2024-01-23 09:15:00,1.09143,1.09156,1.09054,1.09085,741,11,0
2024-01-23 09:30:00,1.09085,1.09125,1.09032,1.09053,953,11,0
2024-01-23 09:45:00,1.09054,1.09094,1.09036,1.09077,686,11,0
2024-01-23 10:00:00,1.09078,1.091,1.09024,1.0903100000000001,1024,11,0
2024-01-23 10:15:00,1.09032,1.0904,1.0901,1.09034,719,11,0
2024-01-23 10:30:00,1.09038,1.09068,1.0895299999999999,1.08976,690,11,0
2024-01-23 10:45:00,1.08976,1.08985,1.08917,1.08945,674,11,0
2024-01-23 11:00:00,1.08945,1.08945,1.0885,1.08884,840,11,0
2024-01-23 11:15:00,1.08884,1.08945,1.08867,1.08914,778,11,0
2024-01-23 11:30:00,1.08914,1.0893,1.08864,1.08871,603,11,0
2024-01-23 11:45:00,1.08871,1.08898,1.08832,1.0887,539,11,0
2024-01-23 12:00:00,1.08869,1.08878,1.08804,1.08825,682,11,0
2024-01-23 12:15:00,1.08824,1.08853,1.08809,1.08839,547,11,0
2024-01-23 12:30:00,1.08837,1.08852,1.0878700000000001,1.0878700000000001,472,11,0
2024-01-23 12:45:00,1.08786,1.0878700000000001,1.08668,1.08689,800,11,0
2024-01-23 13:00:00,1.08691,1.08716,1.08666,1.08709,580,11,0
2024-01-23 13:15:00,1.08706,1.08706,1.08595,1.0863,759,11,0
2024-01-23 13:30:00,1.0863,1.08654,1.0862,1.08644,476,11,0
2024-01-23 13:45:00,1.08642,1.0867,1.08615,1.08659,559,11,0
2024-01-23 14:00:00,1.08659,1.08718,1.08648,1.08713,531,11,0
2024-01-23 14:15:00,1.08713,1.08727,1.08611,1.08616,694,11,0
2024-01-23 14:30:00,1.08616,1.08639,1.08601,1.08621,534,11,0
2024-01-23 14:45:00,1.0862,1.08662,1.08597,1.08632,696,11,0
2024-01-23 15:00:00,1.08636,1.08712,1.08636,1.0868,607,11,0
2024-01-23 15:15:00,1.08682,1.08707,1.08653,1.08704,641,11,0
2024-01-23 15:30:00,1.08706,1.08742,1.0867,1.08712,742,11,0
2024-01-23 15:45:00,1.08712,1.08753,1.08684,1.08735,902,11,0
2024-01-23 16:00:00,1.08735,1.08735,1.08653,1.08698,1023,11,0
2024-01-23 16:15:00,1.08698,1.08703,1.0862,1.08644,705,11,0
2024-01-23 16:30:00,1.08642,1.08644,1.08534,1.0857,916,11,0
2024-01-23 16:45:00,1.0857,1.08574,1.08478,1.08522,754,11,0
2024-01-23 17:00:00,1.08523,1.08577,1.08441,1.08481,781,11,0
2024-01-23 17:15:00,1.08481,1.08497,1.08344,1.08378,815,11,0
2024-01-23 17:30:00,1.08379,1.08382,1.0821,1.08229,815,11,0
2024-01-23 17:45:00,1.08225,1.0834,1.08224,1.08301,775,11,0
2024-01-23 18:00:00,1.08303,1.08388,1.08303,1.08328,638,11,0
2024-01-23 18:15:00,1.08328,1.08383,1.08283,1.08377,644,11,0
2024-01-23 18:30:00,1.08377,1.08377,1.08288,1.08295,592,11,0
2024-01-23 18:45:00,1.08293,1.08293,1.08252,1.08275,481,11,0
2024-01-23 19:00:00,1.08275,1.08322,1.08235,1.08313,495,11,0
2024-01-23 19:15:00,1.08313,1.08349,1.08294,1.08343,416,11,0
2024-01-23 19:30:00,1.08342,1.08349,1.08268,1.08275,465,11,0
2024-01-23 19:45:00,1.08275,1.08329,1.0824,1.08308,500,11,0
2024-01-23 20:00:00,1.08308,1.08356,1.08299,1.0835,372,11,0
2024-01-23 20:15:00,1.08349,1.08386,1.08347,1.08374,421,11,0
2024-01-23 20:30:00,1.08374,1.08388,1.08355,1.08365,398,11,0
2024-01-23 20:45:00,1.08365,1.08376,1.08333,1.08365,405,11,0
2024-01-23 21:00:00,1.08363,1.08385,1.08353,1.08373,289,11,0
2024-01-23 21:15:00,1.08373,1.08404,1.0836999999999999,1.084,287,11,0
2024-01-23 21:30:00,1.084,1.08471,1.08395,1.08463,343,11,0
2024-01-23 21:45:00,1.08463,1.08463,1.08434,1.08446,307,11,0
2024-01-23 22:00:00,1.08446,1.08483,1.0843,1.08473,322,11,0
2024-01-23 22:15:00,1.08473,1.08485,1.08441,1.08443,217,11,0
2024-01-23 22:30:00,1.08443,1.08453,1.0843099999999999,1.08449,222,11,0
2024-01-23 22:45:00,1.08452,1.08496,1.08451,1.08491,278,11,0
2024-01-23 23:00:00,1.08493,1.08526,1.08476,1.08506,219,11,0
2024-01-23 23:15:00,1.0851,1.08541,1.08499,1.08527,150,11,0
2024-01-23 23:30:00,1.08529,1.08555,1.08508,1.08509,161,11,0
2024-01-23 23:45:00,1.08509,1.08532,1.08509,1.08531,219,11,0
2024-01-24 00:00:00,1.08412,1.08499,1.08411,1.08495,139,37,0
2024-01-24 00:15:00,1.08495,1.08535,1.08495,1.0852,153,23,0
2024-01-24 00:30:00,1.08522,1.0854,1.08522,1.08538,112,23,0
2024-01-24 00:45:00,1.08537,1.08546,1.08498,1.08527,121,15,0
2024-01-24 01:00:00,1.08526,1.08576,1.08523,1.08576,135,11,0
2024-01-24 01:15:00,1.08576,1.08584,1.0857,1.08579,81,11,0
2024-01-24 01:30:00,1.08579,1.08585,1.08568,1.08568,94,11,0
2024-01-24 01:45:00,1.08568,1.08571,1.0855299999999999,1.08567,141,11,0
2024-01-24 02:00:00,1.08567,1.08588,1.08557,1.08585,285,11,0
2024-01-24 02:15:00,1.08586,1.08593,1.08551,1.08554,216,11,0
2024-01-24 02:30:00,1.08555,1.08568,1.08548,1.08562,217,11,0
2024-01-24 02:45:00,1.08563,1.08579,1.08548,1.08554,269,11,0
2024-01-24 03:00:00,1.08554,1.0856,1.08507,1.0855299999999999,478,11,0
2024-01-24 03:15:00,1.0855299999999999,1.08572,1.08533,1.08563,641,11,0
2024-01-24 03:30:00,1.08564,1.08589,1.08558,1.08576,507,11,0
2024-01-24 03:45:00,1.08576,1.08586,1.08555,1.08575,425,11,0
2024-01-24 04:00:00,1.08575,1.08579,1.08529,1.08535,484,11,0
2024-01-24 04:15:00,1.08535,1.08562,1.08526,1.08561,525,11,0
2024-01-24 04:30:00,1.08562,1.08567,1.08542,1.08554,287,11,0
2024-01-24 04:45:00,1.08554,1.08571,1.08551,1.08565,278,11,0
2024-01-24 05:00:00,1.08565,1.08592,1.08561,1.08591,279,11,0
2024-01-24 05:15:00,1.0859,1.08605,1.08587,1.08599,206,11,0
2024-01-24 05:30:00,1.08599,1.08608,1.08585,1.08599,209,11,0
2024-01-24 05:45:00,1.08601,1.08609,1.08582,1.08583,360,11,0
2024-01-24 06:00:00,1.08584,1.08599,1.08577,1.08584,218,11,0
2024-01-24 06:15:00,1.08584,1.08592,1.0858,1.08585,200,11,0
2024-01-24 06:30:00,1.08585,1.08649,1.08585,1.08648,327,11,0
2024-01-24 06:45:00,1.08648,1.08654,1.0863,1.0864,207,11,0
2024-01-24 07:00:00,1.0864,1.0864,1.08597,1.08619,273,11,0
2024-01-24 07:15:00,1.08619,1.08619,1.08586,1.08601,308,11,0
2024-01-24 07:30:00,1.08602,1.08628,1.08597,1.08625,258,11,0
2024-01-24 07:45:00,1.08625,1.08636,1.08612,1.0861399999999999,297,11,0
2024-01-24 08:00:00,1.08615,1.08642,1.08601,1.08634,342,11,0
2024-01-24 08:15:00,1.08634,1.08639,1.08618,1.08639,255,11,0
2024-01-24 08:30:00,1.08639,1.08654,1.08622,1.08653,264,11,0
2024-01-24 08:45:00,1.08653,1.08659,1.08618,1.08628,325,11,0
2024-01-24 09:00:00,1.08625,1.08691,1.08597,1.0868,620,11,0
2024-01-24 09:15:00,1.0868,1.08695,1.08657,1.0869,382,11,0
2024-01-24 09:30:00,1.08689,1.08784,1.08689,1.08782,752,11,0
2024-01-24 09:45:00,1.08782,1.08789,1.08692,1.08728,868,11,0
2024-01-24 10:00:00,1.08729,1.08788,1.08729,1.0878,1201,11,0
2024-01-24 10:15:00,1.08779,1.08779,1.08681,1.08725,1022,11,0
2024-01-24 10:30:00,1.08728,1.08785,1.08619,1.08693,1257,11,0
2024-01-24 10:45:00,1.08694,1.08714,1.08668,1.08693,712,11,0
2024-01-24 11:00:00,1.087,1.08849,1.0869,1.08839,625,11,0
2024-01-24 11:15:00,1.08839,1.08912,1.08839,1.08872,761,11,0
2024-01-24 11:30:00,1.0889,1.09071,1.08878,1.09021,1458,11,0
2024-01-24 11:45:00,1.09021,1.09063,1.09011,1.09022,875,11,0
2024-01-24 12:00:00,1.0902,1.09043,1.09001,1.09002,793,11,0
2024-01-24 12:15:00,1.09001,1.09016,1.08949,1.08962,845,11,0
2024-01-24 12:30:00,1.08961,1.08981,1.08925,1.08966,561,11,0
2024-01-24 12:45:00,1.08967,1.08995,1.08938,1.08971,816,11,0
2024-01-24 13:00:00,1.08971,1.09001,1.08938,1.08943,558,11,0
2024-01-24 13:15:00,1.08943,1.08967,1.08933,1.0896,491,11,0
2024-01-24 13:30:00,1.0896,1.09005,1.08903,1.09004,495,11,0
2024-01-24 13:45:00,1.09004,1.0901,1.0891,1.08922,653,11,0
2024-01-24 14:00:00,1.08922,1.08948,1.0889,1.08921,622,11,0
2024-01-24 14:15:00,1.08923,1.08945,1.08869,1.08875,743,11,0
2024-01-24 14:30:00,1.08875,1.08968,1.08871,1.08944,619,11,0
2024-01-24 14:45:00,1.08944,1.08987,1.0893,1.08941,695,11,0
2024-01-24 15:00:00,1.08941,1.09058,1.08929,1.09056,934,11,0
2024-01-24 15:15:00,1.09055,1.09129,1.09032,1.09113,1067,11,0
2024-01-24 15:30:00,1.09113,1.09172,1.09081,1.09082,1211,11,0
2024-01-24 15:45:00,1.09083,1.09265,1.0908,1.09244,989,11,0
2024-01-24 16:00:00,1.09244,1.09244,1.09185,1.09232,1059,11,0
2024-01-24 16:15:00,1.09232,1.09311,1.09231,1.09308,698,11,0
2024-01-24 16:30:00,1.0930900000000001,1.0931899999999999,1.0923,1.09255,864,11,0
2024-01-24 16:45:00,1.09067,1.09199,1.09008,1.09026,1309,13,0
2024-01-24 17:00:00,1.09029,1.09047,1.08951,1.09013,1063,11,0
2024-01-24 17:15:00,1.09017,1.09068,1.09,1.0906,923,11,0
2024-01-24 17:30:00,1.0906,1.0906,1.08949,1.09026,850,11,0
2024-01-24 17:45:00,1.0903,1.09038,1.08927,1.09003,967,11,0
2024-01-24 18:00:00,1.09003,1.0901399999999999,1.089,1.08921,946,11,0
2024-01-24 18:15:00,1.08921,1.0904,1.08911,1.09019,793,11,0
2024-01-24 18:30:00,1.09024,1.09047,1.08973,1.08977,654,11,0
2024-01-24 18:45:00,1.08977,1.0901399999999999,1.08941,1.08999,608,11,0
2024-01-24 19:00:00,1.08998,1.09016,1.08948,1.08971,517,11,0
2024-01-24 19:15:00,1.08968,1.09017,1.08949,1.09015,482,11,0
2024-01-24 19:30:00,1.0901399999999999,1.0904,1.09006,1.09019,428,11,0
2024-01-24 19:45:00,1.09019,1.0908,1.09007,1.09047,527,11,0
2024-01-24 20:00:00,1.09045,1.09055,1.08934,1.08934,747,11,0
2024-01-24 20:15:00,1.08933,1.08987,1.08898,1.08943,621,11,0
2024-01-24 20:30:00,1.08943,1.08971,1.08901,1.08904,519,11,0
2024-01-24 20:45:00,1.08904,1.08937,1.08898,1.08921,469,11,0
2024-01-24 21:00:00,1.08921,1.08926,1.08863,1.08867,406,11,0
2024-01-24 21:15:00,1.08866,1.08872,1.08808,1.08855,583,11,0
2024-01-24 21:30:00,1.08856,1.08881,1.08832,1.0888,505,11,0
2024-01-24 21:45:00,1.0888,1.08899,1.08864,1.08878,466,11,0
2024-01-24 22:00:00,1.08876,1.089,1.08863,1.08863,410,11,0
2024-01-24 22:15:00,1.08861,1.08862,1.08828,1.08839,440,11,0
2024-01-24 22:30:00,1.08838,1.08862,1.08828,1.08853,346,11,0
2024-01-24 22:45:00,1.0884800000000001,1.0884800000000001,1.0878700000000001,1.08794,403,11,0
2024-01-24 23:00:00,1.08789,1.08801,1.08771,1.08786,250,11,0
2024-01-24 23:15:00,1.08784,1.08812,1.0878,1.08812,208,11,0
2024-01-24 23:30:00,1.08813,1.0883099999999999,1.08806,1.08827,171,11,0
2024-01-24 23:45:00,1.08827,1.08846,1.08825,1.08835,161,11,0
2024-01-25 00:00:00,1.08827,1.08847,1.08806,1.08845,76,16,0
2024-01-25 00:15:00,1.08841,1.08854,1.08829,1.08852,152,28,0
2024-01-25 00:30:00,1.08852,1.08857,1.08839,1.08856,141,16,0
2024-01-25 00:45:00,1.08856,1.08858,1.08838,1.08841,83,15,0
2024-01-25 01:00:00,1.08838,1.08858,1.08838,1.08852,175,11,0
2024-01-25 01:15:00,1.08852,1.08855,1.08834,1.08834,192,12,0
2024-01-25 01:30:00,1.08833,1.08833,1.08815,1.08818,140,11,0
2024-01-25 01:45:00,1.08818,1.08819,1.08804,1.08805,126,11,0
2024-01-25 02:00:00,1.08806,1.08807,1.08747,1.08747,310,11,0
2024-01-25 02:15:00,1.08747,1.08753,1.08722,1.08732,290,11,0
2024-01-25 02:30:00,1.0873,1.08762,1.0873,1.08747,243,11,0
2024-01-25 02:45:00,1.08747,1.08764,1.08717,1.0873599999999999,302,11,0
2024-01-25 03:00:00,1.08734,1.08735,1.08696,1.08717,392,11,0
2024-01-25 03:15:00,1.08717,1.08728,1.08704,1.08724,345,11,0
2024-01-25 03:30:00,1.08722,1.08765,1.08715,1.08755,381,11,0
2024-01-25 03:45:00,1.08756,1.08781,1.08743,1.0877,335,11,0
2024-01-25 04:00:00,1.08773,1.08789,1.08747,1.08779,287,11,0
2024-01-25 04:15:00,1.08779,1.08788,1.08762,1.08786,216,11,0
2024-01-25 04:30:00,1.08785,1.08794,1.08755,1.08757,298,11,0
2024-01-25 04:45:00,1.08757,1.08768,1.08743,1.08766,288,11,0
2024-01-25 05:00:00,1.08768,1.08812,1.08768,1.08794,234,11,0
2024-01-25 05:15:00,1.08792,1.08796,1.08782,1.08789,181,11,0
2024-01-25 05:30:00,1.08789,1.08795,1.08768,1.08782,148,11,0
2024-01-25 05:45:00,1.08782,1.08792,1.08771,1.08772,191,11,0
2024-01-25 06:00:00,1.08772,1.088,1.08767,1.08798,188,11,0
2024-01-25 06:15:00,1.08798,1.08808,1.08793,1.08799,145,11,0
2024-01-25 06:30:00,1.08798,1.08798,1.08761,1.08769,190,11,0
2024-01-25 06:45:00,1.08769,1.08769,1.08738,1.08751,197,11,0
2024-01-25 07:00:00,1.0875,1.08759,1.08742,1.08755,170,11,0
2024-01-25 07:15:00,1.08753,1.08775,1.08748,1.08771,192,11,0
2024-01-25 07:30:00,1.08771,1.08784,1.08761,1.08779,204,11,0
2024-01-25 07:45:00,1.08779,1.08781,1.08751,1.08777,228,11,0
2024-01-25 08:00:00,1.08778,1.08797,1.08751,1.08788,287,11,0
2024-01-25 08:15:00,1.08788,1.08813,1.08778,1.08813,230,11,0
2024-01-25 08:30:00,1.08813,1.08859,1.08811,1.08846,273,11,0
2024-01-25 08:45:00,1.08846,1.0886,1.08823,1.08856,285,11,0
2024-01-25 09:00:00,1.08855,1.08895,1.0884800000000001,1.08889,368,11,0
2024-01-25 09:15:00,1.08889,1.0890900000000001,1.08866,1.08888,375,11,0
2024-01-25 09:30:00,1.08888,1.08891,1.08835,1.08863,447,11,0
2024-01-25 09:45:00,1.08862,1.08898,1.08852,1.08873,382,11,0
2024-01-25 10:00:00,1.08871,1.08912,1.08839,1.08874,646,11,0
2024-01-25 10:15:00,1.08872,1.0891,1.08824,1.08906,598,11,0
2024-01-25 10:30:00,1.08905,1.08967,1.08895,1.0895,545,11,0
2024-01-25 10:45:00,1.0895,1.08989,1.08919,1.08983,512,11,0
2024-01-25 11:00:00,1.08983,1.08991,1.08921,1.08925,592,13,0
2024-01-25 11:15:00,1.08925,1.08982,1.0892,1.08926,396,13,0
2024-01-25 11:30:00,1.08927,1.0897000000000001,1.08911,1.08936,548,13,0
2024-01-25 11:45:00,1.08932,1.08984,1.08925,1.08952,499,13,0
2024-01-25 12:00:00,1.08952,1.08979,1.08938,1.08972,533,13,0
2024-01-25 12:15:00,1.0897000000000001,1.08982,1.08921,1.08947,464,13,0
2024-01-25 12:30:00,1.08946,1.08974,1.08912,1.08962,391,13,0
2024-01-25 12:45:00,1.08962,1.08967,1.08915,1.08922,335,13,0
2024-01-25 13:00:00,1.08924,1.08932,1.08894,1.08897,414,13,0
2024-01-25 13:15:00,1.08898,1.08904,1.08875,1.08879,268,13,0
2024-01-25 13:30:00,1.08879,1.08897,1.08861,1.08896,321,13,0
2024-01-25 13:45:00,1.08896,1.08947,1.08893,1.08942,335,13,0
2024-01-25 14:00:00,1.08942,1.08951,1.089,1.089,429,13,0
2024-01-25 14:15:00,1.089,1.08903,1.08855,1.08879,372,13,0
2024-01-25 14:30:00,1.08878,1.08945,1.08871,1.08912,352,13,0
2024-01-25 14:45:00,1.08912,1.08919,1.0885,1.08875,354,13,0
2024-01-25 15:00:00,1.08876,1.08952,1.08864,1.08929,511,11,0
2024-01-25 15:15:00,1.08929,1.09012,1.08841,1.08889,834,11,0
2024-01-25 15:30:00,1.08888,1.08994,1.08714,1.08898,1407,11,0
2024-01-25 15:45:00,1.08902,1.08946,1.0866500000000001,1.08783,1294,11,0
2024-01-25 16:00:00,1.08785,1.08785,1.08549,1.08636,1344,11,0
2024-01-25 16:15:00,1.08637,1.08717,1.08554,1.08672,1086,11,0
2024-01-25 16:30:00,1.08672,1.08672,1.08524,1.08582,1122,11,0
2024-01-25 16:45:00,1.08582,1.08612,1.08527,1.08597,945,11,0
2024-01-25 17:00:00,1.08597,1.08609,1.0845,1.08464,1040,11,0
2024-01-25 17:15:00,1.08465,1.08508,1.08372,1.08436,1018,11,0
2024-01-25 17:30:00,1.08437,1.08451,1.08329,1.08376,915,11,0
2024-01-25 17:45:00,1.08377,1.08377,1.08288,1.08312,809,11,0
2024-01-25 18:00:00,1.08311,1.08359,1.08237,1.0835,810,11,0
2024-01-25 18:15:00,1.08352,1.08391,1.08337,1.08359,635,11,0
2024-01-25 18:30:00,1.08361,1.08375,1.08331,1.08337,573,11,0
2024-01-25 18:45:00,1.08337,1.0836999999999999,1.08336,1.08356,509,11,0
2024-01-25 19:00:00,1.08358,1.08382,1.0832,1.08365,576,11,0
2024-01-25 19:15:00,1.08365,1.08514,1.08365,1.0844,834,11,0
2024-01-25 19:30:00,1.08438,1.08442,1.08307,1.08321,620,11,0
2024-01-25 19:45:00,1.08321,1.08384,1.08317,1.08371,434,11,0
2024-01-25 20:00:00,1.08372,1.0846,1.08352,1.08425,724,11,0
2024-01-25 20:15:00,1.08425,1.08427,1.0834,1.08405,693,11,0
2024-01-25 20:30:00,1.08405,1.08408,1.08349,1.08368,564,11,0
2024-01-25 20:45:00,1.08368,1.08384,1.08294,1.08296,473,11,0
2024-01-25 21:00:00,1.08295,1.08305,1.08236,1.0827,500,11,0
2024-01-25 21:15:00,1.0827,1.08284,1.08216,1.08273,506,11,0
2024-01-25 21:30:00,1.08273,1.08335,1.08263,1.08324,481,11,0
2024-01-25 21:45:00,1.08321,1.0836999999999999,1.08311,1.08354,395,11,0
2024-01-25 22:00:00,1.08355,1.08371,1.08338,1.08347,354,11,0
2024-01-25 22:15:00,1.08348,1.08355,1.08329,1.08334,380,11,0
2024-01-25 22:30:00,1.08335,1.08381,1.08331,1.08376,331,11,0
2024-01-25 22:45:00,1.08374,1.084,1.08371,1.08393,372,11,0
2024-01-25 23:00:00,1.08393,1.08414,1.08385,1.08411,211,11,0
2024-01-25 23:15:00,1.08411,1.08444,1.08411,1.08437,224,11,0
2024-01-25 23:30:00,1.08438,1.08454,1.08435,1.08454,189,11,0
2024-01-25 23:45:00,1.08452,1.08476,1.08449,1.08467,292,11,0
2024-01-26 00:00:00,1.08396,1.08461,1.08372,1.08446,141,27,0
2024-01-26 00:15:00,1.08447,1.08459,1.08412,1.08458,226,15,0
2024-01-26 00:30:00,1.08457,1.08471,1.08455,1.0846,435,23,0
2024-01-26 00:45:00,1.08459,1.08468,1.08447,1.08455,75,15,0
2024-01-26 01:00:00,1.08455,1.08465,1.08423,1.08453,304,11,0
2024-01-26 01:15:00,1.08453,1.08456,1.08449,1.0845,236,11,0
2024-01-26 01:30:00,1.08449,1.08455,1.08427,1.0843,411,11,0
2024-01-26 01:45:00,1.08429,1.08471,1.08426,1.0845,231,11,0
2024-01-26 02:00:00,1.0845,1.08453,1.08409,1.08409,394,11,0
2024-01-26 02:15:00,1.08409,1.08414,1.08376,1.08379,324,11,0
2024-01-26 02:30:00,1.08379,1.0842,1.08368,1.08415,305,11,0
2024-01-26 02:45:00,1.08415,1.0844,1.08388,1.08393,478,11,0
2024-01-26 03:00:00,1.08393,1.08419,1.08386,1.08404,679,11,0
2024-01-26 03:15:00,1.08403,1.08451,1.08397,1.08439,432,11,0
2024-01-26 03:30:00,1.08438,1.0846,1.08424,1.08427,572,11,0
2024-01-26 03:45:00,1.08428,1.08461,1.08423,1.08439,680,11,0
2024-01-26 04:00:00,1.08439,1.08465,1.08433,1.08461,536,11,0
2024-01-26 04:15:00,1.08461,1.08484,1.08453,1.08474,344,11,0
2024-01-26 04:30:00,1.08475,1.0848,1.08464,1.08465,275,11,0
2024-01-26 04:45:00,1.08465,1.08469,1.08435,1.08437,349,11,0
2024-01-26 05:00:00,1.08437,1.0847,1.08435,1.08448,321,11,0
2024-01-26 05:15:00,1.08447,1.08453,1.08436,1.08445,235,11,0
2024-01-26 05:30:00,1.08445,1.08457,1.08434,1.0845,162,11,0
2024-01-26 05:45:00,1.0845,1.08454,1.08438,1.08444,132,11,0
2024-01-26 06:00:00,1.08444,1.08446,1.0841,1.08412,232,11,0
2024-01-26 06:15:00,1.08412,1.08433,1.08411,1.08428,156,11,0
2024-01-26 06:30:00,1.08428,1.0843099999999999,1.0838700000000001,1.08393,170,11,0
2024-01-26 06:45:00,1.08393,1.08393,1.08374,1.0839,320,11,0
2024-01-26 07:00:00,1.08389,1.08404,1.08378,1.08402,338,11,0
2024-01-26 07:15:00,1.08402,1.08405,1.08386,1.08393,224,11,0
2024-01-26 07:30:00,1.08393,1.08433,1.08383,1.08428,362,11,0
2024-01-26 07:45:00,1.08428,1.0843099999999999,1.08413,1.08419,297,11,0
2024-01-26 08:00:00,1.08419,1.08422,1.08353,1.08361,445,11,0
2024-01-26 08:15:00,1.08361,1.08386,1.08354,1.08379,314,11,0
2024-01-26 08:30:00,1.08377,1.08377,1.08297,1.08304,692,11,0
2024-01-26 08:45:00,1.08305,1.08332,1.08278,1.08287,652,11,0
2024-01-26 09:00:00,1.08287,1.08299,1.0824,1.08249,767,11,0
2024-01-26 09:15:00,1.08249,1.08253,1.08145,1.08161,1091,11,0
2024-01-26 09:30:00,1.08161,1.08211,1.08142,1.08154,1226,11,0
2024-01-26 09:45:00,1.08153,1.08191,1.08122,1.08189,1066,11,0
2024-01-26 10:00:00,1.08189,1.08273,1.08168,1.08246,1136,11,0
2024-01-26 10:15:00,1.08245,1.08289,1.08223,1.08271,929,11,0
2024-01-26 10:30:00,1.08271,1.08351,1.08263,1.08341,929,11,0
2024-01-26 10:45:00,1.08341,1.08416,1.08337,1.08396,639,11,0
2024-01-26 11:00:00,1.08397,1.08472,1.08367,1.0838700000000001,1100,11,0
2024-01-26 11:15:00,1.0838700000000001,1.08404,1.08336,1.08377,776,11,0
2024-01-26 11:30:00,1.08377,1.08478,1.08373,1.0846,801,11,0
2024-01-26 11:45:00,1.0846,1.08499,1.08436,1.08437,727,11,0
2024-01-26 12:00:00,1.08436,1.08566,1.08436,1.08554,627,11,0
2024-01-26 12:15:00,1.08554,1.08612,1.08528,1.08606,583,11,0
2024-01-26 12:30:00,1.08606,1.08621,1.08575,1.0860400000000001,741,11,0
2024-01-26 12:45:00,1.08605,1.08657,1.08602,1.08643,614,11,0
2024-01-26 13:00:00,1.08641,1.08724,1.08637,1.08672,811,11,0
2024-01-26 13:15:00,1.08671,1.08756,1.08662,1.08731,663,11,0
2024-01-26 13:30:00,1.0873,1.08732,1.08679,1.08701,630,11,0
2024-01-26 13:45:00,1.08701,1.08741,1.08699,1.0874,469,11,0
2024-01-26 14:00:00,1.0874,1.08753,1.08722,1.08744,553,11,0
2024-01-26 14:15:00,1.08744,1.08746,1.08699,1.087,498,11,0
2024-01-26 14:30:00,1.087,1.08711,1.08679,1.08696,431,11,0
2024-01-26 14:45:00,1.08696,1.08734,1.08651,1.08669,644,11,0
2024-01-26 15:00:00,1.08669,1.08749,1.08648,1.0874,745,11,0
2024-01-26 15:15:00,1.0874,1.08777,1.08712,1.08727,900,11,0
2024-01-26 15:30:00,1.08735,1.08849,1.08557,1.08701,2214,11,0
2024-01-26 15:45:00,1.087,1.0883099999999999,1.08678,1.08715,1409,11,0
2024-01-26 16:00:00,1.08714,1.08797,1.087,1.08701,1064,11,0
2024-01-26 16:15:00,1.08705,1.0872600000000001,1.08633,1.08636,961,11,0
2024-01-26 16:30:00,1.08635,1.08731,1.0860400000000001,1.08707,1047,11,0
2024-01-26 16:45:00,1.08709,1.0873599999999999,1.0865,1.08733,878,11,0
2024-01-26 17:00:00,1.08729,1.08729,1.08609,1.08624,1214,11,0
2024-01-26 17:15:00,1.08624,1.08625,1.08545,1.08567,1040,11,0
2024-01-26 17:30:00,1.08567,1.08632,1.08552,1.08613,804,11,0
2024-01-26 17:45:00,1.08613,1.08659,1.08589,1.08635,767,11,0
2024-01-26 18:00:00,1.08634,1.08646,1.08584,1.08611,743,11,0
2024-01-26 18:15:00,1.08611,1.08679,1.08611,1.08659,552,11,0
2024-01-26 18:30:00,1.08659,1.08689,1.08611,1.08632,560,11,0
2024-01-26 18:45:00,1.08632,1.08661,1.08627,1.08644,613,11,0
2024-01-26 19:00:00,1.08643,1.0868,1.08616,1.08671,592,11,0
2024-01-26 19:15:00,1.0867,1.08699,1.08637,1.08644,417,11,0
2024-01-26 19:30:00,1.08644,1.08644,1.08587,1.086,534,11,0
2024-01-26 19:45:00,1.086,1.08633,1.08586,1.08632,557,11,0
2024-01-26 20:00:00,1.08632,1.08649,1.08608,1.08634,489,11,0
2024-01-26 20:15:00,1.08635,1.08655,1.08606,1.0863,525,11,0
2024-01-26 20:30:00,1.08629,1.08631,1.08574,1.08594,558,11,0
2024-01-26 20:45:00,1.08594,1.08594,1.08534,1.0855299999999999,449,11,0
2024-01-26 21:00:00,1.0855299999999999,1.08587,1.08547,1.08583,271,11,0
2024-01-26 21:15:00,1.08583,1.08594,1.08563,1.08563,282,11,0
2024-01-26 21:30:00,1.08563,1.08595,1.08556,1.08592,267,11,0
2024-01-26 21:45:00,1.08593,1.08612,1.08567,1.08576,460,11,0
2024-01-26 22:00:00,1.08576,1.08606,1.08566,1.0860400000000001,344,11,0
2024-01-26 22:15:00,1.08605,1.08616,1.08581,1.08586,407,11,0
2024-01-26 22:30:00,1.08586,1.08592,1.08555,1.08577,272,11,0
2024-01-26 22:45:00,1.08577,1.08577,1.08526,1.08538,331,11,0
2024-01-26 23:00:00,1.08537,1.08562,1.08531,1.0855299999999999,208,11,0
2024-01-26 23:15:00,1.0855299999999999,1.0855299999999999,1.08529,1.08542,156,11,0
2024-01-26 23:30:00,1.08539,1.08539,1.08515,1.08519,123,11,0
2024-01-26 23:45:00,1.0852,1.0854300000000001,1.08514,1.08539,168,11,0
2024-01-29 00:00:00,1.08417,1.08453,1.08405,1.08421,152,28,0
2024-01-29 00:15:00,1.08421,1.08444,1.08417,1.08434,101,25,0
2024-01-29 00:30:00,1.08432,1.08443,1.08418,1.0843,152,25,0
2024-01-29 00:45:00,1.0843,1.08465,1.08422,1.08426,630,20,0
2024-01-29 01:00:00,1.08426,1.08486,1.08415,1.08424,605,11,0
2024-01-29 01:15:00,1.08424,1.08455,1.08415,1.08452,817,12,0
2024-01-29 01:30:00,1.08452,1.0846,1.08416,1.08423,458,11,0
2024-01-29 01:45:00,1.08423,1.0843,1.08413,1.08417,308,11,0
2024-01-29 02:00:00,1.08417,1.08427,1.08406,1.08419,337,11,0
2024-01-29 02:15:00,1.08419,1.08437,1.08411,1.08422,406,11,0
2024-01-29 02:30:00,1.08422,1.08435,1.08413,1.08419,463,11,0
2024-01-29 02:45:00,1.08419,1.08444,1.08412,1.08443,596,11,0
2024-01-29 03:00:00,1.08443,1.08481,1.08433,1.08474,681,11,0
2024-01-29 03:15:00,1.08476,1.08476,1.08436,1.08442,551,11,0
2024-01-29 03:30:00,1.08442,1.08484,1.08442,1.08464,713,11,0
2024-01-29 03:45:00,1.08465,1.08465,1.08428,1.08435,588,11,0
2024-01-29 04:00:00,1.08435,1.08435,1.08396,1.08415,467,11,0
2024-01-29 04:15:00,1.08415,1.08425,1.0838700000000001,1.08424,369,11,0
2024-01-29 04:30:00,1.08424,1.08447,1.0842,1.08437,413,11,0
2024-01-29 04:45:00,1.08437,1.08439,1.08411,1.0843,326,11,0
2024-01-29 05:00:00,1.08432,1.08457,1.0843099999999999,1.08455,334,11,0
2024-01-29 05:15:00,1.08455,1.08462,1.08422,1.08433,359,11,0
2024-01-29 05:30:00,1.08433,1.08436,1.0842,1.0843,232,11,0
2024-01-29 05:45:00,1.0843,1.08453,1.08428,1.08445,188,11,0
2024-01-29 06:00:00,1.08445,1.08465,1.08445,1.08453,245,11,0
2024-01-29 06:15:00,1.08453,1.08453,1.08433,1.08446,195,11,0
2024-01-29 06:30:00,1.08446,1.08471,1.08433,1.08468,181,11,0
2024-01-29 06:45:00,1.08468,1.08472,1.08436,1.08441,249,11,0
2024-01-29 07:00:00,1.08441,1.08444,1.08402,1.08415,321,11,0
2024-01-29 07:15:00,1.08415,1.08427,1.08392,1.08405,507,11,0
2024-01-29 07:30:00,1.08405,1.08419,1.08392,1.08414,385,11,0
2024-01-29 07:45:00,1.08414,1.08414,1.0839,1.08394,277,11,0
2024-01-29 08:00:00,1.08394,1.08425,1.0838700000000001,1.08424,395,11,0
2024-01-29 08:15:00,1.08424,1.08446,1.0842,1.08423,430,11,0
2024-01-29 08:30:00,1.08423,1.08452,1.08416,1.0845,355,11,0
2024-01-29 08:45:00,1.0845,1.08467,1.08434,1.0846,420,11,0
2024-01-29 09:00:00,1.0846,1.0847,1.08409,1.08435,803,11,0
2024-01-29 09:15:00,1.08435,1.08468,1.0842,1.08465,680,11,0
2024-01-29 09:30:00,1.08465,1.08495,1.08455,1.08463,666,11,0
2024-01-29 09:45:00,1.08463,1.08473,1.08344,1.08366,753,11,0
2024-01-29 10:00:00,1.08366,1.08396,1.08325,1.08364,934,11,0
2024-01-29 10:15:00,1.08364,1.08382,1.0832600000000001,1.0836999999999999,780,11,0
2024-01-29 10:30:00,1.0836999999999999,1.08414,1.08347,1.08371,785,11,0
2024-01-29 10:45:00,1.08371,1.08377,1.0832600000000001,1.08341,777,11,0
2024-01-29 11:00:00,1.08341,1.0835,1.08295,1.0830899999999999,886,11,0
2024-01-29 11:15:00,1.0830899999999999,1.08316,1.08255,1.08267,746,11,0
2024-01-29 11:30:00,1.08267,1.08322,1.08226,1.08276,669,11,0
2024-01-29 11:45:00,1.08275,1.08297,1.08234,1.08246,511,11,0
2024-01-29 12:00:00,1.08246,1.0824799999999999,1.08211,1.08218,633,11,0
2024-01-29 12:15:00,1.08218,1.08225,1.08147,1.0816,510,11,0
2024-01-29 12:30:00,1.08159,1.08179,1.08134,1.08178,541,11,0
2024-01-29 12:45:00,1.08178,1.08191,1.08151,1.08186,524,11,0
2024-01-29 13:00:00,1.08186,1.08243,1.08184,1.08198,460,11,0
2024-01-29 13:15:00,1.08198,1.082,1.08158,1.08183,509,11,0
2024-01-29 13:30:00,1.08181,1.08266,1.08181,1.08232,458,11,0
2024-01-29 13:45:00,1.08232,1.08233,1.08191,1.08223,399,11,0
2024-01-29 14:00:00,1.08224,1.08284,1.08215,1.08266,441,11,0
2024-01-29 14:15:00,1.08266,1.08322,1.0826500000000001,1.08321,561,11,0
2024-01-29 14:30:00,1.08321,1.08362,1.0831,1.08345,441,11,0
2024-01-29 14:45:00,1.08345,1.08358,1.08197,1.08215,810,11,0
2024-01-29 15:00:00,1.08217,1.08228,1.08156,1.0819,717,11,0
2024-01-29 15:15:00,1.08191,1.08208,1.08132,1.08208,656,11,0
2024-01-29 15:30:00,1.08209,1.08229,1.08177,1.08219,952,11,0
2024-01-29 15:45:00,1.08218,1.0824,1.08185,1.08198,831,11,0
2024-01-29 16:00:00,1.08198,1.08221,1.0808200000000001,1.08084,762,11,0
2024-01-29 16:15:00,1.08092,1.08119,1.08083,1.08085,720,11,0
2024-01-29 16:30:00,1.08085,1.08101,1.08042,1.08067,954,11,0
2024-01-29 16:45:00,1.08067,1.08074,1.08036,1.08063,801,11,0
2024-01-29 17:00:00,1.08064,1.08101,1.08034,1.0807,668,11,0
2024-01-29 17:15:00,1.08069,1.08069,1.07977,1.0801,668,11,0
2024-01-29 17:30:00,1.0801,1.08047,1.0799,1.08011,818,11,0
2024-01-29 17:45:00,1.08012,1.08012,1.07956,1.07969,885,11,0
2024-01-29 18:00:00,1.07968,1.08051,1.07954,1.0805,768,11,0
2024-01-29 18:15:00,1.0805,1.0808200000000001,1.08012,1.08068,594,11,0
2024-01-29 18:30:00,1.08068,1.08073,1.0801,1.08039,499,11,0
2024-01-29 18:45:00,1.08041,1.0806499999999999,1.08035,1.08054,464,11,0
2024-01-29 19:00:00,1.08054,1.08118,1.08051,1.08114,514,11,0
2024-01-29 19:15:00,1.08114,1.08155,1.0811,1.08144,389,11,0
2024-01-29 19:30:00,1.08144,1.08154,1.08131,1.08133,353,11,0
2024-01-29 19:45:00,1.08134,1.08141,1.08111,1.08111,365,11,0
2024-01-29 20:00:00,1.08111,1.0812,1.08091,1.08097,395,11,0
2024-01-29 20:15:00,1.08098,1.08112,1.08088,1.08112,281,11,0
2024-01-29 20:30:00,1.08112,1.08127,1.08097,1.08118,254,11,0
2024-01-29 20:45:00,1.08119,1.08125,1.08092,1.08109,236,11,0
2024-01-29 21:00:00,1.08109,1.0817,1.08093,1.08159,360,11,0
2024-01-29 21:15:00,1.08159,1.08172,1.08152,1.08171,206,11,0
2024-01-29 21:30:00,1.08171,1.08193,1.08164,1.0818,245,11,0
2024-01-29 21:45:00,1.0818,1.08194,1.08168,1.08183,298,11,0
2024-01-29 22:00:00,1.08188,1.0831,1.0818699999999999,1.08293,971,11,0
2024-01-29 22:15:00,1.08294,1.08398,1.08293,1.0836,984,11,0
2024-01-29 22:30:00,1.08361,1.08372,1.08284,1.08323,649,11,0
2024-01-29 22:45:00,1.08323,1.08331,1.08293,1.08305,639,11,0
2024-01-29 23:00:00,1.08304,1.08305,1.0826,1.08303,288,11,0
2024-01-29 23:15:00,1.08304,1.08331,1.08297,1.08325,199,11,0
2024-01-29 23:30:00,1.08325,1.08335,1.08315,1.08325,193,11,0
2024-01-29 23:45:00,1.08327,1.08344,1.08325,1.08328,205,11,0
2024-01-30 00:00:00,1.0831,1.08316,1.08233,1.08315,53,28,0
2024-01-30 00:15:00,1.08314,1.08322,1.08289,1.08293,104,15,0
2024-01-30 00:30:00,1.08293,1.08324,1.08283,1.08289,244,15,0
2024-01-30 00:45:00,1.08289,1.08331,1.08289,1.0833,138,15,0
2024-01-30 01:00:00,1.08333,1.0836,1.08331,1.08342,115,11,0
2024-01-30 01:15:00,1.08342,1.08361,1.08337,1.08357,104,11,0
2024-01-30 01:30:00,1.08356,1.08363,1.08342,1.08342,115,11,0
2024-01-30 01:45:00,1.08342,1.08355,1.0832600000000001,1.0833,111,11,0
2024-01-30 02:00:00,1.0833,1.08359,1.0833,1.08349,274,11,0
2024-01-30 02:15:00,1.08349,1.08377,1.08342,1.08371,321,11,0
2024-01-30 02:30:00,1.08371,1.08385,1.08352,1.08384,284,11,0
2024-01-30 02:45:00,1.08384,1.08415,1.08383,1.08403,464,11,0
2024-01-30 03:00:00,1.08405,1.08405,1.08333,1.08367,536,11,0
2024-01-30 03:15:00,1.08363,1.08369,1.08322,1.08351,500,11,0
2024-01-30 03:30:00,1.08351,1.08369,1.0832600000000001,1.08328,593,11,0
2024-01-30 03:45:00,1.08328,1.08357,1.08317,1.08344,545,11,0
2024-01-30 04:00:00,1.08344,1.08346,1.08297,1.0830899999999999,340,11,0
2024-01-30 04:15:00,1.0830899999999999,1.08322,1.08292,1.083,523,11,0
2024-01-30 04:30:00,1.08301,1.08328,1.08295,1.0832,295,11,0
2024-01-30 04:45:00,1.0832,1.08356,1.0832,1.08336,236,11,0
2024-01-30 05:00:00,1.08336,1.08338,1.0831,1.08312,230,11,0
2024-01-30 05:15:00,1.08312,1.0832,1.08303,1.08315,206,11,0
2024-01-30 05:30:00,1.08313,1.08335,1.08311,1.08314,160,11,0
2024-01-30 05:45:00,1.08314,1.08321,1.08297,1.08301,330,11,0
2024-01-30 06:00:00,1.08301,1.0833,1.083,1.08325,177,11,0
2024-01-30 06:15:00,1.08325,1.08329,1.08298,1.0832600000000001,157,11,0
2024-01-30 06:30:00,1.0832600000000001,1.0833,1.08276,1.08285,280,11,0
2024-01-30 06:45:00,1.08286,1.08286,1.08235,1.08246,359,11,0
2024-01-30 07:00:00,1.08247,1.08254,1.08227,1.0824799999999999,262,11,0
2024-01-30 07:15:00,1.0824799999999999,1.08284,1.08247,1.08262,270,11,0
2024-01-30 07:30:00,1.08263,1.08279,1.08237,1.0824,266,11,0
2024-01-30 07:45:00,1.08241,1.08243,1.08212,1.0822,197,11,0
2024-01-30 08:00:00,1.08222,1.08244,1.08211,1.08244,277,11,0
2024-01-30 08:15:00,1.08244,1.08254,1.08199,1.08199,368,11,0
2024-01-30 08:30:00,1.08198,1.08224,1.08197,1.08199,372,11,0
2024-01-30 08:45:00,1.082,1.08203,1.08134,1.08144,396,11,0
2024-01-30 09:00:00,1.08141,1.08145,1.08114,1.08132,517,11,0
2024-01-30 09:15:00,1.08133,1.0818,1.08122,1.08133,522,11,0
2024-01-30 09:30:00,1.08134,1.08189,1.08123,1.08161,598,11,0
2024-01-30 09:45:00,1.08161,1.08237,1.08157,1.08222,673,11,0
2024-01-30 10:00:00,1.08254,1.08315,1.08222,1.0824799999999999,1128,11,0
2024-01-30 10:15:00,1.0824799999999999,1.08263,1.08181,1.08192,896,11,0
2024-01-30 10:30:00,1.08191,1.08241,1.08158,1.0824,843,11,0
2024-01-30 10:45:00,1.0824,1.08268,1.08202,1.08212,833,11,0
2024-01-30 11:00:00,1.08211,1.08234,1.08171,1.08193,758,11,0
2024-01-30 11:15:00,1.08193,1.0822,1.08173,1.0820400000000001,637,11,0
2024-01-30 11:30:00,1.08203,1.08271,1.08201,1.0824799999999999,695,11,0
2024-01-30 11:45:00,1.0824799999999999,1.08289,1.08232,1.08263,590,11,0
2024-01-30 12:00:00,1.08263,1.08279,1.08225,1.0826,716,11,0
2024-01-30 12:15:00,1.0826,1.08303,1.08253,1.08283,597,11,0
2024-01-30 12:30:00,1.0828,1.08366,1.08274,1.08344,493,11,0
2024-01-30 12:45:00,1.08344,1.084,1.08343,1.08378,574,11,0
2024-01-30 13:00:00,1.08378,1.08395,1.08366,1.08374,574,11,0
2024-01-30 13:15:00,1.08374,1.08446,1.08366,1.08429,623,11,0
2024-01-30 13:30:00,1.08428,1.08473,1.08385,1.08471,509,11,0
2024-01-30 13:45:00,1.08472,1.08476,1.0841,1.08416,409,11,0
2024-01-30 14:00:00,1.08413,1.08428,1.08398,1.08411,388,11,0
2024-01-30 14:15:00,1.08412,1.08439,1.0836999999999999,1.08434,500,11,0
2024-01-30 14:30:00,1.08434,1.08439,1.0836,1.08423,524,11,0
2024-01-30 14:45:00,1.08423,1.08494,1.08421,1.08471,536,11,0
2024-01-30 15:00:00,1.08471,1.08481,1.08392,1.08401,852,11,0
2024-01-30 15:15:00,1.08406,1.08414,1.08376,1.08405,830,11,0
2024-01-30 15:30:00,1.08406,1.08448,1.08355,1.08421,792,11,0
2024-01-30 15:45:00,1.08421,1.08434,1.08334,1.08339,1016,11,0
2024-01-30 16:00:00,1.0834,1.08444,1.08291,1.08432,1084,11,0
2024-01-30 16:15:00,1.08432,1.08511,1.08422,1.08497,825,11,0
2024-01-30 16:30:00,1.08499,1.08556,1.08451,1.0849,1135,11,0
2024-01-30 16:45:00,1.08493,1.08565,1.08466,1.08497,985,11,0
2024-01-30 17:00:00,1.08498,1.08528,1.0830899999999999,1.08317,1767,11,0
2024-01-30 17:15:00,1.08316,1.08377,1.08275,1.08376,1211,11,0
2024-01-30 17:30:00,1.08376,1.08433,1.08341,1.08411,930,11,0
2024-01-30 17:45:00,1.08412,1.08423,1.08313,1.08365,1053,11,0
2024-01-30 18:00:00,1.08365,1.0841,1.08338,1.08379,993,11,0
2024-01-30 18:15:00,1.08378,1.08404,1.08347,1.08389,879,11,0
2024-01-30 18:30:00,1.08393,1.08437,1.08377,1.08426,724,11,0
2024-01-30 18:45:00,1.08426,1.08436,1.08402,1.08425,564,11,0
2024-01-30 19:00:00,1.08426,1.08468,1.08409,1.08466,520,11,0
2024-01-30 19:15:00,1.08466,1.08468,1.08419,1.08424,560,11,0
2024-01-30 19:30:00,1.08424,1.08429,1.08384,1.08386,501,11,0
2024-01-30 19:45:00,1.08386,1.08395,1.08362,1.08384,516,11,0
2024-01-30 20:00:00,1.08383,1.08383,1.08322,1.08347,541,11,0
2024-01-30 20:15:00,1.08347,1.08354,1.0831,1.08345,402,11,0
2024-01-30 20:30:00,1.08346,1.08371,1.08339,1.08349,475,11,0
2024-01-30 20:45:00,1.08349,1.08364,1.08344,1.08353,417,11,0
2024-01-30 21:00:00,1.08351,1.08379,1.08351,1.08376,432,11,0
2024-01-30 21:15:00,1.08377,1.08412,1.08375,1.08411,386,11,0
2024-01-30 21:30:00,1.08412,1.08452,1.0841,1.08445,506,11,0
2024-01-30 21:45:00,1.08446,1.08466,1.08426,1.08455,646,11,0
2024-01-30 22:00:00,1.08456,1.0848,1.08432,1.08433,734,11,0
2024-01-30 22:15:00,1.08433,1.08447,1.08424,1.08429,412,11,0
2024-01-30 22:30:00,1.08428,1.08435,1.08402,1.08414,541,11,0
2024-01-30 22:45:00,1.08413,1.08445,1.08409,1.08441,642,11,0
2024-01-30 23:00:00,1.08445,1.08445,1.0842,1.08434,458,11,0
2024-01-30 23:15:00,1.08434,1.08463,1.08434,1.08453,174,11,0
2024-01-30 23:30:00,1.08456,1.0846,1.08449,1.08459,225,11,0
2024-01-30 23:45:00,1.08459,1.08462,1.08443,1.0845,231,11,0
2024-01-31 00:00:00,1.0838700000000001,1.08435,1.08357,1.08406,103,29,0
2024-01-31 00:15:00,1.08416,1.0844,1.08365,1.08409,337,21,0
2024-01-31 00:30:00,1.08408,1.08434,1.08406,1.08422,148,21,0
2024-01-31 00:45:00,1.08422,1.08439,1.08416,1.08425,136,16,0
2024-01-31 01:00:00,1.08426,1.08443,1.08418,1.08428,154,11,0
2024-01-31 01:15:00,1.08427,1.08438,1.08426,1.08432,158,11,0
2024-01-31 01:30:00,1.08432,1.08439,1.08429,1.08433,151,11,0
2024-01-31 01:45:00,1.0843099999999999,1.08445,1.08421,1.08425,208,11,0
2024-01-31 02:00:00,1.08425,1.08458,1.08424,1.08453,503,11,0
2024-01-31 02:15:00,1.08454,1.08477,1.08433,1.08445,484,11,0
2024-01-31 02:30:00,1.08445,1.08458,1.08406,1.08416,753,11,0
2024-01-31 02:45:00,1.08416,1.08445,1.08409,1.08423,615,11,0
2024-01-31 03:00:00,1.08424,1.08432,1.08405,1.08411,562,11,0
2024-01-31 03:15:00,1.08412,1.08423,1.08392,1.08403,532,11,0
2024-01-31 03:30:00,1.08403,1.08419,1.08372,1.08372,1034,11,0
2024-01-31 03:45:00,1.08372,1.0838,1.08307,1.08307,720,11,0
2024-01-31 04:00:00,1.08306,1.08307,1.08214,1.08217,726,11,0
2024-01-31 04:15:00,1.08218,1.08247,1.08194,1.082,515,11,0
2024-01-31 04:30:00,1.08197,1.08205,1.08163,1.08167,577,11,0
2024-01-31 04:45:00,1.08166,1.08177,1.08156,1.08174,387,11,0
2024-01-31 05:00:00,1.08175,1.08181,1.0816,1.08171,427,11,0
2024-01-31 05:15:00,1.08171,1.08183,1.08158,1.08177,242,11,0
2024-01-31 05:30:00,1.08175,1.08183,1.08154,1.08159,288,11,0
2024-01-31 05:45:00,1.08159,1.08184,1.08159,1.08181,288,11,0
2024-01-31 06:00:00,1.08181,1.08196,1.08176,1.08194,240,11,0
2024-01-31 06:15:00,1.08192,1.08195,1.08184,1.08184,205,11,0
2024-01-31 06:30:00,1.08185,1.08201,1.08183,1.082,189,12,0
2024-01-31 06:45:00,1.082,1.08216,1.08189,1.082,305,11,0
2024-01-31 07:00:00,1.082,1.08206,1.08184,1.08191,343,11,0
2024-01-31 07:15:00,1.08191,1.082,1.08185,1.08196,198,11,0
2024-01-31 07:30:00,1.08195,1.08197,1.0817,1.08194,307,11,0
2024-01-31 07:45:00,1.08194,1.08214,1.0818699999999999,1.08199,323,11,0
2024-01-31 08:00:00,1.082,1.08214,1.08178,1.08178,300,11,0
2024-01-31 08:15:00,1.08179,1.08192,1.0817,1.08176,434,11,0
2024-01-31 08:30:00,1.08176,1.0818,1.08157,1.08174,267,11,0
2024-01-31 08:45:00,1.08174,1.08176,1.08144,1.0815,344,11,0
2024-01-31 09:00:00,1.08149,1.08205,1.0814300000000001,1.08196,628,11,0
2024-01-31 09:15:00,1.08198,1.08205,1.08168,1.0820400000000001,523,11,0
2024-01-31 09:30:00,1.0820400000000001,1.0821,1.08161,1.08175,516,11,0
2024-01-31 09:45:00,1.08144,1.08171,1.08054,1.08156,1094,11,0
2024-01-31 10:00:00,1.08154,1.0818699999999999,1.08087,1.08117,1505,11,0
2024-01-31 10:15:00,1.0812,1.08231,1.08088,1.0818,806,11,0
2024-01-31 10:30:00,1.0818,1.0825,1.08176,1.08236,883,11,0
2024-01-31 10:45:00,1.08236,1.08256,1.08163,1.08183,1126,11,0
2024-01-31 11:00:00,1.0819,1.08342,1.08156,1.0832,1386,11,0
2024-01-31 11:15:00,1.08324,1.08352,1.0826500000000001,1.08345,1067,11,0
2024-01-31 11:30:00,1.08345,1.08363,1.0829,1.08312,944,11,0
2024-01-31 11:45:00,1.08311,1.08321,1.08212,1.08217,942,11,0
2024-01-31 12:00:00,1.08217,1.08272,1.08217,1.08257,626,11,0
2024-01-31 12:15:00,1.08257,1.08293,1.08226,1.08293,648,11,0
2024-01-31 12:30:00,1.08289,1.08294,1.08268,1.08279,535,11,0
2024-01-31 12:45:00,1.08279,1.08308,1.08207,1.0824799999999999,677,11,0
2024-01-31 13:00:00,1.08251,1.08338,1.0824799999999999,1.08335,727,11,0
2024-01-31 13:15:00,1.08336,1.08398,1.08335,1.08389,797,11,0
2024-01-31 13:30:00,1.08389,1.08394,1.08358,1.08362,506,11,0
2024-01-31 13:45:00,1.08362,1.0839,1.08346,1.08384,515,11,0
2024-01-31 14:00:00,1.08385,1.08424,1.08353,1.08381,758,11,0
2024-01-31 14:15:00,1.0838,1.08395,1.0833,1.08337,639,11,0
2024-01-31 14:30:00,1.08339,1.0838,1.08329,1.08369,638,11,0
2024-01-31 14:45:00,1.0836999999999999,1.08397,1.08351,1.08362,543,11,0
2024-01-31 15:00:00,1.08362,1.08399,1.0834,1.0838700000000001,853,11,0
2024-01-31 15:15:00,1.08383,1.08504,1.08383,1.08445,1170,11,0
2024-01-31 15:30:00,1.08444,1.08579,1.08444,1.08537,1784,11,0
2024-01-31 15:45:00,1.08537,1.08624,1.08524,1.0857,1264,11,0
2024-01-31 16:00:00,1.08568,1.08692,1.08516,1.08688,1257,11,0
2024-01-31 16:15:00,1.08685,1.08686,1.08594,1.08647,1071,11,0
2024-01-31 16:30:00,1.08649,1.08803,1.08645,1.08746,1197,11,0
2024-01-31 16:45:00,1.08746,1.0886,1.08707,1.08794,1446,11,0
2024-01-31 17:00:00,1.08793,1.08868,1.08709,1.08741,1420,11,0
2024-01-31 17:15:00,1.08742,1.08801,1.08619,1.08638,1381,11,0
2024-01-31 17:30:00,1.08635,1.08662,1.08548,1.08565,1279,11,0
2024-01-31 17:45:00,1.08564,1.08636,1.08536,1.08607,1316,11,0
2024-01-31 18:00:00,1.0861,1.08672,1.08513,1.08519,1329,11,0
2024-01-31 18:15:00,1.08518,1.08566,1.08443,1.08464,1166,11,0
2024-01-31 18:30:00,1.08465,1.08493,1.08446,1.08475,928,11,0
2024-01-31 18:45:00,1.08473,1.08575,1.08466,1.08539,816,11,0
2024-01-31 19:00:00,1.08539,1.0854,1.08495,1.08514,676,11,0
2024-01-31 19:15:00,1.08514,1.08521,1.08413,1.08434,675,11,0
2024-01-31 19:30:00,1.08433,1.08504,1.08433,1.08503,551,11,0
2024-01-31 19:45:00,1.08503,1.08515,1.08468,1.0849199999999999,588,11,0
2024-01-31 20:00:00,1.0849199999999999,1.0852,1.08472,1.0848200000000001,638,11,0
2024-01-31 20:15:00,1.0848200000000001,1.08496,1.08446,1.08474,798,11,0
2024-01-31 20:30:00,1.08473,1.0849199999999999,1.08442,1.08474,568,11,0
2024-01-31 20:45:00,1.08474,1.08477,1.08432,1.08443,605,11,0
2024-01-31 21:00:00,1.08446,1.08559,1.08152,1.08305,2045,13,0
2024-01-31 21:15:00,1.0830899999999999,1.08361,1.08228,1.0830899999999999,1505,13,0
2024-01-31 21:30:00,1.08307,1.08635,1.08242,1.0857,2045,13,0
2024-01-31 21:45:00,1.08568,1.08634,1.08365,1.08402,1886,13,0
2024-01-31 22:00:00,1.08399,1.08409,1.07959,1.08123,2072,13,0
2024-01-31 22:15:00,1.08121,1.08174,1.08018,1.0802100000000001,1792,13,0
2024-01-31 22:30:00,1.0802100000000001,1.08076,1.07943,1.08032,1340,13,0
2024-01-31 22:45:00,1.08031,1.08074,1.07995,1.08073,1136,11,0
2024-01-31 23:00:00,1.0807,1.08114,1.08049,1.08056,752,12,0
2024-01-31 23:15:00,1.08053,1.08147,1.08048,1.08113,554,13,0
2024-01-31 23:30:00,1.08113,1.0818699999999999,1.08098,1.08136,428,11,0
2024-01-31 23:45:00,1.08133,1.08191,1.08113,1.08169,281,11,0
2024-02-01 00:00:00,1.08155,1.08182,1.08147,1.08179,77,15,0
2024-02-01 00:15:00,1.08181,1.0818699999999999,1.0817,1.08182,72,11,0
2024-02-01 00:30:00,1.08182,1.08193,1.08144,1.08147,124,15,0
2024-02-01 00:45:00,1.08141,1.08142,1.08067,1.0813,238,17,0
2024-02-01 01:00:00,1.0812599999999999,1.08154,1.08115,1.08134,202,11,0
2024-02-01 01:15:00,1.0813,1.08136,1.08089,1.08094,261,11,0
2024-02-01 01:30:00,1.08092,1.08105,1.0808200000000001,1.08097,222,11,0
2024-02-01 01:45:00,1.08097,1.08104,1.08026,1.08033,280,11,0
2024-02-01 02:00:00,1.08033,1.08059,1.08016,1.08023,482,11,0
2024-02-01 02:15:00,1.0802100000000001,1.08093,1.08013,1.08092,507,11,0
2024-02-01 02:30:00,1.08092,1.08131,1.08086,1.08127,517,11,0
2024-02-01 02:45:00,1.08127,1.08139,1.08076,1.08077,667,11,0
2024-02-01 03:00:00,1.08077,1.08105,1.08039,1.08098,753,11,0
2024-02-01 03:15:00,1.08097,1.08119,1.08079,1.08095,621,11,0
2024-02-01 03:30:00,1.08095,1.081,1.0806,1.08086,923,11,0
2024-02-01 03:45:00,1.08086,1.08096,1.0806,1.08084,654,11,0
2024-02-01 04:00:00,1.08083,1.08177,1.08079,1.08161,935,11,0
2024-02-01 04:15:00,1.08163,1.08186,1.08157,1.08169,435,11,0
2024-02-01 04:30:00,1.08169,1.08211,1.08168,1.0821,553,11,0
2024-02-01 04:45:00,1.08211,1.08212,1.08183,1.0818699999999999,433,11,0
2024-02-01 05:00:00,1.0818699999999999,1.08201,1.08176,1.08189,538,11,0
2024-02-01 05:15:00,1.0819,1.08194,1.0813,1.08137,403,11,0
2024-02-01 05:30:00,1.08138,1.08138,1.08103,1.08127,396,11,0
2024-02-01 05:45:00,1.08127,1.0814300000000001,1.0811,1.08112,408,11,0
2024-02-01 06:00:00,1.08113,1.08122,1.08104,1.08106,306,11,0
2024-02-01 06:15:00,1.08105,1.08131,1.08088,1.08089,340,11,0
2024-02-01 06:30:00,1.0809,1.0809,1.08068,1.08071,320,11,0
2024-02-01 06:45:00,1.0807,1.08085,1.08046,1.08072,267,11,0
2024-02-01 07:00:00,1.08072,1.08072,1.08029,1.08052,357,11,0
2024-02-01 07:15:00,1.08052,1.08062,1.08036,1.08045,365,11,0
2024-02-01 07:30:00,1.08044,1.08053,1.08023,1.08039,481,11,0
2024-02-01 07:45:00,1.0804,1.08053,1.08022,1.08022,387,11,0
2024-02-01 08:00:00,1.08022,1.08044,1.08017,1.08027,716,11,0
2024-02-01 08:15:00,1.08028,1.08033,1.07993,1.07997,504,11,0
2024-02-01 08:30:00,1.07997,1.08037,1.07988,1.0801,333,11,0
2024-02-01 08:45:00,1.08008,1.08014,1.07932,1.07954,387,11,0
2024-02-01 09:00:00,1.07942,1.07968,1.07903,1.0791,815,11,0
2024-02-01 09:15:00,1.0791,1.07913,1.07834,1.07834,864,11,0
2024-02-01 09:30:00,1.07834,1.07889,1.07833,1.07846,794,11,0
2024-02-01 09:45:00,1.07846,1.07936,1.07834,1.07929,950,11,0
2024-02-01 10:00:00,1.07928,1.07935,1.07807,1.07851,1134,11,0
2024-02-01 10:15:00,1.07854,1.07889,1.07823,1.07823,1225,11,0
2024-02-01 10:30:00,1.07823,1.07862,1.07794,1.07856,985,11,0
2024-02-01 10:45:00,1.07854,1.07916,1.07845,1.07911,1006,11,0
2024-02-01 11:00:00,1.07911,1.07926,1.0786,1.07921,1039,11,0
2024-02-01 11:15:00,1.07921,1.07988,1.079,1.07977,933,11,0
2024-02-01 11:30:00,1.0798,1.07994,1.07934,1.07937,1115,11,0
2024-02-01 11:45:00,1.07939,1.0801,1.07939,1.07978,725,11,0
2024-02-01 12:00:00,1.07978,1.08023,1.0795,1.08009,899,11,0
2024-02-01 12:15:00,1.08008,1.08013,1.07943,1.07959,828,11,0
2024-02-01 12:30:00,1.0796000000000001,1.07993,1.07939,1.07965,787,11,0
2024-02-01 12:45:00,1.07963,1.07975,1.0790899999999999,1.07926,875,11,0
2024-02-01 13:00:00,1.07926,1.07964,1.0792,1.07938,822,11,0
2024-02-01 13:15:00,1.07938,1.08064,1.07926,1.08052,893,11,0
2024-02-01 13:30:00,1.08052,1.081,1.08029,1.08067,864,11,0
2024-02-01 13:45:00,1.08067,1.08127,1.08055,1.08078,782,11,0
2024-02-01 14:00:00,1.08078,1.08133,1.08049,1.08114,1354,11,0
2024-02-01 14:15:00,1.08115,1.08165,1.08101,1.08139,1123,11,0
2024-02-01 14:30:00,1.08137,1.08171,1.08073,1.08171,1076,11,0
2024-02-01 14:45:00,1.08172,1.08193,1.08127,1.08147,1104,11,0
2024-02-01 15:00:00,1.08145,1.08169,1.08098,1.08146,1036,11,0
2024-02-01 15:15:00,1.08149,1.08162,1.08081,1.08124,1050,11,0
2024-02-01 15:30:00,1.08125,1.08254,1.08125,1.08224,1643,11,0
2024-02-01 15:45:00,1.08224,1.08268,1.08133,1.08133,1179,11,0
2024-02-01 16:00:00,1.08133,1.08194,1.0811,1.08189,1082,11,0
2024-02-01 16:15:00,1.08189,1.08209,1.08144,1.08154,832,11,0
2024-02-01 16:30:00,1.08154,1.0824,1.08119,1.0823,1037,11,0
2024-02-01 16:45:00,1.0822,1.08292,1.0818,1.08263,1098,11,0
2024-02-01 17:00:00,1.0826500000000001,1.08272,1.08071,1.08228,1719,11,0
2024-02-01 17:15:00,1.08227,1.08311,1.08199,1.08308,1378,11,0
2024-02-01 17:30:00,1.08308,1.08313,1.08236,1.08275,1245,11,0
2024-02-01 17:45:00,1.08275,1.08312,1.0824,1.08259,1174,11,0
2024-02-01 18:00:00,1.08259,1.0843099999999999,1.08259,1.08414,1182,11,0
2024-02-01 18:15:00,1.08416,1.08502,1.08408,1.08488,1252,11,0
2024-02-01 18:30:00,1.08488,1.08598,1.08471,1.08591,1106,11,0
2024-02-01 18:45:00,1.08595,1.08654,1.0858,1.08639,1101,11,0
2024-02-01 19:00:00,1.08642,1.08742,1.08615,1.08688,1165,11,0
2024-02-01 19:15:00,1.08688,1.08704,1.08608,1.0861,954,11,0
2024-02-01 19:30:00,1.08615,1.08682,1.08601,1.08661,875,11,0
2024-02-01 19:45:00,1.08657,1.08742,1.08657,1.08722,893,11,0
2024-02-01 20:00:00,1.08722,1.08728,1.08642,1.0869,935,11,0
2024-02-01 20:15:00,1.08691,1.08693,1.08625,1.08629,884,11,0
2024-02-01 20:30:00,1.08629,1.08708,1.08624,1.08686,849,11,0
2024-02-01 20:45:00,1.08685,1.08709,1.08651,1.08693,741,11,0
2024-02-01 21:00:00,1.08692,1.08741,1.08692,1.0874,718,11,0
2024-02-01 21:15:00,1.08741,1.08743,1.08709,1.08727,710,11,0
2024-02-01 21:30:00,1.08733,1.08735,1.08673,1.08722,694,11,0
2024-02-01 21:45:00,1.08721,1.08735,1.08711,1.08715,675,11,0
2024-02-01 22:00:00,1.08714,1.08742,1.08707,1.0872,541,11,0
2024-02-01 22:15:00,1.08721,1.08723,1.08691,1.08705,456,11,0
2024-02-01 22:30:00,1.08705,1.08714,1.0869,1.08701,418,11,0
2024-02-01 22:45:00,1.08701,1.08714,1.08676,1.08709,573,11,0
2024-02-01 23:00:00,1.0871,1.0871,1.0867499999999999,1.08698,389,11,0
2024-02-01 23:15:00,1.08698,1.08724,1.08697,1.08701,315,11,0
2024-02-01 23:30:00,1.08708,1.08725,1.08697,1.08707,333,11,0
2024-02-01 23:45:00,1.08709,1.08719,1.08701,1.08713,350,11,0
2024-02-02 00:00:00,1.08715,1.08722,1.08694,1.08714,61,15,0
2024-02-02 00:15:00,1.08714,1.08737,1.08639,1.08718,145,17,0
2024-02-02 00:30:00,1.08722,1.08727,1.08706,1.08722,300,17,0
2024-02-02 00:45:00,1.08722,1.08728,1.08707,1.0871,127,15,0
2024-02-02 01:00:00,1.08722,1.08757,1.08718,1.08746,234,11,0
2024-02-02 01:15:00,1.08746,1.08749,1.08731,1.08739,190,11,0
2024-02-02 01:30:00,1.08739,1.08739,1.0872600000000001,1.08731,155,11,0
2024-02-02 01:45:00,1.0873,1.0874,1.0873,1.08737,122,11,0
2024-02-02 02:00:00,1.0873599999999999,1.08769,1.08733,1.08763,378,11,0
2024-02-02 02:15:00,1.08763,1.08792,1.08752,1.08788,254,11,0
2024-02-02 02:30:00,1.08788,1.08793,1.08776,1.0878700000000001,235,11,0
2024-02-02 02:45:00,1.08784,1.08785,1.0871,1.08722,418,11,0
2024-02-02 03:00:00,1.08722,1.08754,1.08702,1.08728,496,11,0
2024-02-02 03:15:00,1.08729,1.08739,1.08714,1.08731,406,11,0
2024-02-02 03:30:00,1.0873,1.0874,1.08701,1.08724,763,11,0
2024-02-02 03:45:00,1.08723,1.08725,1.08695,1.0871,541,11,0
2024-02-02 04:00:00,1.08711,1.0873599999999999,1.08708,1.08723,417,11,0
2024-02-02 04:15:00,1.08722,1.08733,1.08717,1.08731,374,11,0
2024-02-02 04:30:00,1.08731,1.08743,1.08717,1.08733,363,11,0
2024-02-02 04:45:00,1.08733,1.08781,1.08731,1.08778,370,11,0
2024-02-02 05:00:00,1.08778,1.08784,1.08758,1.08764,292,11,0
2024-02-02 05:15:00,1.08764,1.08768,1.08737,1.08741,263,11,0
2024-02-02 05:30:00,1.08741,1.08748,1.08728,1.08733,358,11,0
2024-02-02 05:45:00,1.08733,1.08764,1.08731,1.08762,237,11,0
2024-02-02 06:00:00,1.08762,1.08767,1.0875,1.08753,325,11,0
2024-02-02 06:15:00,1.08753,1.08761,1.08733,1.08733,339,11,0
2024-02-02 06:30:00,1.08733,1.08741,1.08728,1.08728,165,11,0
2024-02-02 06:45:00,1.08728,1.08738,1.08714,1.08725,294,11,0
2024-02-02 07:00:00,1.0872600000000001,1.08741,1.08717,1.08734,346,11,0
2024-02-02 07:15:00,1.08734,1.08775,1.08729,1.08763,407,11,0
2024-02-02 07:30:00,1.08764,1.08808,1.08762,1.08801,372,11,0
2024-02-02 07:45:00,1.08798,1.08818,1.08768,1.08768,344,11,0
2024-02-02 08:00:00,1.08767,1.08805,1.08759,1.08799,314,11,0
2024-02-02 08:15:00,1.08797,1.08797,1.08756,1.08784,445,11,0
2024-02-02 08:30:00,1.0878700000000001,1.08798,1.08767,1.08785,471,11,0
2024-02-02 08:45:00,1.08784,1.08796,1.08733,1.08753,545,11,0
2024-02-02 09:00:00,1.08745,1.08832,1.0873599999999999,1.08829,603,11,0
2024-02-02 09:15:00,1.0883,1.08865,1.08798,1.08799,664,11,0
2024-02-02 09:30:00,1.08799,1.08851,1.08795,1.08819,808,11,0
2024-02-02 09:45:00,1.08822,1.0883,1.08772,1.08802,711,11,0
2024-02-02 10:00:00,1.08803,1.08897,1.08794,1.08869,939,11,0
2024-02-02 10:15:00,1.08869,1.08869,1.08755,1.08767,882,11,0
2024-02-02 10:30:00,1.08767,1.08794,1.0873,1.08774,710,11,0
2024-02-02 10:45:00,1.08774,1.08797,1.08739,1.08789,542,11,0
2024-02-02 11:00:00,1.0878700000000001,1.08869,1.0878700000000001,1.08852,838,11,0
2024-02-02 11:15:00,1.08851,1.08946,1.08839,1.08945,689,11,0
2024-02-02 11:30:00,1.08945,1.0897000000000001,1.0891,1.08965,555,11,0
2024-02-02 11:45:00,1.08965,1.08968,1.08875,1.08901,624,11,0
2024-02-02 12:00:00,1.089,1.08944,1.08885,1.08902,481,11,0
2024-02-02 12:15:00,1.08902,1.08922,1.08846,1.08872,460,11,0
2024-02-02 12:30:00,1.08873,1.08879,1.08807,1.08809,610,11,0
2024-02-02 12:45:00,1.08809,1.08863,1.08803,1.08839,523,11,0
2024-02-02 13:00:00,1.0884,1.08859,1.08783,1.08788,554,11,0
2024-02-02 13:15:00,1.08788,1.08829,1.08776,1.08829,649,11,0
2024-02-02 13:30:00,1.08829,1.08843,1.08816,1.08825,416,11,0
2024-02-02 13:45:00,1.08825,1.08834,1.08801,1.0883099999999999,520,11,0
2024-02-02 14:00:00,1.0883099999999999,1.08844,1.08797,1.08805,483,11,0
2024-02-02 14:15:00,1.08805,1.08841,1.08802,1.08815,501,11,0
2024-02-02 14:30:00,1.08809,1.08825,1.08773,1.08784,693,11,0
2024-02-02 14:45:00,1.08783,1.08826,1.0877,1.08798,568,11,0
2024-02-02 15:00:00,1.08798,1.0885,1.0878700000000001,1.08847,735,11,0
2024-02-02 15:15:00,1.08847,1.08855,1.08803,1.08835,902,11,0
2024-02-02 15:30:00,1.08833,1.08834,1.08106,1.08272,1565,11,0
2024-02-02 15:45:00,1.08271,1.08271,1.08029,1.08069,1181,11,0
2024-02-02 16:00:00,1.0806499999999999,1.08081,1.0791,1.08029,1221,11,0
2024-02-02 16:15:00,1.08029,1.08078,1.07987,1.07987,1017,11,0
2024-02-02 16:30:00,1.07988,1.08051,1.07936,1.08019,1056,11,0
2024-02-02 16:45:00,1.08019,1.08163,1.08019,1.08085,958,11,0
2024-02-02 17:00:00,1.08071,1.0811,1.07894,1.07928,1171,11,0
2024-02-02 17:15:00,1.07929,1.07933,1.07836,1.07841,986,11,0
2024-02-02 17:30:00,1.07839,1.0798,1.07827,1.07966,909,11,0
2024-02-02 17:45:00,1.07963,1.08038,1.0794,1.08019,906,11,0
2024-02-02 18:00:00,1.08019,1.08032,1.07944,1.07948,935,11,0
2024-02-02 18:15:00,1.07948,1.07967,1.0789900000000001,1.07929,773,11,0
2024-02-02 18:30:00,1.07927,1.07943,1.07849,1.07856,672,11,0
2024-02-02 18:45:00,1.07854,1.07857,1.07819,1.07856,568,11,0
2024-02-02 19:00:00,1.07856,1.07874,1.07823,1.07865,574,11,0
2024-02-02 19:15:00,1.07863,1.0792,1.07853,1.07884,617,11,0
2024-02-02 19:30:00,1.07883,1.07907,1.07821,1.07826,638,11,0
2024-02-02 19:45:00,1.07825,1.07845,1.07803,1.07829,716,11,0
2024-02-02 20:00:00,1.07829,1.07842,1.07799,1.07809,529,11,0
2024-02-02 20:15:00,1.07809,1.07859,1.07799,1.07827,589,11,0
2024-02-02 20:30:00,1.07825,1.07905,1.07814,1.07903,618,11,0
2024-02-02 20:45:00,1.07904,1.07905,1.07847,1.07876,509,11,0
2024-02-02 21:00:00,1.07877,1.07904,1.07856,1.079,397,11,0
2024-02-02 21:15:00,1.079,1.07921,1.07883,1.07901,478,11,0
2024-02-02 21:30:00,1.07902,1.07929,1.0789,1.07923,467,11,0
2024-02-02 21:45:00,1.0792,1.0795,1.07898,1.07919,551,11,0
2024-02-02 22:00:00,1.07919,1.07963,1.07913,1.07953,420,11,0
2024-02-02 22:15:00,1.07953,1.07968,1.07921,1.07948,398,11,0
2024-02-02 22:30:00,1.07945,1.07945,1.07919,1.07925,490,11,0
2024-02-02 22:45:00,1.07925,1.07949,1.07923,1.07925,576,11,0
2024-02-02 23:00:00,1.07924,1.07932,1.07918,1.07932,239,11,0
2024-02-02 23:15:00,1.07933,1.07934,1.07903,1.0791,204,11,0
2024-02-02 23:30:00,1.0791,1.07911,1.07869,1.07875,190,11,0
2024-02-02 23:45:00,1.07876,1.07892,1.0787,1.07871,333,11,0
2024-02-05 00:00:00,1.0785,1.07853,1.07802,1.07809,93,19,0
2024-02-05 00:15:00,1.07809,1.07845,1.07809,1.07843,144,25,0
2024-02-05 00:30:00,1.07843,1.07854,1.07816,1.07851,113,29,0
2024-02-05 00:45:00,1.07851,1.07865,1.07778,1.0779,242,16,0
2024-02-05 01:00:00,1.07796,1.07829,1.07701,1.07708,535,11,0
2024-02-05 01:15:00,1.07707,1.07734,1.07693,1.07733,319,11,0
2024-02-05 01:30:00,1.07733,1.07793,1.07733,1.07765,358,11,0
2024-02-05 01:45:00,1.07765,1.07807,1.0776,1.07791,442,11,0
2024-02-05 02:00:00,1.07792,1.07825,1.07703,1.07771,1182,12,0
2024-02-05 02:15:00,1.07772,1.07774,1.07697,1.07724,1244,13,0
2024-02-05 02:30:00,1.07725,1.07728,1.07667,1.07694,1121,11,0
2024-02-05 02:45:00,1.07693,1.07738,1.07669,1.07718,582,11,0
2024-02-05 03:00:00,1.07719,1.07768,1.07713,1.07715,701,11,0
2024-02-05 03:15:00,1.07715,1.07722,1.0768,1.07706,779,11,0
2024-02-05 03:30:00,1.07706,1.07762,1.07706,1.07752,669,11,0
2024-02-05 03:45:00,1.07753,1.07782,1.07732,1.0777700000000001,665,11,0
2024-02-05 04:00:00,1.07775,1.07799,1.07771,1.07791,561,11,0
2024-02-05 04:15:00,1.07791,1.07806,1.07764,1.07793,684,11,0
2024-02-05 04:30:00,1.07793,1.07801,1.07764,1.07774,554,11,0
2024-02-05 04:45:00,1.07774,1.07793,1.07751,1.07782,399,11,0
2024-02-05 05:00:00,1.07782,1.07803,1.07756,1.07763,499,11,0
2024-02-05 05:15:00,1.07764,1.0778,1.07739,1.07756,313,11,0
2024-02-05 05:30:00,1.07756,1.07783,1.07754,1.07779,295,11,0
2024-02-05 05:45:00,1.0778,1.07803,1.07774,1.07784,309,11,0
2024-02-05 06:00:00,1.07784,1.07794,1.07767,1.07774,191,11,0
2024-02-05 06:15:00,1.07774,1.07789,1.07764,1.07769,228,11,0
2024-02-05 06:30:00,1.07769,1.07785,1.07749,1.07753,221,11,0
2024-02-05 06:45:00,1.07754,1.07784,1.0775,1.07784,263,11,0
2024-02-05 07:00:00,1.07785,1.07785,1.07727,1.07756,506,11,0
2024-02-05 07:15:00,1.07758,1.07792,1.07755,1.07783,307,11,0
2024-02-05 07:30:00,1.07783,1.07789,1.07751,1.07775,350,11,0
2024-02-05 07:45:00,1.07774,1.07817,1.07752,1.07815,592,11,0
2024-02-05 08:00:00,1.07815,1.07842,1.07791,1.07817,454,11,0
2024-02-05 08:15:00,1.07817,1.07843,1.07795,1.07842,322,11,0
2024-02-05 08:30:00,1.07842,1.07842,1.07781,1.07791,525,11,0
2024-02-05 08:45:00,1.07792,1.07807,1.07768,1.07775,517,11,0
2024-02-05 09:00:00,1.07769,1.07779,1.07738,1.07741,651,11,0
2024-02-05 09:15:00,1.07743,1.07758,1.07728,1.07744,489,11,0
2024-02-05 09:30:00,1.07743,1.07826,1.07721,1.07795,549,11,0
2024-02-05 09:45:00,1.07795,1.07814,1.07765,1.07797,636,11,0
2024-02-05 10:00:00,1.07797,1.07856,1.07765,1.07839,872,11,0
2024-02-05 10:15:00,1.07839,1.07846,1.07722,1.07722,897,11,0
2024-02-05 10:30:00,1.07722,1.07737,1.07674,1.07693,839,11,0
2024-02-05 10:45:00,1.07695,1.07703,1.07629,1.07661,980,11,0
2024-02-05 11:00:00,1.07662,1.07722,1.0765500000000001,1.0766499999999999,904,11,0
2024-02-05 11:15:00,1.0766499999999999,1.07666,1.076,1.07608,638,11,0
2024-02-05 11:30:00,1.07614,1.0763,1.07593,1.07597,727,11,0
2024-02-05 11:45:00,1.07597,1.07612,1.07514,1.07531,708,11,0
2024-02-05 12:00:00,1.07531,1.07556,1.0749900000000001,1.07525,848,11,0
2024-02-05 12:15:00,1.07523,1.07549,1.07492,1.07497,715,11,0
2024-02-05 12:30:00,1.07495,1.07545,1.07473,1.07489,733,11,0
2024-02-05 12:45:00,1.07489,1.07516,1.07472,1.07489,552,11,0
2024-02-05 13:00:00,1.07492,1.07537,1.07464,1.07522,465,11,0
2024-02-05 13:15:00,1.07523,1.07568,1.07513,1.07558,525,11,0
2024-02-05 13:30:00,1.07559,1.07562,1.07478,1.07547,784,11,0
2024-02-05 13:45:00,1.07548,1.0758,1.07505,1.07542,876,11,0
2024-02-05 14:00:00,1.07542,1.07556,1.07488,1.07517,857,11,0
2024-02-05 14:15:00,1.07518,1.07572,1.07504,1.07565,660,11,0
2024-02-05 14:30:00,1.07566,1.07571,1.07502,1.07502,748,11,0
2024-02-05 14:45:00,1.07503,1.0754299999999999,1.0749,1.07491,764,11,0
2024-02-05 15:00:00,1.07491,1.07501,1.07443,1.0746,844,11,0
2024-02-05 15:15:00,1.0746,1.07471,1.07444,1.07452,847,11,0
2024-02-05 15:30:00,1.07452,1.07474,1.07425,1.07431,803,11,0
2024-02-05 15:45:00,1.0743,1.07451,1.07357,1.07369,825,11,0
2024-02-05 16:00:00,1.0737,1.07441,1.07367,1.0744,768,11,0
2024-02-05 16:15:00,1.0744,1.07443,1.07412,1.07414,673,11,0
2024-02-05 16:30:00,1.07414,1.07437,1.07344,1.07348,1104,11,0
2024-02-05 16:45:00,1.07351,1.07435,1.07351,1.07414,1151,11,0
2024-02-05 17:00:00,1.07298,1.0734,1.07247,1.07334,1851,11,0
2024-02-05 17:15:00,1.07334,1.07372,1.07265,1.0735999999999999,1317,11,0
2024-02-05 17:30:00,1.07361,1.0737700000000001,1.07225,1.07249,1256,11,0
2024-02-05 17:45:00,1.07249,1.07311,1.0723,1.07248,1115,11,0
2024-02-05 18:00:00,1.07247,1.0731,1.07241,1.07264,726,11,0
2024-02-05 18:15:00,1.07264,1.07289,1.07249,1.07268,756,11,0
2024-02-05 18:30:00,1.07268,1.07311,1.07267,1.07279,709,11,0
2024-02-05 18:45:00,1.07279,1.07355,1.07279,1.07348,443,11,0
2024-02-05 19:00:00,1.07348,1.0735999999999999,1.07335,1.07352,506,11,0
2024-02-05 19:15:00,1.07352,1.07407,1.07349,1.07399,455,11,0
2024-02-05 19:30:00,1.07399,1.07423,1.07373,1.07379,583,11,0
2024-02-05 19:45:00,1.07379,1.07415,1.07374,1.07388,545,11,0
2024-02-05 20:00:00,1.07388,1.07433,1.07369,1.07424,608,11,0
2024-02-05 20:15:00,1.07423,1.0743800000000001,1.07404,1.07409,438,11,0
2024-02-05 20:30:00,1.07409,1.07454,1.07408,1.07439,420,11,0
2024-02-05 20:45:00,1.0744,1.07461,1.07423,1.07435,419,11,0
2024-02-05 21:00:00,1.07435,1.07456,1.07426,1.07432,553,11,0
2024-02-05 21:15:00,1.07432,1.07455,1.07418,1.07448,372,11,0
2024-02-05 21:30:00,1.07448,1.07459,1.07427,1.07429,312,11,0
2024-02-05 21:45:00,1.07429,1.07448,1.07416,1.07424,341,11,0
2024-02-05 22:00:00,1.07424,1.07426,1.07362,1.07366,468,11,0
2024-02-05 22:15:00,1.07366,1.07397,1.07363,1.07387,583,11,0
2024-02-05 22:30:00,1.07386,1.07414,1.07383,1.07409,498,11,0
2024-02-05 22:45:00,1.07409,1.07437,1.07409,1.0742,597,11,0
2024-02-05 23:00:00,1.0742099999999999,1.07424,1.07391,1.07393,257,11,0
2024-02-05 23:15:00,1.07393,1.07401,1.07388,1.07395,211,11,0
2024-02-05 23:30:00,1.07395,1.07404,1.07391,1.07402,249,11,0
2024-02-05 23:45:00,1.07403,1.07415,1.07398,1.07414,212,11,0
2024-02-06 00:00:00,1.0739,1.07419,1.0739,1.07398,77,15,0
2024-02-06 00:15:00,1.07398,1.07404,1.07367,1.0739,131,15,0
2024-02-06 00:30:00,1.0739,1.07419,1.07387,1.07411,87,15,0
2024-02-06 00:45:00,1.07411,1.07433,1.07407,1.0742,128,15,0
2024-02-06 01:00:00,1.0743,1.0743,1.07416,1.07422,117,11,0
2024-02-06 01:15:00,1.07422,1.07427,1.0742,1.07424,82,12,0
2024-02-06 01:30:00,1.07424,1.07425,1.07406,1.07422,149,11,0
2024-02-06 01:45:00,1.07423,1.07428,1.07403,1.07405,169,11,0
2024-02-06 02:00:00,1.07406,1.07433,1.07406,1.07417,285,11,0
2024-02-06 02:15:00,1.07417,1.07428,1.07415,1.07418,297,11,0
2024-02-06 02:30:00,1.07418,1.07436,1.07416,1.07433,210,11,0
2024-02-06 02:45:00,1.07433,1.07446,1.07424,1.07433,280,11,0
2024-02-06 03:00:00,1.07434,1.07467,1.07431,1.07459,840,11,0
2024-02-06 03:15:00,1.07459,1.07464,1.07422,1.07443,522,11,0
2024-02-06 03:30:00,1.07443,1.07456,1.07411,1.07426,482,11,0
2024-02-06 03:45:00,1.07426,1.07458,1.07423,1.07447,547,11,0
2024-02-06 04:00:00,1.07447,1.07461,1.07433,1.0744,380,11,0
2024-02-06 04:15:00,1.0744,1.07454,1.07437,1.07446,304,11,0
2024-02-06 04:30:00,1.07446,1.07485,1.07444,1.07483,313,11,0
2024-02-06 04:45:00,1.07483,1.07485,1.07449,1.07454,202,11,0
2024-02-06 05:00:00,1.07454,1.07465,1.07448,1.07453,223,11,0
2024-02-06 05:15:00,1.07453,1.07475,1.07448,1.07456,280,11,0
2024-02-06 05:30:00,1.07456,1.07481,1.0743800000000001,1.0743800000000001,630,11,0
2024-02-06 05:45:00,1.0743800000000001,1.07448,1.07428,1.07433,373,11,0
2024-02-06 06:00:00,1.07433,1.07448,1.07428,1.07439,238,11,0
2024-02-06 06:15:00,1.07439,1.07497,1.07433,1.07497,344,11,0
2024-02-06 06:30:00,1.07496,1.07498,1.07465,1.07479,375,11,0
2024-02-06 06:45:00,1.07479,1.07497,1.07474,1.07483,336,11,0
2024-02-06 07:00:00,1.07483,1.07511,1.0748199999999999,1.07494,563,11,0
2024-02-06 07:15:00,1.07494,1.07508,1.07485,1.07506,400,11,0
2024-02-06 07:30:00,1.07506,1.07535,1.07505,1.07532,494,11,0
2024-02-06 07:45:00,1.07532,1.07537,1.07519,1.0753,376,11,0
2024-02-06 08:00:00,1.0753,1.0753,1.07487,1.07504,495,11,0
2024-02-06 08:15:00,1.07504,1.07507,1.07486,1.07488,478,11,0
2024-02-06 08:30:00,1.07489,1.07523,1.07476,1.07508,427,11,0
2024-02-06 08:45:00,1.07508,1.07524,1.07498,1.07505,311,11,0
2024-02-06 09:00:00,1.07504,1.07608,1.07502,1.07599,839,11,0
2024-02-06 09:15:00,1.07599,1.07618,1.07567,1.07574,701,11,0
2024-02-06 09:30:00,1.07574,1.07596,1.07535,1.07564,776,11,0
2024-02-06 09:45:00,1.07565,1.0757,1.07511,1.07514,816,11,0
2024-02-06 10:00:00,1.07514,1.0757,1.07514,1.07564,1047,11,0
2024-02-06 10:15:00,1.07563,1.07595,1.0754,1.07558,923,11,0
2024-02-06 10:30:00,1.07557,1.07572,1.07501,1.07514,934,11,0
2024-02-06 10:45:00,1.07511,1.07512,1.07446,1.07457,829,11,0
2024-02-06 11:00:00,1.07459,1.07467,1.07404,1.07432,973,11,0
2024-02-06 11:15:00,1.07432,1.07433,1.07384,1.07402,590,11,0
2024-02-06 11:30:00,1.07408,1.07446,1.07374,1.07378,826,11,0
2024-02-06 11:45:00,1.0737700000000001,1.07378,1.0725,1.07285,819,11,0
2024-02-06 12:00:00,1.07285,1.07333,1.07272,1.07331,630,11,0
2024-02-06 12:15:00,1.07328,1.07359,1.0729899999999999,1.07301,621,11,0
2024-02-06 12:30:00,1.07301,1.07322,1.07272,1.0728,731,11,0
2024-02-06 12:45:00,1.0728,1.07327,1.0727,1.07287,454,11,0
2024-02-06 13:00:00,1.07287,1.07301,1.07249,1.07258,571,11,0
2024-02-06 13:15:00,1.07258,1.07342,1.07237,1.07335,592,11,0
2024-02-06 13:30:00,1.07336,1.0739,1.07319,1.07389,514,11,0
2024-02-06 13:45:00,1.07389,1.07425,1.0738,1.07381,452,11,0
2024-02-06 14:00:00,1.07381,1.07386,1.07341,1.07343,657,11,0
2024-02-06 14:15:00,1.07341,1.07355,1.07265,1.07272,589,11,0
2024-02-06 14:30:00,1.07272,1.07328,1.0722,1.07328,595,11,0
2024-02-06 14:45:00,1.07327,1.07383,1.07321,1.07353,691,11,0
2024-02-06 15:00:00,1.07353,1.07433,1.07315,1.07395,1249,11,0
2024-02-06 15:15:00,1.07396,1.07412,1.07311,1.07312,1151,11,0
2024-02-06 15:30:00,1.07311,1.07342,1.07275,1.07311,717,11,0
2024-02-06 15:45:00,1.07311,1.0733,1.07274,1.0729899999999999,1153,11,0
2024-02-06 16:00:00,1.07297,1.07372,1.07291,1.07345,1044,11,0
2024-02-06 16:15:00,1.07346,1.0735,1.07285,1.07321,1321,11,0
2024-02-06 16:30:00,1.07324,1.07398,1.07295,1.07389,1279,11,0
2024-02-06 16:45:00,1.07389,1.07431,1.07383,1.07398,1114,11,0
2024-02-06 17:00:00,1.07399,1.07466,1.07362,1.07464,1133,11,0
2024-02-06 17:15:00,1.07464,1.07475,1.07389,1.07416,1304,11,0
2024-02-06 17:30:00,1.07416,1.07479,1.07391,1.07446,1195,11,0
2024-02-06 17:45:00,1.07446,1.07457,1.07402,1.07427,1083,11,0
2024-02-06 18:00:00,1.07427,1.07443,1.07385,1.07412,973,11,0
2024-02-06 18:15:00,1.07411,1.07489,1.07411,1.0748,667,11,0
2024-02-06 18:30:00,1.0748,1.07528,1.07452,1.07522,848,11,0
2024-02-06 18:45:00,1.07522,1.07528,1.0749900000000001,1.075,990,11,0
2024-02-06 19:00:00,1.0749900000000001,1.07513,1.07473,1.0749900000000001,929,11,0
2024-02-06 19:15:00,1.075,1.07532,1.07492,1.07509,800,11,0
2024-02-06 19:30:00,1.0751,1.0752,1.07478,1.0751,659,11,0
2024-02-06 19:45:00,1.0751,1.07546,1.07491,1.07506,731,11,0
2024-02-06 20:00:00,1.07505,1.0755,1.07469,1.07486,985,11,0
2024-02-06 20:15:00,1.07485,1.0751,1.07428,1.07453,873,11,0
2024-02-06 20:30:00,1.07455,1.07516,1.07454,1.07512,728,11,0
2024-02-06 20:45:00,1.07512,1.07538,1.07512,1.07534,686,11,0
2024-02-06 21:00:00,1.07533,1.0754,1.07464,1.07467,801,11,0
2024-02-06 21:15:00,1.07466,1.07506,1.07464,1.07475,679,11,0
2024-02-06 21:30:00,1.07474,1.0749900000000001,1.07462,1.07474,865,11,0
2024-02-06 21:45:00,1.07475,1.07498,1.07466,1.07487,675,11,0
2024-02-06 22:00:00,1.07489,1.07538,1.07488,1.07532,477,11,0
2024-02-06 22:15:00,1.07532,1.07534,1.07505,1.07523,436,11,0
2024-02-06 22:30:00,1.07523,1.07538,1.07512,1.07528,551,11,0
2024-02-06 22:45:00,1.07528,1.07568,1.07523,1.07561,473,11,0
2024-02-06 23:00:00,1.07556,1.07558,1.07526,1.07541,300,11,0
2024-02-06 23:15:00,1.07541,1.07541,1.07519,1.07526,133,11,0
2024-02-06 23:30:00,1.07526,1.07544,1.0752,1.07541,193,11,0
2024-02-06 23:45:00,1.07538,1.07556,1.07529,1.07529,355,11,0
2024-02-07 00:00:00,1.07513,1.07548,1.07496,1.07548,80,15,0
2024-02-07 00:15:00,1.07548,1.07548,1.07483,1.07526,152,15,0
2024-02-07 00:30:00,1.07525,1.07539,1.07512,1.07514,290,15,0
2024-02-07 00:45:00,1.07517,1.0754,1.07515,1.07523,90,13,0
2024-02-07 01:00:00,1.07527,1.07563,1.07516,1.07554,187,11,0
2024-02-07 01:15:00,1.07554,1.07554,1.07548,1.07554,73,11,0
2024-02-07 01:30:00,1.07554,1.0756000000000001,1.07549,1.07554,99,11,0
2024-02-07 01:45:00,1.07554,1.07564,1.07551,1.07563,119,11,0
2024-02-07 02:00:00,1.07563,1.07574,1.07556,1.07566,254,11,0
2024-02-07 02:15:00,1.07566,1.07567,1.07554,1.07565,357,11,0
2024-02-07 02:30:00,1.07565,1.0759,1.07564,1.07575,468,11,0
2024-02-07 02:45:00,1.07576,1.07587,1.07565,1.07585,321,11,0
2024-02-07 03:00:00,1.07584,1.07618,1.07583,1.0761,522,11,0
2024-02-07 03:15:00,1.07609,1.07622,1.07599,1.07615,439,11,0
2024-02-07 03:30:00,1.07615,1.0762,1.07598,1.07616,839,11,0
2024-02-07 03:45:00,1.07614,1.07644,1.07614,1.0763,658,11,0
2024-02-07 04:00:00,1.0763,1.07634,1.07612,1.07634,494,11,0
2024-02-07 04:15:00,1.07634,1.07654,1.07629,1.07644,375,11,0
2024-02-07 04:30:00,1.07644,1.0765,1.07632,1.07642,339,11,0
2024-02-07 04:45:00,1.07642,1.07647,1.07627,1.07631,430,11,0
2024-02-07 05:00:00,1.07632,1.07651,1.07622,1.07651,450,11,0
2024-02-07 05:15:00,1.07651,1.0766,1.07627,1.07632,194,11,0
2024-02-07 05:30:00,1.07632,1.07632,1.07599,1.07606,224,11,0
2024-02-07 05:45:00,1.07606,1.07606,1.07579,1.07583,215,11,0
2024-02-07 06:00:00,1.07583,1.07585,1.0756000000000001,1.07571,288,11,0
2024-02-07 06:15:00,1.07571,1.07595,1.0757,1.07582,241,11,0
2024-02-07 06:30:00,1.07582,1.07586,1.07572,1.0758,147,11,0
2024-02-07 06:45:00,1.0758,1.07595,1.07573,1.07586,264,11,0
2024-02-07 07:00:00,1.07586,1.07603,1.07575,1.07581,380,11,0
2024-02-07 07:15:00,1.07581,1.07609,1.0758,1.07608,422,11,0
2024-02-07 07:30:00,1.07608,1.07619,1.07595,1.07614,290,11,0
2024-02-07 07:45:00,1.07615,1.07638,1.07612,1.07623,417,11,0
2024-02-07 08:00:00,1.07622,1.07651,1.0762,1.07623,332,11,0
2024-02-07 08:15:00,1.07622,1.07632,1.07578,1.07581,491,11,0
2024-02-07 08:30:00,1.07579,1.07601,1.07561,1.07593,327,11,0
2024-02-07 08:45:00,1.07593,1.07623,1.07589,1.0760399999999999,410,11,0
2024-02-07 09:00:00,1.0761,1.07686,1.07603,1.07685,804,11,0
2024-02-07 09:15:00,1.07685,1.07708,1.07676,1.07701,628,11,0
2024-02-07 09:30:00,1.077,1.07717,1.07677,1.07695,679,11,0
2024-02-07 09:45:00,1.07695,1.07724,1.07667,1.0772,725,11,0
2024-02-07 10:00:00,1.07719,1.07729,1.07645,1.07651,967,11,0
2024-02-07 10:15:00,1.0765,1.07669,1.07599,1.07624,867,11,0
2024-02-07 10:30:00,1.07624,1.07644,1.07603,1.07628,761,11,0
2024-02-07 10:45:00,1.07628,1.07648,1.07609,1.07621,644,11,0
2024-02-07 11:00:00,1.07621,1.07628,1.07574,1.07616,832,11,0
2024-02-07 11:15:00,1.07616,1.07631,1.07594,1.0763,726,11,0
2024-02-07 11:30:00,1.0763,1.07691,1.07622,1.07673,751,11,0
2024-02-07 11:45:00,1.07674,1.07703,1.0766,1.07689,654,11,0
2024-02-07 12:00:00,1.07688,1.077,1.07641,1.07664,800,11,0
2024-02-07 12:15:00,1.07664,1.07702,1.0764,1.07692,857,11,0
2024-02-07 12:30:00,1.07693,1.077,1.07635,1.07649,1012,11,0
2024-02-07 12:45:00,1.07651,1.07661,1.07622,1.07637,829,11,0
2024-02-07 13:00:00,1.07637,1.07701,1.07617,1.07637,619,11,0
2024-02-07 13:15:00,1.07637,1.07689,1.07631,1.07686,755,11,0
2024-02-07 13:30:00,1.07686,1.0772599999999999,1.07669,1.07694,760,11,0
2024-02-07 13:45:00,1.07694,1.07734,1.07687,1.07704,525,11,0
2024-02-07 14:00:00,1.07705,1.0773,1.07683,1.07696,924,11,0
2024-02-07 14:15:00,1.07697,1.07703,1.07654,1.07693,944,11,0
2024-02-07 14:30:00,1.07694,1.07699,1.07661,1.07698,580,11,0
2024-02-07 14:45:00,1.07698,1.07747,1.07675,1.07732,584,11,0
2024-02-07 15:00:00,1.07735,1.07761,1.07713,1.07759,795,11,0
2024-02-07 15:15:00,1.0776,1.07815,1.07734,1.07812,759,11,0
2024-02-07 15:30:00,1.07813,1.07834,1.07728,1.07728,938,11,0
2024-02-07 15:45:00,1.07728,1.07729,1.07662,1.07697,780,11,0
2024-02-07 16:00:00,1.07697,1.07775,1.07695,1.07724,985,11,0
2024-02-07 16:15:00,1.07724,1.07734,1.07649,1.07685,855,11,0
2024-02-07 16:30:00,1.07685,1.0777,1.0765500000000001,1.07744,1536,11,0
2024-02-07 16:45:00,1.07745,1.07757,1.07696,1.07708,1473,11,0
2024-02-07 17:00:00,1.07708,1.07719,1.07638,1.07698,1225,11,0
2024-02-07 17:15:00,1.07697,1.07738,1.0765500000000001,1.07732,1025,11,0
2024-02-07 17:30:00,1.07732,1.07794,1.07691,1.07737,1202,11,0
2024-02-07 17:45:00,1.07738,1.0776,1.07553,1.07562,1146,11,0
2024-02-07 18:00:00,1.07565,1.07641,1.07558,1.07636,1050,11,0
2024-02-07 18:15:00,1.07639,1.07649,1.07566,1.07639,683,11,0
2024-02-07 18:30:00,1.07642,1.07672,1.07639,1.07663,683,11,0
2024-02-07 18:45:00,1.07663,1.07706,1.07658,1.0767,705,11,0
2024-02-07 19:00:00,1.07671,1.07674,1.07599,1.07635,682,11,0
2024-02-07 19:15:00,1.07635,1.0765,1.07591,1.07614,620,11,0
2024-02-07 19:30:00,1.07613,1.07631,1.07586,1.0763,631,11,0
2024-02-07 19:45:00,1.07627,1.07643,1.07621,1.07643,465,11,0
2024-02-07 20:00:00,1.07642,1.0772,1.07638,1.07719,818,11,0
2024-02-07 20:15:00,1.07717,1.0773,1.07687,1.07729,607,11,0
2024-02-07 20:30:00,1.07729,1.07731,1.0766499999999999,1.07667,678,11,0
2024-02-07 20:45:00,1.07667,1.07707,1.0765500000000001,1.07706,630,11,0
2024-02-07 21:00:00,1.07707,1.07735,1.07693,1.07721,477,11,0
2024-02-07 21:15:00,1.07721,1.0772599999999999,1.07698,1.07725,413,11,0
2024-02-07 21:30:00,1.07727,1.07748,1.07717,1.07743,410,11,0
2024-02-07 21:45:00,1.07744,1.07746,1.07706,1.07714,496,11,0
2024-02-07 22:00:00,1.07714,1.07738,1.07705,1.07714,381,11,0
2024-02-07 22:15:00,1.07712,1.07729,1.07705,1.07713,347,11,0
2024-02-07 22:30:00,1.07711,1.07731,1.07704,1.07715,446,11,0
2024-02-07 22:45:00,1.07715,1.07729,1.07704,1.07721,372,11,0
2024-02-07 23:00:00,1.07721,1.07739,1.0772,1.07734,208,11,0
2024-02-07 23:15:00,1.07732,1.07735,1.07718,1.0772,146,11,0
2024-02-07 23:30:00,1.0772,1.07742,1.07711,1.07712,193,11,0
2024-02-07 23:45:00,1.07712,1.07735,1.07711,1.07727,187,11,0
2024-02-08 00:00:00,1.07677,1.0772599999999999,1.07676,1.07703,149,16,0
2024-02-08 00:15:00,1.07701,1.07735,1.07692,1.07731,114,15,0
2024-02-08 00:30:00,1.07732,1.07733,1.07704,1.0771,121,15,0
2024-02-08 00:45:00,1.0771,1.0772599999999999,1.077,1.0771600000000001,186,16,0
2024-02-08 01:00:00,1.07718,1.07751,1.07705,1.07751,192,11,0
2024-02-08 01:15:00,1.07751,1.07764,1.07749,1.07762,157,11,0
2024-02-08 01:30:00,1.07762,1.07764,1.0773,1.07739,186,11,0
2024-02-08 01:45:00,1.07739,1.07751,1.07736,1.07749,123,11,0
2024-02-08 02:00:00,1.07751,1.07762,1.07738,1.07751,293,11,0
2024-02-08 02:15:00,1.07751,1.07775,1.07749,1.07773,200,11,0
2024-02-08 02:30:00,1.07774,1.07789,1.07772,1.07785,248,11,0
2024-02-08 02:45:00,1.07785,1.07789,1.07764,1.07773,370,11,0
2024-02-08 03:00:00,1.07773,1.0777700000000001,1.07749,1.07772,348,11,0
2024-02-08 03:15:00,1.07772,1.07781,1.07757,1.07778,294,11,0
2024-02-08 03:30:00,1.07778,1.07791,1.07746,1.07771,662,11,0
2024-02-08 03:45:00,1.07771,1.07791,1.07766,1.07782,841,11,0
2024-02-08 04:00:00,1.07782,1.07822,1.07779,1.07818,308,11,0
2024-02-08 04:15:00,1.07817,1.07823,1.078,1.07823,380,11,0
2024-02-08 04:30:00,1.07823,1.07826,1.07803,1.07825,352,11,0
2024-02-08 04:45:00,1.07825,1.07827,1.07817,1.07824,282,11,0
2024-02-08 05:00:00,1.07824,1.07824,1.07817,1.07822,140,11,0
2024-02-08 05:15:00,1.07822,1.07844,1.0782,1.07841,189,11,0
2024-02-08 05:30:00,1.07841,1.07843,1.07815,1.07815,368,11,0
2024-02-08 05:45:00,1.07815,1.07822,1.0781,1.07816,282,11,0
2024-02-08 06:00:00,1.07816,1.07846,1.07815,1.07841,256,11,0
2024-02-08 06:15:00,1.07841,1.07877,1.07839,1.07853,231,11,0
2024-02-08 06:30:00,1.07853,1.0786,1.07815,1.07823,409,11,0
2024-02-08 06:45:00,1.07823,1.07823,1.07788,1.07794,341,11,0
2024-02-08 07:00:00,1.0779,1.07803,1.07778,1.07802,218,11,0
2024-02-08 07:15:00,1.07802,1.07834,1.07802,1.07827,277,11,0
2024-02-08 07:30:00,1.07827,1.07827,1.07806,1.07821,299,11,0
2024-02-08 07:45:00,1.07821,1.07824,1.0779,1.07821,341,11,0
2024-02-08 08:00:00,1.07822,1.07841,1.07809,1.07817,269,11,0
2024-02-08 08:15:00,1.07817,1.07832,1.07806,1.07816,305,11,0
2024-02-08 08:30:00,1.07816,1.07851,1.07816,1.07845,334,11,0
2024-02-08 08:45:00,1.07845,1.07857,1.07827,1.07834,424,11,0
2024-02-08 09:00:00,1.07834,1.07868,1.07808,1.0786,731,11,0
2024-02-08 09:15:00,1.0786,1.07883,1.07832,1.0783800000000001,702,11,0
2024-02-08 09:30:00,1.07839,1.07868,1.07796,1.07807,762,11,0
2024-02-08 09:45:00,1.07807,1.07808,1.07761,1.07796,791,11,0
2024-02-08 10:00:00,1.07795,1.07835,1.07773,1.07813,822,11,0
2024-02-08 10:15:00,1.07816,1.07817,1.07728,1.07734,975,11,0
2024-02-08 10:30:00,1.07735,1.07746,1.07678,1.07711,842,11,0
2024-02-08 10:45:00,1.07711,1.07769,1.07699,1.07768,750,11,0
2024-02-08 11:00:00,1.07767,1.07788,1.0773,1.07754,830,11,0
2024-02-08 11:15:00,1.07758,1.07784,1.07735,1.07761,628,11,0
2024-02-08 11:30:00,1.07761,1.07835,1.07754,1.07823,998,11,0
2024-02-08 11:45:00,1.07823,1.07837,1.07764,1.07825,834,11,0
2024-02-08 12:00:00,1.07825,1.0785,1.07821,1.07823,502,11,0
2024-02-08 12:15:00,1.07823,1.07824,1.07775,1.07804,408,11,0
2024-02-08 12:30:00,1.07803,1.07803,1.0772,1.07733,730,11,0
2024-02-08 12:45:00,1.07733,1.07753,1.07705,1.07712,565,11,0
2024-02-08 13:00:00,1.07711,1.0772599999999999,1.07658,1.07677,489,11,0
2024-02-08 13:15:00,1.07677,1.0768,1.07623,1.07628,518,11,0
2024-02-08 13:30:00,1.07628,1.07674,1.07615,1.07672,534,11,0
2024-02-08 13:45:00,1.07672,1.07673,1.07606,1.07624,670,11,0
2024-02-08 14:00:00,1.07625,1.0763,1.07596,1.07612,683,11,0
2024-02-08 14:15:00,1.07612,1.07612,1.07557,1.07567,709,11,0
2024-02-08 14:30:00,1.07567,1.07567,1.07493,1.07538,749,11,0
2024-02-08 14:45:00,1.07538,1.07566,1.07507,1.07562,653,11,0
2024-02-08 15:00:00,1.07564,1.07587,1.07549,1.07585,783,11,0
2024-02-08 15:15:00,1.07585,1.07615,1.07547,1.07587,957,11,0
2024-02-08 15:30:00,1.07587,1.07587,1.07423,1.07444,1806,11,0
2024-02-08 15:45:00,1.07444,1.07484,1.07411,1.07435,1277,11,0
2024-02-08 16:00:00,1.07431,1.07489,1.0743,1.0748,783,11,0
2024-02-08 16:15:00,1.0748,1.07546,1.07478,1.07532,932,11,0
2024-02-08 16:30:00,1.07534,1.07594,1.07525,1.07569,1143,11,0
2024-02-08 16:45:00,1.07569,1.07669,1.07569,1.07643,952,11,0
2024-02-08 17:00:00,1.07644,1.0767,1.07536,1.07539,1169,11,0
2024-02-08 17:15:00,1.0754,1.07628,1.07507,1.07596,945,11,0
2024-02-08 17:30:00,1.07596,1.07614,1.07524,1.07574,1038,11,0
2024-02-08 17:45:00,1.07574,1.07632,1.07531,1.07608,1001,11,0
2024-02-08 18:00:00,1.07607,1.07638,1.07597,1.07616,699,11,0
2024-02-08 18:15:00,1.07614,1.07639,1.07607,1.07621,637,11,0
2024-02-08 18:30:00,1.07622,1.07656,1.07611,1.07644,598,11,0
2024-02-08 18:45:00,1.07644,1.07734,1.07637,1.07728,644,11,0
2024-02-08 19:00:00,1.07728,1.07742,1.07709,1.07714,804,11,0
2024-02-08 19:15:00,1.07714,1.07749,1.07711,1.07743,448,11,0
2024-02-08 19:30:00,1.07747,1.0776,1.07725,1.07753,428,11,0
2024-02-08 19:45:00,1.07753,1.07757,1.07728,1.07731,583,11,0
2024-02-08 20:00:00,1.07731,1.07822,1.07727,1.07795,1168,11,0
2024-02-08 20:15:00,1.07795,1.07813,1.07782,1.07791,659,11,0
2024-02-08 20:30:00,1.07791,1.07798,1.0776,1.07765,437,11,0
2024-02-08 20:45:00,1.07765,1.0777,1.07747,1.07762,418,11,0
2024-02-08 21:00:00,1.07762,1.0777,1.07744,1.07761,561,11,0
2024-02-08 21:15:00,1.07761,1.07782,1.07747,1.07761,613,11,0
2024-02-08 21:30:00,1.07761,1.07765,1.07722,1.07739,536,11,0
2024-02-08 21:45:00,1.07739,1.07753,1.07722,1.07743,336,11,0
2024-02-08 22:00:00,1.07743,1.07774,1.07743,1.07767,406,11,0
2024-02-08 22:15:00,1.07767,1.0778,1.07757,1.0778,353,11,0
2024-02-08 22:30:00,1.07781,1.07794,1.07763,1.07769,387,11,0
2024-02-08 22:45:00,1.07769,1.07785,1.07752,1.07772,464,11,0
2024-02-08 23:00:00,1.07772,1.07778,1.07762,1.07767,126,11,0
2024-02-08 23:15:00,1.07768,1.07778,1.07767,1.07771,170,11,0
2024-02-08 23:30:00,1.07771,1.07774,1.07755,1.07756,158,11,0
2024-02-08 23:45:00,1.07756,1.0778,1.07754,1.07775,185,11,0
2024-02-09 00:00:00,1.07734,1.07771,1.07696,1.0777,181,27,0
2024-02-09 00:15:00,1.07769,1.07793,1.0774,1.0774,123,16,0
2024-02-09 00:30:00,1.07754,1.07773,1.0774,1.07763,194,15,0
2024-02-09 00:45:00,1.07758,1.0777,1.07749,1.07754,147,14,0
2024-02-09 01:00:00,1.07753,1.07774,1.07733,1.07738,125,11,0
2024-02-09 01:15:00,1.07738,1.07755,1.07737,1.07755,74,11,0
2024-02-09 01:30:00,1.07755,1.07755,1.07742,1.07744,170,11,0
2024-02-09 01:45:00,1.07744,1.07772,1.07739,1.07772,242,11,0
2024-02-09 02:00:00,1.07773,1.07781,1.07761,1.07764,273,11,0
2024-02-09 02:15:00,1.07764,1.07781,1.07761,1.07769,272,11,0
2024-02-09 02:30:00,1.07769,1.07771,1.07725,1.07741,429,11,0
2024-02-09 02:45:00,1.07741,1.07753,1.07717,1.07725,497,11,0
2024-02-09 03:00:00,1.07725,1.07762,1.07725,1.07761,631,11,0
2024-02-09 03:15:00,1.07761,1.07781,1.07749,1.07756,415,11,0
2024-02-09 03:30:00,1.07756,1.07771,1.07745,1.07764,520,11,0
2024-02-09 03:45:00,1.07764,1.07768,1.0773,1.07737,363,11,0
2024-02-09 04:00:00,1.07737,1.07753,1.0772599999999999,1.0775,226,11,0
2024-02-09 04:15:00,1.07749,1.07778,1.07749,1.07766,574,11,0
2024-02-09 04:30:00,1.07765,1.07773,1.07751,1.07768,372,11,0
2024-02-09 04:45:00,1.07768,1.0777,1.07754,1.07757,496,11,0
2024-02-09 05:00:00,1.07757,1.07769,1.0774,1.07745,211,11,0
2024-02-09 05:15:00,1.07745,1.07751,1.07728,1.07728,152,12,0
2024-02-09 05:30:00,1.07728,1.07733,1.07709,1.07718,228,11,0
2024-02-09 05:45:00,1.07718,1.07728,1.07694,1.07702,245,11,0
2024-02-09 06:00:00,1.07703,1.07708,1.07688,1.07691,467,11,0
2024-02-09 06:15:00,1.0769,1.07715,1.0769,1.07706,202,11,0
2024-02-09 06:30:00,1.07706,1.0772,1.07701,1.07717,88,11,0
2024-02-09 06:45:00,1.07717,1.07718,1.07704,1.07706,169,11,0
2024-02-09 07:00:00,1.07706,1.07723,1.07705,1.07713,191,11,0
2024-02-09 07:15:00,1.07713,1.07719,1.07698,1.0771600000000001,213,11,0
2024-02-09 07:30:00,1.0771600000000001,1.07733,1.0771,1.07713,304,11,0
2024-02-09 07:45:00,1.07712,1.0771600000000001,1.07689,1.07705,284,11,0
2024-02-09 08:00:00,1.07706,1.07718,1.07699,1.07714,497,11,0
2024-02-09 08:15:00,1.07713,1.07715,1.07693,1.0771,96,11,0
2024-02-09 08:30:00,1.0771,1.07727,1.07708,1.07725,171,11,0
2024-02-09 08:45:00,1.07725,1.07749,1.07724,1.07739,327,11,0
2024-02-09 09:00:00,1.0774,1.07773,1.07737,1.07765,653,11,0
2024-02-09 09:15:00,1.07765,1.07785,1.07749,1.07785,498,11,0
2024-02-09 09:30:00,1.07785,1.07811,1.07774,1.07805,732,11,0
2024-02-09 09:45:00,1.07805,1.07821,1.07771,1.07796,723,11,0
2024-02-09 10:00:00,1.07798,1.07835,1.07734,1.07742,860,11,0
2024-02-09 10:15:00,1.07741,1.0783,1.07722,1.07818,917,11,0
2024-02-09 10:30:00,1.07818,1.07842,1.07749,1.0775,939,11,0
2024-02-09 10:45:00,1.0775,1.07763,1.07717,1.07723,791,11,0
2024-02-09 11:00:00,1.07722,1.07749,1.07691,1.07712,869,11,0
2024-02-09 11:15:00,1.07712,1.07748,1.07694,1.07744,810,11,0
2024-02-09 11:30:00,1.07744,1.07764,1.07658,1.07683,1045,11,0
2024-02-09 11:45:00,1.07683,1.07699,1.07654,1.0766499999999999,1054,11,0
2024-02-09 12:00:00,1.0766499999999999,1.07681,1.07627,1.07632,736,11,0
2024-02-09 12:15:00,1.07632,1.07684,1.07616,1.07679,704,11,0
2024-02-09 12:30:00,1.07679,1.07693,1.07656,1.07688,475,11,0
2024-02-09 12:45:00,1.07688,1.07696,1.0765,1.07662,619,11,0
2024-02-09 13:00:00,1.07662,1.07667,1.0763,1.07661,762,11,0
2024-02-09 13:15:00,1.07662,1.07685,1.07654,1.07669,516,11,0
2024-02-09 13:30:00,1.07668,1.07703,1.0766499999999999,1.07694,538,11,0
2024-02-09 13:45:00,1.07694,1.07728,1.07686,1.0771,493,11,0
2024-02-09 14:00:00,1.07711,1.0776,1.07706,1.07733,631,11,0
2024-02-09 14:15:00,1.07732,1.07753,1.07679,1.07698,759,11,0
2024-02-09 14:30:00,1.07698,1.07698,1.07624,1.0764,670,11,0
2024-02-09 14:45:00,1.07643,1.07689,1.07623,1.07666,772,11,0
2024-02-09 15:00:00,1.07666,1.07732,1.07647,1.07717,999,11,0
2024-02-09 15:15:00,1.07718,1.07731,1.07679,1.07712,974,11,0
2024-02-09 15:30:00,1.07712,1.0794,1.07678,1.07811,2558,11,0
2024-02-09 15:45:00,1.07809,1.07854,1.0777,1.07827,1703,11,0
2024-02-09 16:00:00,1.07825,1.07946,1.07792,1.07939,1382,11,0
2024-02-09 16:15:00,1.07938,1.0794,1.07745,1.07766,1531,11,0
2024-02-09 16:30:00,1.07769,1.07871,1.07761,1.07852,1581,11,0
2024-02-09 16:45:00,1.07853,1.07855,1.07796,1.07811,1211,11,0
2024-02-09 17:00:00,1.07811,1.07894,1.07794,1.0786,1298,11,0
2024-02-09 17:15:00,1.07857,1.07867,1.07827,1.0785,1280,11,0
2024-02-09 17:30:00,1.07853,1.0788,1.07812,1.07824,1052,11,0
2024-02-09 17:45:00,1.07826,1.07869,1.07806,1.07857,1037,11,0
2024-02-09 18:00:00,1.07859,1.07866,1.07803,1.07849,906,11,0
2024-02-09 18:15:00,1.0785,1.07876,1.07813,1.07826,900,11,0
2024-02-09 18:30:00,1.07826,1.07854,1.07813,1.07821,874,11,0
2024-02-09 18:45:00,1.07821,1.07837,1.07792,1.07812,621,12,0
2024-02-09 19:00:00,1.0781,1.07835,1.07798,1.07826,568,11,0
2024-02-09 19:15:00,1.07826,1.07833,1.07789,1.07821,578,11,0
2024-02-09 19:30:00,1.07821,1.07827,1.07806,1.07826,546,11,0
2024-02-09 19:45:00,1.07826,1.07861,1.07819,1.07851,549,11,0
2024-02-09 20:00:00,1.07851,1.07873,1.07851,1.07857,515,11,0
2024-02-09 20:15:00,1.07857,1.07898,1.07857,1.07888,401,11,0
2024-02-09 20:30:00,1.07888,1.07904,1.07868,1.07869,381,11,0
2024-02-09 20:45:00,1.07869,1.07873,1.07856,1.07861,415,11,0
2024-02-09 21:00:00,1.07861,1.07863,1.07847,1.07856,283,11,0
2024-02-09 21:15:00,1.07856,1.07875,1.07844,1.07867,379,11,0
2024-02-09 21:30:00,1.07866,1.07868,1.07849,1.07854,277,11,0
2024-02-09 21:45:00,1.07854,1.07854,1.07809,1.0782,447,11,0
2024-02-09 22:00:00,1.0782,1.07826,1.07791,1.07816,368,11,0
2024-02-09 22:15:00,1.07816,1.0785,1.0781,1.07845,349,11,0
2024-02-09 22:30:00,1.07845,1.07851,1.07835,1.0785,334,11,0
2024-02-09 22:45:00,1.0785,1.07875,1.07849,1.07857,406,11,0
2024-02-09 23:00:00,1.07857,1.07872,1.07854,1.07871,243,11,0
2024-02-09 23:15:00,1.07871,1.07879,1.07864,1.07875,193,11,0
2024-02-09 23:30:00,1.07876,1.07876,1.07849,1.07853,148,11,0
2024-02-09 23:45:00,1.07853,1.07856,1.07833,1.07846,175,12,0
2024-02-12 00:00:00,1.07742,1.07821,1.07742,1.07812,84,39,0
2024-02-12 00:15:00,1.07812,1.0783800000000001,1.07801,1.07834,99,27,0
2024-02-12 00:30:00,1.07834,1.07856,1.07817,1.07853,70,19,0
2024-02-12 00:45:00,1.07853,1.07862,1.07821,1.07823,94,22,0
2024-02-12 01:00:00,1.07826,1.07935,1.07826,1.07904,366,11,0
2024-02-12 01:15:00,1.07904,1.07945,1.07903,1.07939,323,11,0
2024-02-12 01:30:00,1.0794,1.07944,1.07917,1.07939,414,11,0
2024-02-12 01:45:00,1.07939,1.07977,1.07937,1.07973,418,11,0
2024-02-12 02:00:00,1.07976,1.07979,1.07966,1.07967,509,11,0
2024-02-12 02:15:00,1.07967,1.07985,1.07961,1.07976,391,11,0
2024-02-12 02:30:00,1.07976,1.07993,1.07975,1.07988,349,11,0
2024-02-12 02:45:00,1.07989,1.0799,1.0798,1.07981,272,11,0
2024-02-12 03:00:00,1.07981,1.07982,1.07945,1.07947,306,11,0
2024-02-12 03:15:00,1.07947,1.07947,1.07929,1.07938,263,11,0
2024-02-12 03:30:00,1.07938,1.07978,1.07931,1.07968,248,11,0
2024-02-12 03:45:00,1.07968,1.07973,1.07944,1.07951,228,11,0
2024-02-12 04:00:00,1.07951,1.07956,1.07946,1.07951,173,11,0
2024-02-12 04:15:00,1.07951,1.07953,1.07924,1.07937,186,11,0
2024-02-12 04:30:00,1.07938,1.07968,1.07935,1.07967,204,11,0
2024-02-12 04:45:00,1.07967,1.07973,1.0794,1.07944,129,11,0
2024-02-12 05:00:00,1.07943,1.07965,1.07942,1.07958,178,11,0
2024-02-12 05:15:00,1.07958,1.07959,1.07916,1.07926,232,11,0
2024-02-12 05:30:00,1.07926,1.07931,1.07907,1.07925,173,11,0
2024-02-12 05:45:00,1.07925,1.07926,1.07904,1.07912,151,11,0
2024-02-12 06:00:00,1.07912,1.0793,1.07911,1.07925,138,11,0
2024-02-12 06:15:00,1.07925,1.07935,1.07914,1.07925,198,11,0
2024-02-12 06:30:00,1.07925,1.07925,1.079,1.07903,123,12,0
2024-02-12 06:45:00,1.07903,1.07905,1.07888,1.079,133,12,0
2024-02-12 07:00:00,1.079,1.0790899999999999,1.07893,1.0790899999999999,175,11,0
2024-02-12 07:15:00,1.0790899999999999,1.07939,1.0790899999999999,1.0793,142,12,0
2024-02-12 07:30:00,1.07929,1.07935,1.07923,1.07924,127,12,0
2024-02-12 07:45:00,1.07924,1.07926,1.07903,1.0790899999999999,196,11,0
2024-02-12 08:00:00,1.0790899999999999,1.0792,1.0789900000000001,1.07919,172,12,0
2024-02-12 08:15:00,1.07918,1.07926,1.07907,1.0792,207,12,0
2024-02-12 08:30:00,1.0792,1.07925,1.07904,1.07919,200,12,0
2024-02-12 08:45:00,1.07918,1.07919,1.07894,1.07908,200,11,0
2024-02-12 09:00:00,1.0790899999999999,1.0796000000000001,1.0790899999999999,1.07925,493,11,0
2024-02-12 09:15:00,1.07925,1.07986,1.07888,1.07959,667,11,0
2024-02-12 09:30:00,1.07959,1.07965,1.07928,1.07942,574,11,0
2024-02-12 09:45:00,1.07944,1.08052,1.07944,1.08025,647,11,0
2024-02-12 10:00:00,1.08027,1.08027,1.07884,1.07892,903,11,0
2024-02-12 10:15:00,1.07892,1.0789900000000001,1.07773,1.07799,874,11,0
2024-02-12 10:30:00,1.07797,1.07812,1.07769,1.07804,855,11,0
2024-02-12 10:45:00,1.07803,1.07822,1.07739,1.07749,809,11,0
2024-02-12 11:00:00,1.07748,1.07774,1.07715,1.07754,689,11,0
2024-02-12 11:15:00,1.07754,1.07775,1.07709,1.07739,631,11,0
2024-02-12 11:30:00,1.07739,1.07749,1.07703,1.07712,660,11,0
2024-02-12 11:45:00,1.07712,1.07715,1.07663,1.07686,606,11,0
2024-02-12 12:00:00,1.07686,1.07731,1.07679,1.0772,596,11,0
2024-02-12 12:15:00,1.0772,1.07741,1.07667,1.07741,583,11,0
2024-02-12 12:30:00,1.0774,1.07768,1.07725,1.07745,482,11,0
2024-02-12 12:45:00,1.07745,1.07783,1.07739,1.07761,600,11,0
2024-02-12 13:00:00,1.07761,1.07773,1.077,1.07715,643,11,0
2024-02-12 13:15:00,1.07715,1.07724,1.07677,1.07695,635,11,0
2024-02-12 13:30:00,1.07695,1.07699,1.07669,1.07669,526,11,0
2024-02-12 13:45:00,1.07669,1.07697,1.07624,1.07689,472,12,0
2024-02-12 14:00:00,1.0769,1.0771600000000001,1.07646,1.07695,634,11,0
2024-02-12 14:15:00,1.07698,1.07731,1.07696,1.07713,507,11,0
2024-02-12 14:30:00,1.07711,1.07713,1.07656,1.07659,514,11,0
2024-02-12 14:45:00,1.07659,1.077,1.07646,1.07694,640,11,0
2024-02-12 15:00:00,1.07694,1.07732,1.07684,1.07722,863,11,0
2024-02-12 15:15:00,1.07721,1.07727,1.07667,1.07676,800,11,0
2024-02-12 15:30:00,1.07675,1.07688,1.07641,1.07652,816,11,0
2024-02-12 15:45:00,1.07652,1.07664,1.07605,1.07634,895,11,0
2024-02-12 16:00:00,1.07635,1.07697,1.07626,1.07669,865,11,0
2024-02-12 16:15:00,1.07668,1.07683,1.07649,1.0768,676,11,0
2024-02-12 16:30:00,1.0768,1.07717,1.07666,1.07715,997,11,0
2024-02-12 16:45:00,1.07715,1.07737,1.07698,1.07717,701,11,0
2024-02-12 17:00:00,1.07717,1.0772,1.07627,1.07631,823,11,0
2024-02-12 17:15:00,1.07631,1.07633,1.07553,1.07586,819,11,0
2024-02-12 17:30:00,1.07586,1.07628,1.0758,1.07623,625,11,0
2024-02-12 17:45:00,1.07623,1.07679,1.07612,1.07669,685,11,0
2024-02-12 18:00:00,1.07669,1.07724,1.07648,1.07724,799,11,0
2024-02-12 18:15:00,1.07724,1.07761,1.07703,1.07755,583,12,0
2024-02-12 18:30:00,1.07755,1.07768,1.07741,1.07746,655,12,0
2024-02-12 18:45:00,1.07746,1.07752,1.0771,1.07727,627,12,0
2024-02-12 19:00:00,1.07728,1.07791,1.07724,1.07771,654,11,0
2024-02-12 19:15:00,1.07771,1.0777700000000001,1.07731,1.07773,548,11,0
2024-02-12 19:30:00,1.07773,1.07796,1.07748,1.0777700000000001,552,11,0
2024-02-12 19:45:00,1.0777700000000001,1.07819,1.0777,1.07818,457,11,0
2024-02-12 20:00:00,1.07819,1.07854,1.07818,1.07833,508,11,0
2024-02-12 20:15:00,1.07832,1.07856,1.078,1.07818,503,11,0
2024-02-12 20:30:00,1.07818,1.07832,1.07803,1.0781,592,11,0
2024-02-12 20:45:00,1.0781,1.0783800000000001,1.07806,1.07807,444,11,0
2024-02-12 21:00:00,1.07807,1.07824,1.07805,1.07817,377,11,0
2024-02-12 21:15:00,1.07817,1.07821,1.07754,1.07768,514,11,0
2024-02-12 21:30:00,1.07768,1.07769,1.07721,1.07722,339,11,0
2024-02-12 21:45:00,1.07723,1.07724,1.07673,1.07688,555,11,0
2024-02-12 22:00:00,1.07688,1.07739,1.07688,1.07738,539,11,0
2024-02-12 22:15:00,1.07738,1.07739,1.07717,1.07735,336,11,0
2024-02-12 22:30:00,1.07735,1.07741,1.07711,1.07717,352,11,0
2024-02-12 22:45:00,1.07714,1.07745,1.07711,1.07736,468,11,0
2024-02-12 23:00:00,1.07735,1.07745,1.0773,1.0773,210,11,0
2024-02-12 23:15:00,1.07729,1.07731,1.0771,1.07719,165,11,0
2024-02-12 23:30:00,1.07719,1.07719,1.07697,1.07709,188,12,0
2024-02-12 23:45:00,1.07709,1.0772,1.07702,1.07709,255,12,0
2024-02-13 00:00:00,1.07703,1.07731,1.07689,1.07707,111,16,0
2024-02-13 00:15:00,1.07704,1.07721,1.07684,1.07696,186,21,0
2024-02-13 00:30:00,1.07696,1.07738,1.07696,1.0772599999999999,159,12,0
2024-02-13 00:45:00,1.07727,1.0773,1.07686,1.07709,164,13,0
2024-02-13 01:00:00,1.07718,1.07724,1.07693,1.07713,159,11,0
2024-02-13 01:15:00,1.07713,1.07719,1.07704,1.07712,128,11,0
2024-02-13 01:30:00,1.07713,1.07717,1.07701,1.07714,178,11,0
2024-02-13 01:45:00,1.07714,1.07719,1.07708,1.07713,193,11,0
2024-02-13 02:00:00,1.07713,1.0772599999999999,1.07692,1.07699,249,11,0
2024-02-13 02:15:00,1.07699,1.07704,1.0766499999999999,1.07669,259,11,0
2024-02-13 02:30:00,1.07669,1.07683,1.07667,1.07673,202,11,0
2024-02-13 02:45:00,1.07672,1.07727,1.07667,1.07725,423,11,0
2024-02-13 03:00:00,1.07725,1.07741,1.07702,1.07706,302,11,0
2024-02-13 03:15:00,1.07706,1.07707,1.07676,1.07683,229,11,0
2024-02-13 03:30:00,1.07683,1.07696,1.07681,1.07683,199,11,0
2024-02-13 03:45:00,1.07683,1.07684,1.07651,1.07663,249,11,0
2024-02-13 04:00:00,1.07664,1.07664,1.07633,1.07649,190,11,0
2024-02-13 04:15:00,1.07649,1.07651,1.07615,1.07633,331,11,0
2024-02-13 04:30:00,1.07633,1.07644,1.07626,1.07638,296,11,0
2024-02-13 04:45:00,1.07638,1.07644,1.07627,1.07638,269,11,0
2024-02-13 05:00:00,1.07638,1.07642,1.07606,1.07613,374,11,0
2024-02-13 05:15:00,1.07613,1.07617,1.07605,1.07606,217,11,0
2024-02-13 05:30:00,1.07606,1.07621,1.076,1.07614,213,12,0
2024-02-13 05:45:00,1.07615,1.07623,1.07611,1.07611,250,11,0
2024-02-13 06:00:00,1.07611,1.07621,1.07606,1.07619,197,11,0
2024-02-13 06:15:00,1.07619,1.0763,1.07616,1.07626,206,11,0
2024-02-13 06:30:00,1.07626,1.07631,1.07618,1.07625,168,11,0
2024-02-13 06:45:00,1.07624,1.07637,1.07617,1.07632,125,12,0
2024-02-13 07:00:00,1.0763,1.07668,1.0763,1.07663,188,11,0
2024-02-13 07:15:00,1.07663,1.07672,1.07656,1.07669,147,12,0
2024-02-13 07:30:00,1.07669,1.07674,1.07657,1.07658,155,11,0
2024-02-13 07:45:00,1.07658,1.07669,1.07657,1.07663,175,11,0
2024-02-13 08:00:00,1.07663,1.07673,1.07657,1.07668,266,12,0
2024-02-13 08:15:00,1.07668,1.07684,1.07666,1.07677,250,12,0
2024-02-13 08:30:00,1.07677,1.07707,1.07676,1.07702,240,13,0
2024-02-13 08:45:00,1.07702,1.07719,1.07695,1.07699,361,13,0
2024-02-13 09:00:00,1.077,1.0775,1.07687,1.07748,772,11,0
2024-02-13 09:15:00,1.07748,1.07771,1.07692,1.07711,663,11,0
2024-02-13 09:30:00,1.07698,1.07748,1.07652,1.07656,1038,11,0
2024-02-13 09:45:00,1.07656,1.07722,1.07654,1.07708,680,11,0
2024-02-13 10:00:00,1.0771,1.07741,1.07666,1.0769,974,11,0
2024-02-13 10:15:00,1.07691,1.07706,1.07641,1.07645,755,11,0
2024-02-13 10:30:00,1.07646,1.07663,1.07628,1.07632,653,11,0
2024-02-13 10:45:00,1.07632,1.0768,1.07618,1.07671,654,11,0
2024-02-13 11:00:00,1.07672,1.0769,1.07562,1.07607,765,11,0
2024-02-13 11:15:00,1.07608,1.07636,1.07598,1.07614,705,11,0
2024-02-13 11:30:00,1.07614,1.07627,1.07581,1.07605,659,11,0
2024-02-13 11:45:00,1.07605,1.07664,1.07603,1.0766,605,11,0
2024-02-13 12:00:00,1.0766,1.07734,1.07658,1.07714,829,11,0
2024-02-13 12:15:00,1.07714,1.0775,1.0771,1.0775,579,11,0
2024-02-13 12:30:00,1.0775,1.07757,1.07707,1.0772599999999999,629,11,0
2024-02-13 12:45:00,1.0772599999999999,1.07738,1.07698,1.07717,538,11,0
2024-02-13 13:00:00,1.07717,1.07792,1.07715,1.07758,584,11,0
2024-02-13 13:15:00,1.0776,1.07813,1.07753,1.07805,597,11,0
2024-02-13 13:30:00,1.07805,1.07805,1.07724,1.07736,522,11,0
2024-02-13 13:45:00,1.07736,1.0778,1.0772,1.07773,489,11,0
2024-02-13 14:00:00,1.07771,1.0781,1.07756,1.07808,605,11,0
2024-02-13 14:15:00,1.0781,1.07823,1.07759,1.07808,775,11,0
2024-02-13 14:30:00,1.07808,1.07856,1.07806,1.07824,525,11,0
2024-02-13 14:45:00,1.07824,1.0786,1.07821,1.0785,641,11,0
2024-02-13 15:00:00,1.0785,1.07934,1.0783800000000001,1.07933,941,11,0
2024-02-13 15:15:00,1.07937,1.07942,1.07888,1.07888,912,11,0
2024-02-13 15:30:00,1.07896,1.07951,1.07109,1.07169,2223,12,0
2024-02-13 15:45:00,1.07172,1.0719400000000001,1.07024,1.0708,1658,12,0
2024-02-13 16:00:00,1.07079,1.07079,1.07001,1.07076,1530,12,0
2024-02-13 16:15:00,1.0707,1.07192,1.07066,1.0719,1317,11,0
2024-02-13 16:30:00,1.07177,1.07232,1.07114,1.07219,1406,11,0
2024-02-13 16:45:00,1.07219,1.07219,1.07127,1.07174,1143,11,0
2024-02-13 17:00:00,1.0718,1.07192,1.07054,1.07116,1183,11,0
2024-02-13 17:15:00,1.07115,1.07243,1.07086,1.07218,1097,11,0
2024-02-13 17:30:00,1.07218,1.07262,1.07165,1.07168,1200,11,0
2024-02-13 17:45:00,1.07169,1.07185,1.07121,1.07163,1099,11,0
2024-02-13 18:00:00,1.07163,1.07215,1.07162,1.07181,913,11,0
2024-02-13 18:15:00,1.0718,1.07196,1.07121,1.07147,890,11,0
2024-02-13 18:30:00,1.07147,1.07209,1.07135,1.07155,807,11,0
2024-02-13 18:45:00,1.07155,1.0719,1.0713300000000001,1.07187,712,11,0
2024-02-13 19:00:00,1.07187,1.07196,1.07135,1.07151,675,11,0
2024-02-13 19:15:00,1.07151,1.07156,1.07117,1.07131,589,11,0
2024-02-13 19:30:00,1.0713300000000001,1.07187,1.0713300000000001,1.07173,565,11,0
2024-02-13 19:45:00,1.07174,1.07181,1.07131,1.07148,603,11,0
2024-02-13 20:00:00,1.07149,1.07197,1.07149,1.07165,572,11,0
2024-02-13 20:15:00,1.07165,1.07169,1.07121,1.0713300000000001,473,11,0
2024-02-13 20:30:00,1.07132,1.07135,1.07097,1.07112,545,11,0
2024-02-13 20:45:00,1.07112,1.07117,1.07071,1.07079,455,11,0
2024-02-13 21:00:00,1.07076,1.07076,1.0702,1.07028,553,11,0
2024-02-13 21:15:00,1.07028,1.07056,1.07019,1.07039,774,11,0
2024-02-13 21:30:00,1.07038,1.07061,1.07036,1.07059,553,11,0
2024-02-13 21:45:00,1.07059,1.07062,1.07002,1.07008,600,11,0
2024-02-13 22:00:00,1.07007,1.07049,1.07002,1.0703,550,11,0
2024-02-13 22:15:00,1.07029,1.07073,1.07029,1.07057,571,11,0
2024-02-13 22:30:00,1.07056,1.07091,1.07055,1.07089,446,11,0
2024-02-13 22:45:00,1.07087,1.07096,1.07064,1.07066,530,11,0
2024-02-13 23:00:00,1.07065,1.07079,1.07065,1.07076,212,11,0
2024-02-13 23:15:00,1.07076,1.07095,1.07068,1.07087,175,11,0
2024-02-13 23:30:00,1.07087,1.07094,1.07083,1.07091,169,11,0
2024-02-13 23:45:00,1.07091,1.07093,1.07076,1.07089,251,11,0
2024-02-14 00:00:00,1.0708,1.07092,1.07073,1.07092,70,22,0
2024-02-14 00:15:00,1.07092,1.07119,1.07074,1.07086,180,17,0
2024-02-14 00:30:00,1.0709,1.07112,1.07085,1.07093,142,15,0
2024-02-14 00:45:00,1.0709,1.07102,1.07078,1.07093,186,15,0
2024-02-14 01:00:00,1.07102,1.07103,1.07073,1.07102,232,11,0
2024-02-14 01:15:00,1.07102,1.07103,1.07081,1.07084,134,11,0
2024-02-14 01:30:00,1.07084,1.07099,1.07083,1.07094,95,11,0
2024-02-14 01:45:00,1.07094,1.07099,1.07073,1.0708,111,11,0
2024-02-14 02:00:00,1.0708,1.0708,1.07054,1.07065,247,11,0
2024-02-14 02:15:00,1.07065,1.07114,1.07062,1.0711,441,11,0
2024-02-14 02:30:00,1.0711,1.07125,1.07098,1.07109,298,11,0
2024-02-14 02:45:00,1.07109,1.07138,1.07073,1.07073,451,11,0
2024-02-14 03:00:00,1.07074,1.0709,1.07029,1.07057,739,11,0
2024-02-14 03:15:00,1.07055,1.07069,1.07037,1.07067,419,11,0
2024-02-14 03:30:00,1.07067,1.07103,1.07055,1.07094,444,11,0
2024-02-14 03:45:00,1.07095,1.07118,1.07075,1.07112,429,11,0
2024-02-14 04:00:00,1.07111,1.07129,1.07103,1.07118,433,11,0
2024-02-14 04:15:00,1.07118,1.07134,1.07116,1.07118,411,11,0
2024-02-14 04:30:00,1.07117,1.07117,1.07081,1.07093,381,11,0
2024-02-14 04:45:00,1.07094,1.07099,1.07086,1.07091,317,11,0
2024-02-14 05:00:00,1.07092,1.07097,1.07077,1.0709,370,11,0
2024-02-14 05:15:00,1.0709,1.07103,1.0708,1.07097,304,11,0
2024-02-14 05:30:00,1.07096,1.07119,1.07089,1.07112,426,11,0
2024-02-14 05:45:00,1.0711,1.0713300000000001,1.07109,1.07119,285,11,0
2024-02-14 06:00:00,1.07118,1.07128,1.07099,1.07102,262,11,0
2024-02-14 06:15:00,1.07102,1.07109,1.07088,1.07107,304,11,0
2024-02-14 06:30:00,1.07109,1.07118,1.07101,1.07111,264,11,0
2024-02-14 06:45:00,1.07112,1.07141,1.07111,1.07139,325,11,0
2024-02-14 07:00:00,1.07139,1.07142,1.07112,1.07113,392,11,0
2024-02-14 07:15:00,1.07113,1.07132,1.0711,1.07129,323,11,0
2024-02-14 07:30:00,1.07129,1.07147,1.07122,1.07139,322,11,0
2024-02-14 07:45:00,1.07139,1.07139,1.07121,1.07135,346,11,0
2024-02-14 08:00:00,1.07135,1.07155,1.07134,1.07154,358,11,0
2024-02-14 08:15:00,1.07155,1.07163,1.07147,1.0715,285,11,0
2024-02-14 08:30:00,1.0715,1.07182,1.0714299999999999,1.0718,333,11,0
2024-02-14 08:45:00,1.0718,1.07181,1.07136,1.07156,398,11,0
2024-02-14 09:00:00,1.07157,1.07168,1.07053,1.07123,1329,11,0
2024-02-14 09:15:00,1.07123,1.0713300000000001,1.07069,1.07069,739,11,0
2024-02-14 09:30:00,1.07068,1.07093,1.07046,1.07093,613,11,0
2024-02-14 09:45:00,1.07093,1.07157,1.07067,1.0707,653,11,0
2024-02-14 10:00:00,1.07071,1.07077,1.06988,1.07008,1124,11,0
2024-02-14 10:15:00,1.07009,1.07028,1.06966,1.06985,786,11,0
2024-02-14 10:30:00,1.06986,1.07055,1.06943,1.07047,918,11,0
2024-02-14 10:45:00,1.07047,1.07059,1.07,1.07018,968,11,0
2024-02-14 11:00:00,1.07018,1.07048,1.06991,1.06997,788,11,0
2024-02-14 11:15:00,1.06997,1.07046,1.06956,1.07024,767,11,0
2024-02-14 11:30:00,1.07024,1.07053,1.06977,1.0698,644,11,0
2024-02-14 11:45:00,1.0698,1.07013,1.06973,1.06996,718,11,0
2024-02-14 12:00:00,1.06996,1.07014,1.06972,1.06987,640,11,0
2024-02-14 12:15:00,1.06986,1.07004,1.06958,1.06983,629,11,0
2024-02-14 12:30:00,1.06983,1.07009,1.0695999999999999,1.07003,543,11,0
2024-02-14 12:45:00,1.07003,1.07039,1.06982,1.07031,604,11,0
2024-02-14 13:00:00,1.07032,1.07037,1.06991,1.07003,557,11,0
2024-02-14 13:15:00,1.07003,1.07018,1.06966,1.06989,566,11,0
2024-02-14 13:30:00,1.06989,1.07057,1.06971,1.07038,687,11,0
2024-02-14 13:45:00,1.07038,1.07097,1.0702099999999999,1.07075,638,11,0
2024-02-14 14:00:00,1.07074,1.07098,1.07056,1.07096,536,11,0
2024-02-14 14:15:00,1.07096,1.07096,1.07024,1.07029,577,11,0
2024-02-14 14:30:00,1.07029,1.07048,1.07004,1.07026,608,11,0
2024-02-14 14:45:00,1.07026,1.07063,1.07008,1.07053,671,11,0
2024-02-14 15:00:00,1.07053,1.07142,1.07053,1.07126,995,11,0
2024-02-14 15:15:00,1.07128,1.0714,1.07081,1.07107,1223,11,0
2024-02-14 15:30:00,1.07107,1.07164,1.07095,1.07139,1291,11,0
2024-02-14 15:45:00,1.0714,1.07146,1.07061,1.07081,1076,11,0
2024-02-14 16:00:00,1.0708199999999999,1.07125,1.07061,1.07098,1099,11,0
2024-02-14 16:15:00,1.07098,1.0714299999999999,1.07063,1.07122,1058,11,0
2024-02-14 16:30:00,1.07123,1.07207,1.07121,1.07191,1351,11,0
2024-02-14 16:45:00,1.07193,1.07225,1.07126,1.07157,1150,11,0
2024-02-14 17:00:00,1.07156,1.07222,1.07128,1.0714299999999999,1192,11,0
2024-02-14 17:15:00,1.07145,1.07243,1.0713300000000001,1.07214,1035,11,0
2024-02-14 17:30:00,1.07215,1.07246,1.07169,1.07203,895,11,0
2024-02-14 17:45:00,1.07204,1.07231,1.07173,1.07208,1045,11,0
2024-02-14 18:00:00,1.07208,1.07275,1.07187,1.07243,980,11,0
2024-02-14 18:15:00,1.07244,1.07282,1.0724,1.07273,842,11,0
2024-02-14 18:30:00,1.07275,1.07303,1.07262,1.07262,733,11,0
2024-02-14 18:45:00,1.07263,1.0734,1.07256,1.07334,829,11,0
2024-02-14 19:00:00,1.07335,1.07335,1.07277,1.07296,833,11,0
2024-02-14 19:15:00,1.07296,1.07309,1.07273,1.07309,738,11,0
2024-02-14 19:30:00,1.07309,1.07311,1.07274,1.07302,591,11,0
2024-02-14 19:45:00,1.07302,1.07324,1.07295,1.07301,517,11,0
2024-02-14 20:00:00,1.07302,1.07333,1.07267,1.07272,544,11,0
2024-02-14 20:15:00,1.07272,1.07285,1.0725500000000001,1.07266,515,11,0
2024-02-14 20:30:00,1.07267,1.07313,1.07265,1.07295,538,11,0
2024-02-14 20:45:00,1.07295,1.07306,1.07262,1.07265,530,11,0
2024-02-14 21:00:00,1.07265,1.07283,1.07254,1.07276,563,11,0
2024-02-14 21:15:00,1.07275,1.07291,1.0726,1.07275,522,11,0
2024-02-14 21:30:00,1.07276,1.07287,1.07258,1.0726,485,11,0
2024-02-14 21:45:00,1.0726,1.07283,1.07249,1.07277,526,11,0
2024-02-14 22:00:00,1.07277,1.07283,1.0726,1.07263,556,11,0
2024-02-14 22:15:00,1.07263,1.07271,1.0725500000000001,1.07266,465,11,0
2024-02-14 22:30:00,1.07266,1.07281,1.07257,1.07276,585,11,0
2024-02-14 22:45:00,1.07276,1.07283,1.07261,1.07272,493,11,0
2024-02-14 23:00:00,1.0727,1.0727,1.0725,1.07262,336,11,0
2024-02-14 23:15:00,1.07262,1.07267,1.07256,1.07261,248,11,0
2024-02-14 23:30:00,1.0726,1.07273,1.0726,1.07269,197,11,0
2024-02-14 23:45:00,1.07269,1.07279,1.07265,1.07269,240,11,0
2024-02-15 00:00:00,1.07223,1.07282,1.07223,1.07281,89,15,0
2024-02-15 00:15:00,1.07282,1.07282,1.07251,1.07279,109,17,0
2024-02-15 00:30:00,1.07276,1.07279,1.07257,1.07263,152,15,0
2024-02-15 00:45:00,1.0726,1.07283,1.07256,1.07256,188,14,0
2024-02-15 01:00:00,1.07258,1.07304,1.07258,1.07297,158,11,0
2024-02-15 01:15:00,1.07297,1.07305,1.07291,1.0729899999999999,183,11,0
2024-02-15 01:30:00,1.0729899999999999,1.0731,1.07297,1.07309,141,11,0
2024-02-15 01:45:00,1.07309,1.07319,1.07302,1.07314,190,11,0
2024-02-15 02:00:00,1.07317,1.07331,1.07312,1.07319,210,11,0
2024-02-15 02:15:00,1.0732,1.07326,1.07303,1.07308,237,11,0
2024-02-15 02:30:00,1.07308,1.07331,1.07286,1.07325,516,11,0
2024-02-15 02:45:00,1.07324,1.07351,1.07317,1.07336,433,11,0
2024-02-15 03:00:00,1.07336,1.07346,1.07282,1.0729,399,11,0
2024-02-15 03:15:00,1.0729,1.07297,1.07266,1.07269,395,11,0
2024-02-15 03:30:00,1.07268,1.07288,1.07258,1.07278,438,11,0
2024-02-15 03:45:00,1.07278,1.07293,1.07271,1.07279,310,11,0
2024-02-15 04:00:00,1.07279,1.07281,1.07254,1.07258,370,11,0
2024-02-15 04:15:00,1.07259,1.07279,1.07258,1.07277,256,11,0
2024-02-15 04:30:00,1.07277,1.0731,1.07273,1.07298,295,11,0
2024-02-15 04:45:00,1.07298,1.07306,1.0728,1.07288,208,11,0
2024-02-15 05:00:00,1.0729,1.0729899999999999,1.07281,1.07292,258,11,0
2024-02-15 05:15:00,1.07292,1.073,1.07282,1.07283,374,11,0
2024-02-15 05:30:00,1.07283,1.07286,1.07254,1.07254,271,11,0
2024-02-15 05:45:00,1.07254,1.07257,1.07246,1.07249,287,11,0
2024-02-15 06:00:00,1.0725,1.07263,1.07248,1.07261,265,11,0
2024-02-15 06:15:00,1.07261,1.07263,1.07241,1.07248,297,11,0
2024-02-15 06:30:00,1.07248,1.0725500000000001,1.07241,1.07244,209,11,0
2024-02-15 06:45:00,1.07244,1.07259,1.07244,1.0725500000000001,231,11,0
2024-02-15 07:00:00,1.07257,1.07277,1.07254,1.07275,320,11,0
2024-02-15 07:15:00,1.07275,1.07304,1.07267,1.07304,322,11,0
2024-02-15 07:30:00,1.07304,1.07317,1.07303,1.07307,344,11,0
2024-02-15 07:45:00,1.07307,1.07309,1.07272,1.07285,306,11,0
2024-02-15 08:00:00,1.07286,1.07289,1.07271,1.07278,389,11,0
2024-02-15 08:15:00,1.07278,1.07296,1.07266,1.07286,331,11,0
2024-02-15 08:30:00,1.07286,1.07332,1.07283,1.07323,337,11,0
2024-02-15 08:45:00,1.07323,1.07328,1.07281,1.07302,385,11,0
2024-02-15 09:00:00,1.073,1.07335,1.07271,1.07329,916,11,0
2024-02-15 09:15:00,1.0733,1.07383,1.07314,1.07383,687,11,0
2024-02-15 09:30:00,1.07383,1.07407,1.07343,1.07356,866,11,0
2024-02-15 09:45:00,1.07356,1.07356,1.07309,1.07325,629,11,0
2024-02-15 10:00:00,1.07325,1.07369,1.07295,1.07337,981,11,0
2024-02-15 10:15:00,1.07335,1.07356,1.07304,1.0732,846,11,0
2024-02-15 10:30:00,1.07319,1.07342,1.07303,1.07332,777,11,0
2024-02-15 10:45:00,1.07332,1.07353,1.07291,1.07304,767,11,0
2024-02-15 11:00:00,1.07301,1.07335,1.07275,1.07294,782,11,0
2024-02-15 11:15:00,1.07293,1.07334,1.07283,1.07334,637,11,0
2024-02-15 11:30:00,1.07333,1.07364,1.07312,1.07313,574,11,0
2024-02-15 11:45:00,1.07312,1.07354,1.07306,1.07325,643,11,0
2024-02-15 12:00:00,1.07326,1.07347,1.0731600000000001,1.07329,559,11,0
2024-02-15 12:15:00,1.07328,1.07341,1.07302,1.07341,516,11,0
2024-02-15 12:30:00,1.07341,1.07364,1.0732,1.0733,665,11,0
2024-02-15 12:45:00,1.0733,1.07346,1.07319,1.07341,555,11,0
2024-02-15 13:00:00,1.07341,1.07396,1.07341,1.07373,544,11,0
2024-02-15 13:15:00,1.07371,1.07382,1.07353,1.07364,479,11,0
2024-02-15 13:30:00,1.07363,1.07365,1.07332,1.07365,361,11,0
2024-02-15 13:45:00,1.07365,1.07373,1.07343,1.07349,402,11,0
2024-02-15 14:00:00,1.07349,1.07386,1.07348,1.07375,443,11,0
2024-02-15 14:15:00,1.07375,1.07441,1.07375,1.07433,444,11,0
2024-02-15 14:30:00,1.07433,1.0747,1.07423,1.07457,495,11,0
2024-02-15 14:45:00,1.07452,1.0748,1.07418,1.07444,660,11,0
2024-02-15 15:00:00,1.07444,1.07461,1.07422,1.07449,758,11,0
2024-02-15 15:15:00,1.07449,1.07502,1.07433,1.07458,1033,11,0
2024-02-15 15:30:00,1.0746,1.07721,1.0746,1.07702,2273,12,0
2024-02-15 15:45:00,1.07706,1.07706,1.07603,1.07659,1371,11,0
2024-02-15 16:00:00,1.0765,1.07669,1.07585,1.0763,1281,11,0
2024-02-15 16:15:00,1.07629,1.07694,1.07629,1.07688,1124,11,0
2024-02-15 16:30:00,1.07692,1.07823,1.07684,1.07761,1162,11,0
2024-02-15 16:45:00,1.07764,1.07776,1.0769,1.07756,996,11,0
2024-02-15 17:00:00,1.07756,1.0783800000000001,1.07754,1.07816,829,11,0
2024-02-15 17:15:00,1.07816,1.07843,1.07758,1.07759,781,11,0
2024-02-15 17:30:00,1.07764,1.07783,1.0764,1.07651,800,11,0
2024-02-15 17:45:00,1.07651,1.07677,1.0758,1.07606,691,11,0
2024-02-15 18:00:00,1.07607,1.07626,1.07564,1.07573,737,11,0
2024-02-15 18:15:00,1.07576,1.07586,1.07549,1.07553,719,11,0
2024-02-15 18:30:00,1.07552,1.07597,1.07546,1.07585,580,11,0
2024-02-15 18:45:00,1.07586,1.07593,1.07548,1.07591,548,11,0
2024-02-15 19:00:00,1.07591,1.07624,1.07559,1.07598,591,11,0
2024-02-15 19:15:00,1.07598,1.07609,1.07581,1.07587,456,11,0
2024-02-15 19:30:00,1.07587,1.07615,1.07587,1.07606,351,11,0
2024-02-15 19:45:00,1.07607,1.07619,1.07582,1.07619,421,11,0
2024-02-15 20:00:00,1.0762,1.0764,1.076,1.0762,434,11,0
2024-02-15 20:15:00,1.0762,1.07644,1.07605,1.0764,441,11,0
2024-02-15 20:30:00,1.0764,1.0765,1.07619,1.07642,393,11,0
2024-02-15 20:45:00,1.07641,1.0767,1.07628,1.0766499999999999,356,11,0
2024-02-15 21:00:00,1.0766499999999999,1.07717,1.07661,1.07692,439,11,0
2024-02-15 21:15:00,1.07692,1.07713,1.07677,1.07687,463,11,0
2024-02-15 21:30:00,1.07685,1.07706,1.07675,1.07684,405,11,0
2024-02-15 21:45:00,1.07684,1.07692,1.07666,1.07684,355,11,0
2024-02-15 22:00:00,1.07684,1.07696,1.07676,1.07683,409,11,0
2024-02-15 22:15:00,1.07683,1.07696,1.07675,1.07693,317,11,0
2024-02-15 22:30:00,1.07694,1.07705,1.07688,1.07697,344,11,0
2024-02-15 22:45:00,1.07697,1.07712,1.07685,1.07709,469,11,0
2024-02-15 23:00:00,1.07707,1.07711,1.07697,1.07706,212,11,0
2024-02-15 23:15:00,1.07706,1.07709,1.07698,1.07705,141,11,0
2024-02-15 23:30:00,1.07704,1.07711,1.07697,1.07709,176,11,0
2024-02-15 23:45:00,1.07709,1.07735,1.07706,1.07724,186,11,0
2024-02-16 00:00:00,1.07668,1.0771600000000001,1.07638,1.07715,84,15,0
2024-02-16 00:15:00,1.07715,1.07715,1.07694,1.07696,69,15,0
2024-02-16 00:30:00,1.07705,1.07718,1.07697,1.07709,123,15,0
2024-02-16 00:45:00,1.07709,1.07717,1.077,1.07704,74,15,0
2024-02-16 01:00:00,1.0771600000000001,1.07747,1.07709,1.07746,111,11,0
2024-02-16 01:15:00,1.07746,1.07762,1.07744,1.07755,138,11,0
2024-02-16 01:30:00,1.07754,1.07757,1.07738,1.0774,173,11,0
2024-02-16 01:45:00,1.0774,1.07749,1.07715,1.0772,212,11,0
2024-02-16 02:00:00,1.0772,1.07732,1.07701,1.07701,259,11,0
2024-02-16 02:15:00,1.07704,1.07711,1.07637,1.07644,384,11,0
2024-02-16 02:30:00,1.07644,1.07646,1.07621,1.0763,316,11,0
2024-02-16 02:45:00,1.0763,1.07653,1.07606,1.07643,572,11,0
2024-02-16 03:00:00,1.07644,1.0765,1.07607,1.07632,570,11,0
2024-02-16 03:15:00,1.07632,1.07657,1.07631,1.0765500000000001,484,11,0
2024-02-16 03:30:00,1.0765500000000001,1.07657,1.07634,1.07649,430,11,0
2024-02-16 03:45:00,1.07649,1.07653,1.0763,1.07642,365,11,0
2024-02-16 04:00:00,1.07643,1.07645,1.0761,1.07626,374,11,0
2024-02-16 04:15:00,1.07626,1.07636,1.07621,1.07629,366,11,0
2024-02-16 04:30:00,1.07629,1.07636,1.07624,1.0763,367,11,0
2024-02-16 04:45:00,1.0763,1.0763,1.07593,1.07597,371,11,0
2024-02-16 05:00:00,1.07597,1.07626,1.07594,1.0761,335,11,0
2024-02-16 05:15:00,1.07608,1.07615,1.076,1.07609,339,11,0
2024-02-16 05:30:00,1.07609,1.0762,1.07589,1.076,308,11,0
2024-02-16 05:45:00,1.076,1.07601,1.07585,1.07593,336,11,0
2024-02-16 06:00:00,1.07593,1.07596,1.07575,1.07575,403,11,0
2024-02-16 06:15:00,1.07575,1.07585,1.07568,1.07582,312,11,0
2024-02-16 06:30:00,1.07584,1.07596,1.07577,1.07592,289,11,0
2024-02-16 06:45:00,1.07592,1.07605,1.07583,1.07586,311,11,0
2024-02-16 07:00:00,1.07585,1.07615,1.07579,1.07601,383,11,0
2024-02-16 07:15:00,1.07601,1.07607,1.07586,1.07593,377,11,0
2024-02-16 07:30:00,1.07591,1.07605,1.07586,1.07603,370,11,0
2024-02-16 07:45:00,1.07603,1.07605,1.07589,1.07596,481,11,0
2024-02-16 08:00:00,1.07595,1.0760399999999999,1.07583,1.07597,250,11,0
2024-02-16 08:15:00,1.07596,1.07602,1.0758,1.07588,385,11,0
2024-02-16 08:30:00,1.07588,1.07617,1.07582,1.07615,302,11,0
2024-02-16 08:45:00,1.07614,1.07622,1.07603,1.07621,474,11,0
2024-02-16 09:00:00,1.07622,1.0764,1.07609,1.07634,654,11,0
2024-02-16 09:15:00,1.07634,1.07669,1.07611,1.07647,670,11,0
2024-02-16 09:30:00,1.07646,1.07673,1.07612,1.07622,802,11,0
2024-02-16 09:45:00,1.07621,1.07631,1.07596,1.07601,798,11,0
2024-02-16 10:00:00,1.07603,1.07639,1.07595,1.07603,822,11,0
2024-02-16 10:15:00,1.07601,1.07649,1.0759,1.07626,748,11,0
2024-02-16 10:30:00,1.07625,1.07679,1.07621,1.07666,789,11,0
2024-02-16 10:45:00,1.07666,1.07708,1.07666,1.07694,638,11,0
2024-02-16 11:00:00,1.07694,1.07713,1.07659,1.0766,753,11,0
2024-02-16 11:15:00,1.0766,1.07696,1.07649,1.07687,729,11,0
2024-02-16 11:30:00,1.07686,1.07708,1.07648,1.07658,667,11,0
2024-02-16 11:45:00,1.07658,1.07664,1.07634,1.07654,605,11,0
2024-02-16 12:00:00,1.07656,1.07658,1.07629,1.0765,541,11,0
2024-02-16 12:15:00,1.0765,1.0765,1.0762,1.07628,374,11,0
2024-02-16 12:30:00,1.07627,1.07695,1.07627,1.07688,489,11,0
2024-02-16 12:45:00,1.07687,1.07701,1.07669,1.07677,507,11,0
2024-02-16 13:00:00,1.07676,1.07733,1.07664,1.07727,470,11,0
2024-02-16 13:15:00,1.07727,1.07758,1.07722,1.07727,461,11,0
2024-02-16 13:30:00,1.07728,1.07791,1.07723,1.07779,539,11,0
2024-02-16 13:45:00,1.07779,1.07795,1.07771,1.07771,549,11,0
2024-02-16 14:00:00,1.07769,1.07775,1.07737,1.07738,553,11,0
2024-02-16 14:15:00,1.07737,1.07754,1.07728,1.07729,510,11,0
2024-02-16 14:30:00,1.07729,1.07755,1.07692,1.07706,607,11,0
2024-02-16 14:45:00,1.07706,1.07724,1.0767,1.07676,715,11,0
2024-02-16 15:00:00,1.07676,1.07706,1.0765500000000001,1.07656,840,11,0
2024-02-16 15:15:00,1.07656,1.07675,1.07614,1.07667,883,11,0
2024-02-16 15:30:00,1.07669,1.07673,1.07315,1.07405,2113,12,0
2024-02-16 15:45:00,1.07405,1.07485,1.07381,1.07456,1488,11,0
2024-02-16 16:00:00,1.07462,1.07526,1.07427,1.07429,1189,11,0
2024-02-16 16:15:00,1.07429,1.07498,1.07403,1.07496,831,11,0
2024-02-16 16:30:00,1.07495,1.07565,1.07475,1.07532,959,11,0
2024-02-16 16:45:00,1.07532,1.0755,1.07487,1.0752,901,11,0
2024-02-16 17:00:00,1.0749900000000001,1.07685,1.07481,1.07685,1014,11,0
2024-02-16 17:15:00,1.07685,1.07715,1.07656,1.07671,892,11,0
2024-02-16 17:30:00,1.07671,1.07764,1.07641,1.0775,812,11,0
2024-02-16 17:45:00,1.07751,1.07755,1.077,1.07704,851,11,0
2024-02-16 18:00:00,1.07705,1.07727,1.07678,1.07714,736,11,0
2024-02-16 18:15:00,1.07714,1.07748,1.07709,1.07725,528,11,0
2024-02-16 18:30:00,1.0772599999999999,1.07736,1.07702,1.07707,602,11,0
2024-02-16 18:45:00,1.07707,1.07717,1.07652,1.07679,586,11,0
2024-02-16 19:00:00,1.07679,1.07689,1.07646,1.0766499999999999,457,11,0
2024-02-16 19:15:00,1.07664,1.07669,1.07621,1.07656,430,11,0
2024-02-16 19:30:00,1.07656,1.077,1.0765,1.077,487,11,0
2024-02-16 19:45:00,1.07701,1.07775,1.07699,1.07773,459,11,0
2024-02-16 20:00:00,1.07774,1.07783,1.07733,1.0775,565,11,0
2024-02-16 20:15:00,1.0775,1.07761,1.07735,1.07748,400,11,0
2024-02-16 20:30:00,1.07745,1.07809,1.0774,1.07809,350,11,0
2024-02-16 20:45:00,1.07809,1.07853,1.07797,1.07847,413,11,0
2024-02-16 21:00:00,1.07847,1.0787,1.07839,1.07849,382,11,0
2024-02-16 21:15:00,1.07849,1.07865,1.0783800000000001,1.07841,366,11,0
2024-02-16 21:30:00,1.0784,1.07846,1.07792,1.07801,422,11,0
2024-02-16 21:45:00,1.07801,1.07803,1.07748,1.07765,620,11,0
2024-02-16 22:00:00,1.07765,1.07765,1.07734,1.0774,496,11,0
2024-02-16 22:15:00,1.07739,1.07765,1.07732,1.07759,434,11,0
2024-02-16 22:30:00,1.07759,1.0777,1.07733,1.07738,405,11,0
2024-02-16 22:45:00,1.07738,1.07765,1.07723,1.07758,420,11,0
2024-02-16 23:00:00,1.07758,1.07764,1.07742,1.07758,203,11,0
2024-02-16 23:15:00,1.07758,1.07771,1.07753,1.0777,133,11,0
2024-02-16 23:30:00,1.07768,1.07773,1.07754,1.07761,151,11,0
2024-02-16 23:45:00,1.07767,1.07767,1.0775,1.07764,172,11,0
2024-02-19 00:00:00,1.07704,1.07763,1.07686,1.07763,88,23,0
2024-02-19 00:15:00,1.0776,1.0776,1.07711,1.0772599999999999,178,31,0
2024-02-19 00:30:00,1.07728,1.07762,1.07718,1.07727,192,24,0
2024-02-19 00:45:00,1.07729,1.07743,1.07705,1.07723,163,22,0
2024-02-19 01:00:00,1.0772599999999999,1.07795,1.0772599999999999,1.07794,305,11,0
2024-02-19 01:15:00,1.07793,1.07811,1.0778699999999999,1.0781,163,11,0
2024-02-19 01:30:00,1.0781,1.07816,1.07796,1.07816,212,11,0
2024-02-19 01:45:00,1.07816,1.07846,1.07813,1.07833,207,11,0
2024-02-19 02:00:00,1.07833,1.07872,1.07831,1.07872,319,11,0
2024-02-19 02:15:00,1.07872,1.07884,1.07865,1.07868,275,11,0
2024-02-19 02:30:00,1.07869,1.07883,1.07841,1.07849,295,11,0
2024-02-19 02:45:00,1.07849,1.07865,1.07845,1.07864,420,11,0
2024-02-19 03:00:00,1.07866,1.07874,1.07859,1.07869,445,11,0
2024-02-19 03:15:00,1.07868,1.07871,1.07809,1.07809,525,11,0
2024-02-19 03:30:00,1.07809,1.07817,1.07779,1.07783,619,11,0
2024-02-19 03:45:00,1.07783,1.07821,1.07779,1.07799,365,11,0
2024-02-19 04:00:00,1.07799,1.07799,1.07776,1.07784,402,11,0
2024-02-19 04:15:00,1.07784,1.07798,1.07779,1.0778699999999999,352,11,0
2024-02-19 04:30:00,1.0778699999999999,1.07789,1.07775,1.07785,405,11,0
2024-02-19 04:45:00,1.07785,1.07813,1.07785,1.07808,304,11,0
2024-02-19 05:00:00,1.07807,1.07828,1.07805,1.07826,308,11,0
2024-02-19 05:15:00,1.07826,1.07827,1.07803,1.07816,271,11,0
2024-02-19 05:30:00,1.07816,1.07817,1.07783,1.07783,316,11,0
2024-02-19 05:45:00,1.07783,1.0778699999999999,1.07743,1.07749,281,11,0
2024-02-19 06:00:00,1.07749,1.07757,1.07742,1.07751,226,11,0
2024-02-19 06:15:00,1.07751,1.07771,1.07749,1.07765,346,11,0
2024-02-19 06:30:00,1.07765,1.07781,1.0776,1.07779,233,11,0
2024-02-19 06:45:00,1.0778,1.07806,1.07744,1.07772,303,11,0
2024-02-19 07:00:00,1.07772,1.07783,1.07765,1.07778,316,11,0
2024-02-19 07:15:00,1.07778,1.07799,1.07775,1.07799,305,11,0
2024-02-19 07:30:00,1.07799,1.07822,1.07799,1.07816,359,11,0
2024-02-19 07:45:00,1.07816,1.07823,1.07811,1.07812,406,11,0
2024-02-19 08:00:00,1.07812,1.07825,1.07798,1.07821,278,11,0
2024-02-19 08:15:00,1.07821,1.07822,1.07795,1.07809,347,11,0
2024-02-19 08:30:00,1.07809,1.07831,1.07803,1.07831,329,11,0
2024-02-19 08:45:00,1.07831,1.07862,1.07819,1.07857,386,11,0
2024-02-19 09:00:00,1.07865,1.07881,1.07859,1.07877,537,11,0
2024-02-19 09:15:00,1.07878,1.07889,1.07859,1.07863,514,11,0
2024-02-19 09:30:00,1.07864,1.07883,1.07855,1.07856,467,11,0
2024-02-19 09:45:00,1.07856,1.07861,1.07807,1.07822,594,11,0
2024-02-19 10:00:00,1.07825,1.07858,1.07819,1.07854,868,11,0
2024-02-19 10:15:00,1.07855,1.07868,1.0782,1.07863,600,11,0
2024-02-19 10:30:00,1.07862,1.07865,1.07814,1.07822,764,11,0
2024-02-19 10:45:00,1.07822,1.0784,1.07756,1.07776,643,11,0
2024-02-19 11:00:00,1.0777700000000001,1.07828,1.07764,1.07767,851,11,0
2024-02-19 11:15:00,1.07766,1.07783,1.07735,1.07745,570,11,0
2024-02-19 11:30:00,1.07742,1.07779,1.0771600000000001,1.0775,556,11,0
2024-02-19 11:45:00,1.0775,1.0775,1.0772,1.07742,649,11,0
2024-02-19 12:00:00,1.07743,1.07748,1.07717,1.07738,585,11,0
2024-02-19 12:15:00,1.07738,1.07772,1.07727,1.07765,407,11,0
2024-02-19 12:30:00,1.07766,1.07783,1.07744,1.07759,440,11,0
2024-02-19 12:45:00,1.07759,1.0777,1.07735,1.07749,511,11,0
2024-02-19 13:00:00,1.07749,1.07753,1.0773,1.07744,398,11,0
2024-02-19 13:15:00,1.07744,1.07804,1.07738,1.07794,470,11,0
2024-02-19 13:30:00,1.07794,1.07812,1.0778,1.07783,451,11,0
2024-02-19 13:45:00,1.07785,1.07796,1.07764,1.07764,396,11,0
2024-02-19 14:00:00,1.07764,1.07778,1.07743,1.07776,406,11,0
2024-02-19 14:15:00,1.07776,1.07791,1.07761,1.07769,342,11,0
2024-02-19 14:30:00,1.0777,1.07774,1.07732,1.07739,340,11,0
2024-02-19 14:45:00,1.07739,1.07759,1.07689,1.07695,489,11,0
2024-02-19 15:00:00,1.07697,1.07783,1.07696,1.07767,624,11,0
2024-02-19 15:15:00,1.07767,1.0777,1.07705,1.07709,473,11,0
2024-02-19 15:30:00,1.07708,1.07725,1.07706,1.07719,447,11,0
2024-02-19 15:45:00,1.07719,1.07723,1.07671,1.07697,622,11,0
2024-02-19 16:00:00,1.07697,1.07701,1.07653,1.07681,650,11,0
2024-02-19 16:15:00,1.07682,1.07698,1.07651,1.07666,523,11,0
2024-02-19 16:30:00,1.07666,1.07673,1.0763,1.0765,504,11,0
2024-02-19 16:45:00,1.0765,1.07661,1.07627,1.07659,510,11,0
2024-02-19 17:00:00,1.0766,1.07661,1.07623,1.07623,441,11,0
2024-02-19 17:15:00,1.07621,1.07668,1.07616,1.07643,603,11,0
2024-02-19 17:30:00,1.07643,1.07675,1.07635,1.07654,456,11,0
2024-02-19 17:45:00,1.07654,1.07682,1.07644,1.07669,583,11,0
2024-02-19 18:00:00,1.07669,1.07669,1.07621,1.07649,552,11,0
2024-02-19 18:15:00,1.07649,1.07678,1.07645,1.07676,316,11,0
2024-02-19 18:30:00,1.07676,1.07694,1.07672,1.0769,183,11,0
2024-02-19 18:45:00,1.0769,1.07702,1.07679,1.07693,231,11,0
2024-02-19 19:00:00,1.07694,1.07715,1.0769,1.07713,200,11,0
2024-02-19 19:15:00,1.07713,1.07734,1.07709,1.07733,198,11,0
2024-02-19 19:30:00,1.07733,1.07754,1.07733,1.07753,182,11,0
2024-02-19 19:45:00,1.07753,1.07759,1.07745,1.07757,176,11,0
2024-02-19 20:00:00,1.07757,1.07793,1.07754,1.07792,117,11,0
2024-02-19 20:15:00,1.07791,1.0783,1.07791,1.07797,207,11,0
2024-02-19 20:30:00,1.07799,1.07803,1.07788,1.07795,129,11,0
2024-02-19 20:45:00,1.07794,1.07794,1.07773,1.07786,173,11,0
2024-02-19 21:00:00,1.07788,1.07815,1.0778699999999999,1.07794,177,11,0
2024-02-19 21:15:00,1.07794,1.07795,1.07775,1.07781,101,11,0
2024-02-19 21:30:00,1.07781,1.07801,1.0778,1.078,71,11,0
2024-02-19 21:45:00,1.07801,1.07804,1.0778,1.0778,190,12,0
2024-02-19 22:00:00,1.0778,1.07782,1.07775,1.07778,127,11,0
2024-02-19 22:15:00,1.07778,1.07783,1.07775,1.07782,75,12,0
2024-02-19 22:30:00,1.07783,1.07784,1.0777,1.07778,119,12,0
2024-02-19 22:45:00,1.07778,1.07795,1.07774,1.07788,83,11,0
2024-02-19 23:00:00,1.0778699999999999,1.07791,1.07784,1.0778699999999999,91,12,0
2024-02-19 23:15:00,1.0778699999999999,1.07808,1.07783,1.07807,100,11,0
2024-02-19 23:30:00,1.07807,1.07818,1.07806,1.07808,100,11,0
2024-02-19 23:45:00,1.07811,1.07812,1.0778699999999999,1.07796,81,11,0
2024-02-20 00:00:00,1.07778,1.07782,1.07682,1.07764,140,15,0
2024-02-20 00:15:00,1.07764,1.0778699999999999,1.07742,1.07786,120,15,0
2024-02-20 00:30:00,1.0778699999999999,1.0779,1.07771,1.07778,125,15,0
2024-02-20 00:45:00,1.07778,1.07783,1.07741,1.07779,335,15,0
2024-02-20 01:00:00,1.07782,1.0778699999999999,1.07756,1.07763,202,11,0
2024-02-20 01:15:00,1.07763,1.07763,1.07741,1.07746,182,11,0
2024-02-20 01:30:00,1.07746,1.07754,1.07741,1.0775,194,11,0
2024-02-20 01:45:00,1.07751,1.07752,1.07731,1.07749,143,11,0
2024-02-20 02:00:00,1.07749,1.07763,1.07725,1.07725,408,11,0
2024-02-20 02:15:00,1.0772599999999999,1.07733,1.07687,1.07712,373,11,0
2024-02-20 02:30:00,1.07712,1.07723,1.07685,1.07688,388,11,0
2024-02-20 02:45:00,1.07689,1.07699,1.07671,1.07691,452,11,0
2024-02-20 03:00:00,1.07691,1.07696,1.07644,1.07646,430,11,0
2024-02-20 03:15:00,1.07645,1.07703,1.07645,1.077,779,11,0
2024-02-20 03:30:00,1.077,1.07709,1.0765,1.07663,605,11,0
2024-02-20 03:45:00,1.07663,1.07669,1.07646,1.07653,481,11,0
2024-02-20 04:00:00,1.07653,1.0765500000000001,1.07612,1.07627,532,11,0
2024-02-20 04:15:00,1.07626,1.07652,1.0762,1.0765,473,11,0
2024-02-20 04:30:00,1.0765,1.07652,1.0763,1.07641,440,11,0
2024-02-20 04:45:00,1.07641,1.07664,1.0761,1.07663,625,11,0
2024-02-20 05:00:00,1.07663,1.07663,1.07639,1.0765,416,11,0
2024-02-20 05:15:00,1.07651,1.07673,1.07649,1.07673,473,11,0
2024-02-20 05:30:00,1.07673,1.07678,1.07661,1.07671,343,11,0
2024-02-20 05:45:00,1.07671,1.0768,1.07653,1.07674,296,11,0
2024-02-20 06:00:00,1.07674,1.07693,1.07667,1.07693,286,11,0
2024-02-20 06:15:00,1.07693,1.07706,1.07678,1.07696,316,11,0
2024-02-20 06:30:00,1.07696,1.07698,1.07683,1.07685,341,11,0
2024-02-20 06:45:00,1.07686,1.07698,1.07679,1.07685,323,11,0
2024-02-20 07:00:00,1.07685,1.07697,1.07677,1.07681,410,11,0
2024-02-20 07:15:00,1.07682,1.07688,1.07664,1.0767,245,11,0
2024-02-20 07:30:00,1.0767,1.07675,1.07646,1.07667,382,11,0
2024-02-20 07:45:00,1.07667,1.07678,1.07659,1.07673,414,11,0
2024-02-20 08:00:00,1.07673,1.07697,1.07667,1.07695,512,11,0
2024-02-20 08:15:00,1.07694,1.07715,1.07693,1.07713,298,11,0
2024-02-20 08:30:00,1.07712,1.07723,1.07703,1.0771600000000001,502,11,0
2024-02-20 08:45:00,1.07715,1.07721,1.07685,1.07702,412,11,0
2024-02-20 09:00:00,1.07704,1.07742,1.07704,1.0773,705,11,0
2024-02-20 09:15:00,1.0773,1.07744,1.07701,1.07717,630,11,0
2024-02-20 09:30:00,1.07717,1.07724,1.07668,1.07678,777,11,0
2024-02-20 09:45:00,1.07679,1.07731,1.07678,1.07691,722,11,0
2024-02-20 10:00:00,1.07692,1.07744,1.07691,1.07727,1018,11,0
2024-02-20 10:15:00,1.07725,1.07747,1.07702,1.07734,929,11,0
2024-02-20 10:30:00,1.07733,1.07734,1.07681,1.07712,804,11,0
2024-02-20 10:45:00,1.07714,1.07772,1.07702,1.07753,870,11,0
2024-02-20 11:00:00,1.07751,1.07799,1.07734,1.07786,763,11,0
2024-02-20 11:15:00,1.07786,1.0791,1.07783,1.0789,780,11,0
2024-02-20 11:30:00,1.07891,1.07969,1.07883,1.07949,756,11,0
2024-02-20 11:45:00,1.07949,1.07984,1.07915,1.07973,694,11,0
2024-02-20 12:00:00,1.07974,1.07988,1.07949,1.07984,745,11,0
2024-02-20 12:15:00,1.07984,1.08027,1.07976,1.08013,576,11,0
2024-02-20 12:30:00,1.08014,1.08089,1.08004,1.08046,700,11,0
2024-02-20 12:45:00,1.08046,1.08074,1.08022,1.08035,709,11,0
2024-02-20 13:00:00,1.08035,1.08039,1.0796999999999999,1.07972,711,11,0
2024-02-20 13:15:00,1.07973,1.07996,1.07932,1.07949,749,11,0
2024-02-20 13:30:00,1.07949,1.08012,1.07929,1.0799,639,11,0
2024-02-20 13:45:00,1.07987,1.08019,1.07957,1.07978,667,11,0
2024-02-20 14:00:00,1.07977,1.08004,1.07961,1.0798,626,11,0
2024-02-20 14:15:00,1.07983,1.08048,1.07968,1.08041,605,11,0
2024-02-20 14:30:00,1.08041,1.08052,1.08006,1.0801,709,11,0
2024-02-20 14:45:00,1.08011,1.08019,1.07949,1.07974,754,11,0
2024-02-20 15:00:00,1.07974,1.08057,1.07964,1.08047,911,11,0
2024-02-20 15:15:00,1.08047,1.08079,1.08036,1.08079,827,11,0
2024-02-20 15:30:00,1.08083,1.08156,1.08079,1.08144,1171,11,0
2024-02-20 15:45:00,1.08144,1.08244,1.08144,1.08224,1021,11,0
2024-02-20 16:00:00,1.08228,1.08235,1.08179,1.08225,917,11,0
2024-02-20 16:15:00,1.08225,1.0831,1.08218,1.08295,964,11,0
2024-02-20 16:30:00,1.08299,1.08384,1.08253,1.0826,987,11,0
2024-02-20 16:45:00,1.08262,1.08333,1.08262,1.08284,757,11,0
2024-02-20 17:00:00,1.08286,1.08291,1.08206,1.0821,751,11,0
2024-02-20 17:15:00,1.08211,1.08275,1.08197,1.08252,696,11,0
2024-02-20 17:30:00,1.08252,1.08253,1.08134,1.08141,748,11,0
2024-02-20 17:45:00,1.0814,1.08232,1.08124,1.08222,674,11,0
2024-02-20 18:00:00,1.08222,1.08243,1.08164,1.08171,813,11,0
2024-02-20 18:15:00,1.0817,1.08194,1.08153,1.08173,533,11,0
2024-02-20 18:30:00,1.08178,1.08184,1.0812,1.08121,533,11,0
2024-02-20 18:45:00,1.08121,1.08164,1.08119,1.08125,465,11,0
2024-02-20 19:00:00,1.08125,1.0814300000000001,1.08086,1.08089,524,11,0
2024-02-20 19:15:00,1.08088,1.08129,1.08088,1.08108,481,11,0
2024-02-20 19:30:00,1.08107,1.08135,1.0809,1.08109,470,11,0
2024-02-20 19:45:00,1.08108,1.08116,1.08098,1.08113,453,11,0
2024-02-20 20:00:00,1.08112,1.08116,1.08085,1.08104,363,11,0
2024-02-20 20:15:00,1.08104,1.08104,1.08077,1.08097,436,11,0
2024-02-20 20:30:00,1.08097,1.08104,1.0806499999999999,1.08097,361,11,0
2024-02-20 20:45:00,1.08095,1.08125,1.0808200000000001,1.08093,335,11,0
2024-02-20 21:00:00,1.08091,1.08092,1.08072,1.08088,478,11,0
2024-02-20 21:15:00,1.08087,1.08108,1.08076,1.08088,512,11,0
2024-02-20 21:30:00,1.08088,1.08095,1.0808,1.08087,441,11,0
2024-02-20 21:45:00,1.08087,1.08097,1.08058,1.08058,494,11,0
2024-02-20 22:00:00,1.08058,1.08087,1.08038,1.0808,476,11,0
2024-02-20 22:15:00,1.0808,1.08122,1.08073,1.08119,358,11,0
2024-02-20 22:30:00,1.08119,1.08122,1.08085,1.0811,424,11,0
2024-02-20 22:45:00,1.08109,1.08121,1.08095,1.081,465,11,0
2024-02-20 23:00:00,1.08099,1.08102,1.08066,1.08066,181,11,0
2024-02-20 23:15:00,1.08067,1.08076,1.08062,1.08073,110,11,0
2024-02-20 23:30:00,1.08074,1.08076,1.08063,1.08068,129,11,0
2024-02-20 23:45:00,1.08068,1.08081,1.08066,1.08078,167,11,0
2024-02-21 00:00:00,1.08051,1.08067,1.08039,1.08059,59,15,0
2024-02-21 00:15:00,1.08059,1.08083,1.08048,1.08076,96,15,0
2024-02-21 00:30:00,1.08075,1.08087,1.08064,1.08085,80,13,0
2024-02-21 00:45:00,1.08085,1.08087,1.08069,1.08074,175,14,0
2024-02-21 01:00:00,1.08079,1.0809,1.08072,1.08086,191,11,0
2024-02-21 01:15:00,1.08084,1.08104,1.08081,1.081,203,11,0
2024-02-21 01:30:00,1.081,1.081,1.08083,1.08092,162,11,0
2024-02-21 01:45:00,1.08092,1.08105,1.08087,1.08092,166,11,0
2024-02-21 02:00:00,1.08094,1.08105,1.08062,1.08085,439,11,0
2024-02-21 02:15:00,1.08085,1.08092,1.0806,1.08084,339,11,0
2024-02-21 02:30:00,1.08084,1.081,1.08079,1.08098,343,11,0
2024-02-21 02:45:00,1.08099,1.08102,1.08079,1.08097,705,11,0
2024-02-21 03:00:00,1.08096,1.08098,1.08059,1.08066,400,11,0
2024-02-21 03:15:00,1.08066,1.08077,1.08048,1.0807,475,11,0
2024-02-21 03:30:00,1.08071,1.08118,1.08058,1.08117,639,11,0
2024-02-21 03:45:00,1.08117,1.08121,1.08092,1.08115,535,11,0
2024-02-21 04:00:00,1.08115,1.08154,1.08115,1.08139,437,11,0
2024-02-21 04:15:00,1.08139,1.08158,1.08139,1.08154,410,11,0
2024-02-21 04:30:00,1.08153,1.08159,1.08132,1.08153,429,11,0
2024-02-21 04:45:00,1.08154,1.08166,1.08138,1.08145,519,11,0
2024-02-21 05:00:00,1.08146,1.08166,1.0814300000000001,1.08162,488,11,0
2024-02-21 05:15:00,1.08162,1.08172,1.08144,1.08151,499,11,0
2024-02-21 05:30:00,1.08151,1.08153,1.08129,1.08141,412,11,0
2024-02-21 05:45:00,1.08141,1.08182,1.08138,1.08174,353,11,0
2024-02-21 06:00:00,1.08175,1.08184,1.08156,1.08164,322,11,0
2024-02-21 06:15:00,1.08164,1.08165,1.0813,1.0814300000000001,236,11,0
2024-02-21 06:30:00,1.0814300000000001,1.08148,1.08136,1.08139,271,11,0
2024-02-21 06:45:00,1.08139,1.08153,1.08129,1.08137,292,11,0
2024-02-21 07:00:00,1.08138,1.08152,1.08128,1.08133,352,11,0
2024-02-21 07:15:00,1.08135,1.08139,1.08118,1.08124,255,11,0
2024-02-21 07:30:00,1.08124,1.08142,1.0812,1.08139,386,11,0
2024-02-21 07:45:00,1.0814,1.08161,1.08139,1.08145,352,11,0
2024-02-21 08:00:00,1.08145,1.08148,1.08102,1.08105,491,11,0
2024-02-21 08:15:00,1.08106,1.08121,1.08093,1.08098,459,11,0
2024-02-21 08:30:00,1.08099,1.08103,1.08085,1.08091,385,11,0
2024-02-21 08:45:00,1.08089,1.08117,1.08069,1.0811,451,11,0
2024-02-21 09:00:00,1.08111,1.08137,1.08089,1.08105,623,11,0
2024-02-21 09:15:00,1.08104,1.08133,1.08081,1.08092,571,11,0
2024-02-21 09:30:00,1.08092,1.08095,1.08057,1.08076,663,11,0
2024-02-21 09:45:00,1.08076,1.08133,1.08075,1.08103,558,11,0
2024-02-21 10:00:00,1.08103,1.08141,1.08084,1.08101,862,11,0
2024-02-21 10:15:00,1.081,1.08118,1.08059,1.08071,771,11,0
2024-02-21 10:30:00,1.08072,1.08086,1.08047,1.08057,694,11,0
2024-02-21 10:45:00,1.08057,1.0807,1.07967,1.07983,591,11,0
2024-02-21 11:00:00,1.07983,1.07983,1.07893,1.07923,961,11,0
2024-02-21 11:15:00,1.07923,1.07953,1.07922,1.07942,646,11,0
2024-02-21 11:30:00,1.07942,1.07987,1.0793,1.07971,632,11,0
2024-02-21 11:45:00,1.0796999999999999,1.07998,1.0795,1.07993,628,11,0
2024-02-21 12:00:00,1.07993,1.07999,1.07955,1.07976,698,11,0
2024-02-21 12:15:00,1.07976,1.08003,1.07964,1.08002,714,11,0
2024-02-21 12:30:00,1.07998,1.08009,1.07972,1.07992,527,11,0
2024-02-21 12:45:00,1.07992,1.08027,1.07979,1.08006,581,11,0
2024-02-21 13:00:00,1.08006,1.08018,1.07985,1.07999,486,11,0
2024-02-21 13:15:00,1.07999,1.08009,1.07951,1.07961,523,11,0
2024-02-21 13:30:00,1.07959,1.07979,1.07936,1.07944,424,11,0
2024-02-21 13:45:00,1.07944,1.07984,1.07944,1.07984,403,11,0
2024-02-21 14:00:00,1.07986,1.08013,1.0796000000000001,1.08012,639,11,0
2024-02-21 14:15:00,1.08012,1.08017,1.07982,1.07984,651,11,0
2024-02-21 14:30:00,1.07984,1.08,1.07959,1.07971,605,11,0
2024-02-21 14:45:00,1.07972,1.08027,1.07964,1.08027,836,11,0
2024-02-21 15:00:00,1.08027,1.08103,1.08027,1.08091,858,11,0
2024-02-21 15:15:00,1.08092,1.08103,1.08033,1.08042,936,11,0
2024-02-21 15:30:00,1.08041,1.08098,1.08035,1.08091,867,11,0
2024-02-21 15:45:00,1.08091,1.0811,1.0807,1.08096,664,11,0
2024-02-21 16:00:00,1.08097,1.08149,1.08093,1.08128,755,11,0
2024-02-21 16:15:00,1.08128,1.08142,1.08074,1.08091,798,11,0
2024-02-21 16:30:00,1.0809,1.08101,1.08058,1.08098,962,11,0
2024-02-21 16:45:00,1.08098,1.08157,1.08096,1.08128,777,11,0
2024-02-21 17:00:00,1.0812599999999999,1.08194,1.08104,1.08167,934,11,0
2024-02-21 17:15:00,1.08166,1.08189,1.08108,1.0813,864,11,0
2024-02-21 17:30:00,1.08131,1.08148,1.08091,1.08109,940,11,0
2024-02-21 17:45:00,1.0811,1.08113,1.08039,1.08047,876,11,0
2024-02-21 18:00:00,1.08048,1.08116,1.08004,1.08116,912,11,0
2024-02-21 18:15:00,1.08117,1.08148,1.0808,1.08141,804,11,0
2024-02-21 18:30:00,1.08141,1.08176,1.0812599999999999,1.08172,859,11,0
2024-02-21 18:45:00,1.08171,1.08186,1.0814300000000001,1.08166,673,11,0
2024-02-21 19:00:00,1.08168,1.08169,1.08103,1.0812,782,11,0
2024-02-21 19:15:00,1.08122,1.08131,1.08074,1.08088,637,11,0
2024-02-21 19:30:00,1.08088,1.08092,1.0807,1.08074,631,11,0
2024-02-21 19:45:00,1.08075,1.08093,1.08063,1.08071,523,11,0
2024-02-21 20:00:00,1.08071,1.08075,1.07993,1.08066,984,11,0
2024-02-21 20:15:00,1.08066,1.08103,1.0806,1.08086,513,11,0
2024-02-21 20:30:00,1.08086,1.08132,1.08084,1.0812,424,11,0
2024-02-21 20:45:00,1.08121,1.0812599999999999,1.08089,1.08109,429,11,0
2024-02-21 21:00:00,1.08111,1.08235,1.08042,1.08172,984,13,0
2024-02-21 21:15:00,1.08169,1.08184,1.08135,1.0817,791,12,0
2024-02-21 21:30:00,1.0817,1.0819,1.0813,1.08131,654,11,0
2024-02-21 21:45:00,1.08132,1.08181,1.08123,1.0816,543,11,0
2024-02-21 22:00:00,1.0816,1.08166,1.08133,1.0816,625,11,0
2024-02-21 22:15:00,1.0816,1.08161,1.08117,1.08156,508,11,0
2024-02-21 22:30:00,1.08156,1.08201,1.08155,1.08195,471,11,0
2024-02-21 22:45:00,1.08199,1.08202,1.08164,1.08168,490,11,0
2024-02-21 23:00:00,1.08167,1.08177,1.08124,1.08132,305,11,0
2024-02-21 23:15:00,1.08133,1.08163,1.08128,1.08161,437,11,0
2024-02-21 23:30:00,1.08161,1.08194,1.0816,1.0818,261,11,0
2024-02-21 23:45:00,1.0818,1.08196,1.08166,1.08195,247,11,0
2024-02-22 00:00:00,1.08157,1.08184,1.08115,1.08173,136,17,0
2024-02-22 00:15:00,1.08173,1.08202,1.08163,1.08189,120,15,0
2024-02-22 00:30:00,1.0818699999999999,1.08197,1.08167,1.08188,144,15,0
2024-02-22 00:45:00,1.08188,1.08188,1.08165,1.08181,118,15,0
2024-02-22 01:00:00,1.0818699999999999,1.08222,1.0818699999999999,1.082,164,11,0
2024-02-22 01:15:00,1.08201,1.08219,1.08201,1.08213,137,11,0
2024-02-22 01:30:00,1.08212,1.08213,1.08192,1.08197,204,11,0
2024-02-22 01:45:00,1.08196,1.08201,1.0818,1.08197,219,11,0
2024-02-22 02:00:00,1.08198,1.08236,1.08194,1.08235,341,11,0
2024-02-22 02:15:00,1.08237,1.08268,1.08228,1.08262,364,11,0
2024-02-22 02:30:00,1.08262,1.083,1.08257,1.08295,331,11,0
2024-02-22 02:45:00,1.08295,1.08314,1.08282,1.08294,481,11,0
2024-02-22 03:00:00,1.08294,1.083,1.08264,1.08275,393,11,0
2024-02-22 03:15:00,1.08275,1.08288,1.08261,1.08277,473,11,0
2024-02-22 03:30:00,1.08277,1.08298,1.08269,1.08278,538,11,0
2024-02-22 03:45:00,1.08278,1.08286,1.08259,1.0826,371,11,0
2024-02-22 04:00:00,1.0826,1.08266,1.08188,1.0819,450,11,0
2024-02-22 04:15:00,1.0819,1.08222,1.08185,1.08214,538,11,0
2024-02-22 04:30:00,1.08214,1.08237,1.08198,1.08235,414,11,0
2024-02-22 04:45:00,1.08234,1.0826,1.08231,1.08254,421,11,0
2024-02-22 05:00:00,1.08254,1.08267,1.08246,1.08262,316,11,0
2024-02-22 05:15:00,1.08263,1.08263,1.08228,1.08241,309,11,0
2024-02-22 05:30:00,1.08241,1.08244,1.08227,1.0823,240,11,0
2024-02-22 05:45:00,1.0823,1.08254,1.08226,1.08253,333,11,0
2024-02-22 06:00:00,1.08253,1.0827,1.08247,1.0826500000000001,203,11,0
2024-02-22 06:15:00,1.0826500000000001,1.08285,1.08262,1.08284,278,11,0
2024-02-22 06:30:00,1.08283,1.0829,1.08272,1.08288,282,11,0
2024-02-22 06:45:00,1.08288,1.08304,1.08283,1.08297,203,11,0
2024-02-22 07:00:00,1.08297,1.08323,1.08291,1.0832,316,11,0
2024-02-22 07:15:00,1.08319,1.08343,1.08319,1.08325,338,11,0
2024-02-22 07:30:00,1.08323,1.0835,1.0832,1.0835,205,11,0
2024-02-22 07:45:00,1.0835,1.08373,1.08323,1.08327,339,11,0
2024-02-22 08:00:00,1.0832600000000001,1.08363,1.08325,1.08357,385,11,0
2024-02-22 08:15:00,1.08357,1.08369,1.0835,1.08364,407,11,0
2024-02-22 08:30:00,1.08363,1.0838,1.08362,1.08372,492,11,0
2024-02-22 08:45:00,1.08372,1.08396,1.08368,1.08379,366,11,0
2024-02-22 09:00:00,1.08381,1.08447,1.08369,1.08438,864,11,0
2024-02-22 09:15:00,1.08438,1.08502,1.08438,1.08485,752,11,0
2024-02-22 09:30:00,1.08485,1.08532,1.08481,1.08523,925,11,0
2024-02-22 09:45:00,1.08522,1.08531,1.08499,1.08526,741,11,0
2024-02-22 10:00:00,1.08527,1.0861399999999999,1.08522,1.08593,1009,11,0
2024-02-22 10:15:00,1.08593,1.08879,1.08593,1.08846,1726,11,0
2024-02-22 10:30:00,1.08847,1.08847,1.08565,1.08663,1681,12,0
2024-02-22 10:45:00,1.08663,1.08738,1.08658,1.08708,1085,11,0
2024-02-22 11:00:00,1.08707,1.08711,1.08631,1.08643,1002,11,0
2024-02-22 11:15:00,1.08642,1.08642,1.08528,1.08556,1146,11,0
2024-02-22 11:30:00,1.08556,1.0856,1.08474,1.08536,1205,11,0
2024-02-22 11:45:00,1.08537,1.0857,1.08504,1.08524,774,11,0
2024-02-22 12:00:00,1.08524,1.08547,1.08497,1.08539,783,11,0
2024-02-22 12:15:00,1.0854,1.08558,1.08507,1.08525,631,11,0
2024-02-22 12:30:00,1.08525,1.08584,1.08517,1.08573,563,11,0
2024-02-22 12:45:00,1.08573,1.08579,1.08528,1.08563,597,11,0
2024-02-22 13:00:00,1.08565,1.08565,1.08443,1.08456,778,11,0
2024-02-22 13:15:00,1.08454,1.08493,1.08454,1.08491,737,11,0
2024-02-22 13:30:00,1.08491,1.08515,1.08471,1.08509,708,11,0
2024-02-22 13:45:00,1.08509,1.08569,1.08506,1.08568,753,11,0
2024-02-22 14:00:00,1.08569,1.08581,1.08529,1.08546,694,11,0
2024-02-22 14:15:00,1.08546,1.08546,1.08468,1.08484,679,11,0
2024-02-22 14:30:00,1.08483,1.08513,1.08421,1.08441,862,11,0
2024-02-22 14:45:00,1.0844,1.08473,1.08419,1.08435,804,11,0
2024-02-22 15:00:00,1.08434,1.08477,1.08409,1.0842,906,11,0
2024-02-22 15:15:00,1.0842,1.08428,1.08355,1.08385,973,11,0
2024-02-22 15:30:00,1.0838700000000001,1.0838700000000001,1.08251,1.08292,1647,11,0
2024-02-22 15:45:00,1.08292,1.08338,1.0820400000000001,1.08227,1299,11,0
2024-02-22 16:00:00,1.08226,1.08239,1.08118,1.08153,988,11,0
2024-02-22 16:15:00,1.08153,1.08167,1.08098,1.08125,1028,11,0
2024-02-22 16:30:00,1.08125,1.08142,1.08022,1.08071,1152,11,0
2024-02-22 16:45:00,1.08075,1.08198,1.08075,1.08176,1574,11,0
2024-02-22 17:00:00,1.08173,1.08173,1.0803,1.08114,1415,11,0
2024-02-22 17:15:00,1.08115,1.08136,1.08054,1.08115,1142,11,0
2024-02-22 17:30:00,1.08115,1.0819,1.08109,1.08147,880,11,0
2024-02-22 17:45:00,1.08147,1.08162,1.08087,1.08097,1013,11,0
2024-02-22 18:00:00,1.08098,1.0818,1.08088,1.08166,889,11,0
2024-02-22 18:15:00,1.08163,1.08173,1.08145,1.08146,658,11,0
2024-02-22 18:30:00,1.08148,1.08164,1.08115,1.08132,596,11,0
2024-02-22 18:45:00,1.08132,1.0814,1.0808200000000001,1.08137,620,11,0
2024-02-22 19:00:00,1.08138,1.08154,1.08113,1.08144,642,11,0
2024-02-22 19:15:00,1.08145,1.08206,1.08144,1.08206,509,11,0
2024-02-22 19:30:00,1.08206,1.08236,1.08202,1.08223,411,11,0
2024-02-22 19:45:00,1.08223,1.08225,1.08189,1.08196,467,11,0
2024-02-22 20:00:00,1.08197,1.08208,1.08162,1.08163,522,11,0
2024-02-22 20:15:00,1.08164,1.08222,1.08137,1.08222,575,11,0
2024-02-22 20:30:00,1.08224,1.08256,1.08215,1.0825,524,11,0
2024-02-22 20:45:00,1.0825,1.08257,1.08228,1.08243,360,11,0
2024-02-22 21:00:00,1.08244,1.08247,1.08217,1.08222,467,11,0
2024-02-22 21:15:00,1.08223,1.08237,1.08218,1.08226,427,11,0
2024-02-22 21:30:00,1.08226,1.08229,1.08186,1.08195,402,11,0
2024-02-22 21:45:00,1.08195,1.08227,1.08194,1.08221,510,11,0
2024-02-22 22:00:00,1.0822,1.08227,1.08194,1.08202,508,11,0
2024-02-22 22:15:00,1.08203,1.08223,1.08193,1.0821,481,11,0
2024-02-22 22:30:00,1.08212,1.08223,1.08179,1.08197,570,11,0
2024-02-22 22:45:00,1.08193,1.0822,1.0818699999999999,1.08214,468,11,0
2024-02-22 23:00:00,1.08213,1.08215,1.08203,1.08212,262,11,0
2024-02-22 23:15:00,1.08213,1.08222,1.08206,1.08215,150,11,0
2024-02-22 23:30:00,1.08216,1.08226,1.08205,1.08222,179,11,0
2024-02-22 23:45:00,1.08217,1.08232,1.08213,1.08217,228,11,0
2024-02-23 00:00:00,1.08219,1.08232,1.08193,1.08218,92,15,0
2024-02-23 00:15:00,1.08218,1.08231,1.08192,1.08202,129,15,0
2024-02-23 00:30:00,1.08202,1.08232,1.08192,1.08213,192,20,0
2024-02-23 00:45:00,1.08213,1.08227,1.08174,1.08215,148,23,0
2024-02-23 01:00:00,1.0822,1.08253,1.08209,1.08249,153,11,0
2024-02-23 01:15:00,1.08249,1.08253,1.08243,1.0824799999999999,155,11,0
2024-02-23 01:30:00,1.08249,1.08255,1.08247,1.0825,161,11,0
2024-02-23 01:45:00,1.0825,1.08252,1.08243,1.08249,199,11,0
2024-02-23 02:00:00,1.0825,1.08275,1.0825,1.08271,395,11,0
2024-02-23 02:15:00,1.08271,1.08275,1.0826,1.08272,197,11,0
2024-02-23 02:30:00,1.08272,1.08276,1.08142,1.08224,562,11,0
2024-02-23 02:45:00,1.08224,1.08228,1.08179,1.08214,834,11,0
2024-02-23 03:00:00,1.08215,1.08273,1.08212,1.0826,586,11,0
2024-02-23 03:15:00,1.08259,1.08264,1.08247,1.08257,598,11,0
2024-02-23 03:30:00,1.08258,1.083,1.08253,1.083,420,11,0
2024-02-23 03:45:00,1.08299,1.08314,1.08245,1.08264,504,11,0
2024-02-23 04:00:00,1.08267,1.08299,1.0824799999999999,1.08294,536,11,0
2024-02-23 04:15:00,1.08295,1.083,1.0826,1.0827,466,11,0
2024-02-23 04:30:00,1.08269,1.08271,1.08242,1.08269,464,11,0
2024-02-23 04:45:00,1.08269,1.0828,1.0825,1.0825,334,11,0
2024-02-23 05:00:00,1.0825,1.08255,1.08221,1.08227,384,11,0
2024-02-23 05:15:00,1.08228,1.08239,1.08226,1.08234,397,11,0
2024-02-23 05:30:00,1.08234,1.0824799999999999,1.08224,1.08238,385,11,0
2024-02-23 05:45:00,1.08238,1.0825,1.08236,1.08247,407,11,0
2024-02-23 06:00:00,1.08247,1.0826,1.08245,1.08259,269,11,0
2024-02-23 06:15:00,1.08259,1.0828,1.08257,1.08278,318,11,0
2024-02-23 06:30:00,1.08278,1.08279,1.08261,1.0826500000000001,244,11,0
2024-02-23 06:45:00,1.0826500000000001,1.0826500000000001,1.08247,1.0825,406,11,0
2024-02-23 07:00:00,1.08251,1.08253,1.08243,1.08249,425,11,0
2024-02-23 07:15:00,1.08249,1.0826500000000001,1.08249,1.08252,274,11,0
2024-02-23 07:30:00,1.08252,1.08254,1.08226,1.08236,404,11,0
2024-02-23 07:45:00,1.08235,1.08235,1.08205,1.08224,328,11,0
2024-02-23 08:00:00,1.08223,1.08266,1.08223,1.08264,399,11,0
2024-02-23 08:15:00,1.08264,1.0827,1.08238,1.08254,399,11,0
2024-02-23 08:30:00,1.08255,1.08257,1.0822,1.08229,399,11,0
2024-02-23 08:45:00,1.0823,1.0827,1.08213,1.08249,474,11,0
2024-02-23 09:00:00,1.08251,1.0828,1.08232,1.08278,755,11,0
2024-02-23 09:15:00,1.08278,1.08304,1.08263,1.0828,622,11,0
2024-02-23 09:30:00,1.08282,1.08286,1.08238,1.08262,543,11,0
2024-02-23 09:45:00,1.08262,1.08312,1.08262,1.08289,657,11,0
2024-02-23 10:00:00,1.08291,1.0832,1.08277,1.08316,1010,11,0
2024-02-23 10:15:00,1.08317,1.08318,1.08254,1.08262,721,11,0
2024-02-23 10:30:00,1.08261,1.08281,1.0825,1.08262,756,11,0
2024-02-23 10:45:00,1.08262,1.08267,1.08203,1.08246,639,11,0
2024-02-23 11:00:00,1.08246,1.08252,1.08201,1.08209,813,11,0
2024-02-23 11:15:00,1.08209,1.08235,1.08193,1.08209,603,11,0
2024-02-23 11:30:00,1.08209,1.08218,1.08146,1.08154,645,11,0
2024-02-23 11:45:00,1.08154,1.08188,1.08135,1.0817,701,11,0
2024-02-23 12:00:00,1.08171,1.08219,1.08167,1.08218,531,11,0
2024-02-23 12:15:00,1.08218,1.08239,1.08211,1.08224,485,11,0
2024-02-23 12:30:00,1.08224,1.08237,1.08199,1.08207,675,11,0
2024-02-23 12:45:00,1.0820400000000001,1.08244,1.08202,1.08234,578,11,0
2024-02-23 13:00:00,1.08234,1.08258,1.08224,1.08236,580,11,0
2024-02-23 13:15:00,1.08236,1.0830899999999999,1.08218,1.08288,721,11,0
2024-02-23 13:30:00,1.08287,1.08298,1.08252,1.08297,599,11,0
2024-02-23 13:45:00,1.08297,1.08307,1.08247,1.08262,744,11,0
2024-02-23 14:00:00,1.08263,1.08286,1.0824,1.08259,623,11,0
2024-02-23 14:15:00,1.08259,1.08342,1.08244,1.08333,802,11,0
2024-02-23 14:30:00,1.08333,1.0839,1.08332,1.08358,948,11,0
2024-02-23 14:45:00,1.08358,1.08385,1.0834,1.08356,838,11,0
2024-02-23 15:00:00,1.08356,1.08362,1.08299,1.08356,1013,11,0
2024-02-23 15:15:00,1.08357,1.08359,1.08296,1.08308,964,11,0
2024-02-23 15:30:00,1.08308,1.08329,1.08263,1.0827,964,11,0
2024-02-23 15:45:00,1.0827,1.08336,1.08269,1.08314,824,11,0
2024-02-23 16:00:00,1.08311,1.08329,1.08261,1.0827,1066,11,0
2024-02-23 16:15:00,1.08271,1.08333,1.0827,1.08321,852,11,0
2024-02-23 16:30:00,1.08322,1.08364,1.0828,1.08285,980,11,0
2024-02-23 16:45:00,1.08287,1.08289,1.08238,1.0825,904,11,0
2024-02-23 17:00:00,1.08249,1.08251,1.08154,1.0818699999999999,1103,11,0
2024-02-23 17:15:00,1.08186,1.08217,1.08163,1.08193,1052,11,0
2024-02-23 17:30:00,1.08193,1.08219,1.08164,1.08167,854,11,0
2024-02-23 17:45:00,1.08167,1.08217,1.08112,1.08201,956,11,0
2024-02-23 18:00:00,1.08202,1.08219,1.08145,1.08148,989,11,0
2024-02-23 18:15:00,1.0815,1.0822,1.08147,1.08216,815,11,0
2024-02-23 18:30:00,1.08216,1.08252,1.08216,1.08221,1082,11,0
2024-02-23 18:45:00,1.08223,1.08281,1.08221,1.08268,985,11,0
2024-02-23 19:00:00,1.08268,1.08283,1.08251,1.08258,685,11,0
2024-02-23 19:15:00,1.08256,1.08263,1.08235,1.08241,649,11,0
2024-02-23 19:30:00,1.08241,1.0827,1.08234,1.08243,671,11,0
2024-02-23 19:45:00,1.08243,1.08253,1.08205,1.08243,622,11,0
2024-02-23 20:00:00,1.08243,1.0825,1.08223,1.08241,519,11,0
2024-02-23 20:15:00,1.0824,1.08279,1.08238,1.08276,509,11,0
2024-02-23 20:30:00,1.08276,1.08291,1.08262,1.08277,465,11,0
2024-02-23 20:45:00,1.08277,1.08282,1.08259,1.08261,607,11,0
2024-02-23 21:00:00,1.08261,1.08261,1.08232,1.08239,734,11,0
2024-02-23 21:15:00,1.0824,1.08244,1.08196,1.08205,350,11,0
2024-02-23 21:30:00,1.08205,1.0822,1.08199,1.08208,463,11,0
2024-02-23 21:45:00,1.08208,1.0823,1.08202,1.08225,426,11,0
2024-02-23 22:00:00,1.08225,1.08239,1.08201,1.08215,618,11,0
2024-02-23 22:15:00,1.08214,1.08221,1.08183,1.0819,493,11,0
2024-02-23 22:30:00,1.0819,1.08194,1.08172,1.08193,394,11,0
2024-02-23 22:45:00,1.08193,1.08223,1.08192,1.08218,470,11,0
2024-02-23 23:00:00,1.08216,1.08222,1.08207,1.08216,235,11,0
2024-02-23 23:15:00,1.08216,1.08226,1.08203,1.08226,188,11,0
2024-02-23 23:30:00,1.08222,1.08222,1.08197,1.08205,206,11,0
2024-02-23 23:45:00,1.08205,1.08216,1.08185,1.08193,265,11,0
2024-02-26 00:00:00,1.08277,1.08282,1.08173,1.08188,143,23,0
2024-02-26 00:15:00,1.08186,1.08214,1.08172,1.08184,151,31,0
2024-02-26 00:30:00,1.0818699999999999,1.0820400000000001,1.08164,1.08202,111,21,0
2024-02-26 00:45:00,1.08203,1.08237,1.08179,1.08217,285,11,0
2024-02-26 01:00:00,1.08214,1.08221,1.08192,1.08212,188,11,0
2024-02-26 01:15:00,1.08212,1.08214,1.08199,1.082,91,11,0
2024-02-26 01:30:00,1.082,1.08201,1.08183,1.08195,230,11,0
2024-02-26 01:45:00,1.08197,1.08197,1.08184,1.08186,163,11,0
2024-02-26 02:00:00,1.08183,1.08196,1.08171,1.08181,393,11,0
2024-02-26 02:15:00,1.0818,1.0819,1.08154,1.08183,529,11,0
2024-02-26 02:30:00,1.08183,1.08188,1.08164,1.0818,282,11,0
2024-02-26 02:45:00,1.0818,1.08189,1.08159,1.08161,516,11,0
2024-02-26 03:00:00,1.08161,1.08161,1.0812599999999999,1.08135,535,11,0
2024-02-26 03:15:00,1.08135,1.08169,1.0812,1.08165,365,11,0
2024-02-26 03:30:00,1.08165,1.0819,1.08161,1.08189,555,11,0
2024-02-26 03:45:00,1.08188,1.0819,1.08155,1.08159,469,11,0
2024-02-26 04:00:00,1.08159,1.08165,1.0814,1.08164,300,11,0
2024-02-26 04:15:00,1.08164,1.08165,1.08137,1.08159,351,11,0
2024-02-26 04:30:00,1.08159,1.08166,1.08146,1.08165,316,11,0
2024-02-26 04:45:00,1.08165,1.0817,1.08144,1.08166,356,11,0
2024-02-26 05:00:00,1.08166,1.08168,1.08153,1.08163,263,11,0
2024-02-26 05:15:00,1.08163,1.08182,1.0816,1.08179,240,11,0
2024-02-26 05:30:00,1.08179,1.0818699999999999,1.08172,1.0818,256,11,0
2024-02-26 05:45:00,1.0818,1.08189,1.08171,1.0818,213,11,0
2024-02-26 06:00:00,1.0818,1.08193,1.08168,1.08193,222,11,0
2024-02-26 06:15:00,1.08193,1.08206,1.08193,1.08199,228,11,0
2024-02-26 06:30:00,1.08199,1.08221,1.08199,1.08215,272,11,0
2024-02-26 06:45:00,1.08216,1.08216,1.08198,1.08207,243,11,0
2024-02-26 07:00:00,1.08207,1.08212,1.08195,1.08199,404,11,0
2024-02-26 07:15:00,1.08199,1.0820400000000001,1.08183,1.08192,241,11,0
2024-02-26 07:30:00,1.08192,1.08209,1.0819,1.0820400000000001,275,11,0
2024-02-26 07:45:00,1.0820400000000001,1.08237,1.08203,1.08226,317,11,0
2024-02-26 08:00:00,1.08225,1.08234,1.08215,1.08227,329,11,0
2024-02-26 08:15:00,1.08227,1.08242,1.08225,1.08238,298,11,0
2024-02-26 08:30:00,1.08238,1.08249,1.08232,1.08239,348,11,0
2024-02-26 08:45:00,1.08238,1.08243,1.08225,1.08235,367,11,0
2024-02-26 09:00:00,1.08234,1.0832,1.08222,1.08314,749,11,0
2024-02-26 09:15:00,1.08314,1.08315,1.08287,1.08308,565,11,0
2024-02-26 09:30:00,1.08307,1.08363,1.08293,1.08297,705,11,0
2024-02-26 09:45:00,1.08296,1.08338,1.08295,1.08315,722,11,0
2024-02-26 10:00:00,1.08317,1.0832,1.08266,1.0827,845,11,0
2024-02-26 10:15:00,1.0827,1.08324,1.0827,1.08321,837,11,0
2024-02-26 10:30:00,1.08323,1.08351,1.08322,1.08329,679,11,0
2024-02-26 10:45:00,1.08329,1.08349,1.08298,1.08315,703,11,0
2024-02-26 11:00:00,1.08316,1.08359,1.083,1.0834,714,11,0
2024-02-26 11:15:00,1.0834,1.08371,1.08331,1.08356,551,11,0
2024-02-26 11:30:00,1.08356,1.0839,1.08356,1.0838700000000001,464,11,0
2024-02-26 11:45:00,1.0838700000000001,1.08398,1.0836999999999999,1.08395,467,11,0
2024-02-26 12:00:00,1.08395,1.08456,1.0838,1.08446,615,11,0
2024-02-26 12:15:00,1.08446,1.08467,1.08419,1.08465,471,11,0
2024-02-26 12:30:00,1.08466,1.0848200000000001,1.08444,1.08463,473,11,0
2024-02-26 12:45:00,1.08463,1.0848200000000001,1.08452,1.08474,457,11,0
2024-02-26 13:00:00,1.08475,1.08499,1.08443,1.0849,466,11,0
2024-02-26 13:15:00,1.0849,1.08529,1.08467,1.0852,634,11,0
2024-02-26 13:30:00,1.0852,1.08535,1.08497,1.08525,541,11,0
2024-02-26 13:45:00,1.08525,1.08527,1.08486,1.08514,480,11,0
2024-02-26 14:00:00,1.08516,1.08539,1.08504,1.08507,531,11,0
2024-02-26 14:15:00,1.08508,1.0855,1.08508,1.08536,399,11,0
2024-02-26 14:30:00,1.08537,1.08555,1.08528,1.08554,557,11,0
2024-02-26 14:45:00,1.08554,1.08591,1.0848200000000001,1.08491,625,11,0
2024-02-26 15:00:00,1.08491,1.08542,1.08477,1.08517,724,11,0
2024-02-26 15:15:00,1.08517,1.08533,1.08491,1.08509,644,11,0
2024-02-26 15:30:00,1.08509,1.0855299999999999,1.08501,1.08548,706,11,0
2024-02-26 15:45:00,1.08548,1.08584,1.08526,1.08575,579,11,0
2024-02-26 16:00:00,1.08575,1.08583,1.08444,1.08447,838,11,0
2024-02-26 16:15:00,1.08448,1.08505,1.08446,1.08495,788,11,0
2024-02-26 16:30:00,1.08497,1.08541,1.0849199999999999,1.085,770,11,0
2024-02-26 16:45:00,1.085,1.08504,1.08435,1.08455,760,11,0
2024-02-26 17:00:00,1.08456,1.08476,1.08381,1.08409,988,11,0
2024-02-26 17:15:00,1.08409,1.08466,1.08384,1.0845,697,11,0
2024-02-26 17:30:00,1.08453,1.08507,1.08449,1.08476,757,11,0
2024-02-26 17:45:00,1.08476,1.08539,1.08466,1.08504,654,11,0
2024-02-26 18:00:00,1.08504,1.08519,1.08474,1.08476,783,11,0
2024-02-26 18:15:00,1.08478,1.08504,1.08465,1.08493,658,11,0
2024-02-26 18:30:00,1.08495,1.08516,1.08471,1.08504,684,11,0
2024-02-26 18:45:00,1.08504,1.0855,1.08503,1.08535,591,11,0
2024-02-26 19:00:00,1.08536,1.08545,1.08501,1.08511,611,11,0
2024-02-26 19:15:00,1.08511,1.08514,1.0847,1.08483,465,11,0
2024-02-26 19:30:00,1.0848200000000001,1.08493,1.08451,1.08459,425,11,0
2024-02-26 19:45:00,1.08458,1.08463,1.08429,1.08449,629,11,0
2024-02-26 20:00:00,1.08449,1.08454,1.08406,1.08434,686,11,0
2024-02-26 20:15:00,1.08434,1.0844,1.08404,1.08412,572,11,0
2024-02-26 20:30:00,1.08414,1.0843099999999999,1.08391,1.08423,493,11,0
2024-02-26 20:45:00,1.08423,1.08447,1.08412,1.0844,334,11,0
2024-02-26 21:00:00,1.08441,1.08468,1.08439,1.08441,467,11,0
2024-02-26 21:15:00,1.08441,1.08456,1.08434,1.08446,351,11,0
2024-02-26 21:30:00,1.08447,1.0847,1.08439,1.08454,477,11,0
2024-02-26 21:45:00,1.08454,1.08468,1.08444,1.08458,493,11,0
2024-02-26 22:00:00,1.08457,1.08509,1.08457,1.08507,572,11,0
2024-02-26 22:15:00,1.08507,1.08521,1.08494,1.08515,511,11,0
2024-02-26 22:30:00,1.08516,1.08518,1.08496,1.08508,482,11,0
2024-02-26 22:45:00,1.08509,1.08519,1.08498,1.08502,440,11,0
2024-02-26 23:00:00,1.08503,1.08505,1.08497,1.085,176,11,0
2024-02-26 23:15:00,1.085,1.08505,1.08496,1.08497,131,11,0
2024-02-26 23:30:00,1.08497,1.08502,1.0849,1.08499,200,11,0
2024-02-26 23:45:00,1.08499,1.0851,1.08496,1.08507,148,11,0
2024-02-27 00:00:00,1.08436,1.08498,1.08427,1.08497,75,15,0
2024-02-27 00:15:00,1.08497,1.08497,1.08454,1.08473,79,15,0
2024-02-27 00:30:00,1.08473,1.08485,1.08463,1.08485,66,15,0
2024-02-27 00:45:00,1.08487,1.085,1.08477,1.08497,87,15,0
2024-02-27 01:00:00,1.08489,1.08503,1.0848,1.08484,125,11,0
2024-02-27 01:15:00,1.08484,1.08487,1.08479,1.08484,199,11,0
2024-02-27 01:30:00,1.08484,1.08508,1.08484,1.08505,210,11,0
2024-02-27 01:45:00,1.08505,1.08507,1.08496,1.08498,157,11,0
2024-02-27 02:00:00,1.08499,1.08503,1.08471,1.0848200000000001,407,11,0
2024-02-27 02:15:00,1.08481,1.0849,1.0847,1.0849,386,11,0
2024-02-27 02:30:00,1.08489,1.08491,1.08467,1.08468,381,11,0
2024-02-27 02:45:00,1.08468,1.08483,1.08461,1.08468,370,11,0
2024-02-27 03:00:00,1.08468,1.08475,1.08452,1.08457,371,11,0
2024-02-27 03:15:00,1.08458,1.08467,1.08448,1.08464,516,11,0
2024-02-27 03:30:00,1.08463,1.08489,1.08458,1.08487,651,11,0
2024-02-27 03:45:00,1.08487,1.08503,1.08467,1.08493,576,11,0
2024-02-27 04:00:00,1.08493,1.08531,1.08493,1.08524,346,11,0
2024-02-27 04:15:00,1.08524,1.08525,1.08476,1.08498,447,11,0
2024-02-27 04:30:00,1.08498,1.08522,1.08498,1.08509,360,11,0
2024-02-27 04:45:00,1.08509,1.08515,1.08502,1.0851,356,11,0
2024-02-27 05:00:00,1.0851,1.08512,1.0848,1.08493,320,11,0
2024-02-27 05:15:00,1.0849199999999999,1.08522,1.08491,1.0851,440,11,0
2024-02-27 05:30:00,1.0851,1.08521,1.08509,1.08518,249,11,0
2024-02-27 05:45:00,1.08517,1.08525,1.08513,1.08523,513,11,0
2024-02-27 06:00:00,1.08524,1.08534,1.08519,1.08529,405,11,0
2024-02-27 06:15:00,1.08529,1.0854300000000001,1.08522,1.0854300000000001,238,11,0
2024-02-27 06:30:00,1.0854300000000001,1.08548,1.08536,1.08538,241,11,0
2024-02-27 06:45:00,1.08538,1.0854300000000001,1.08521,1.08528,216,11,0
2024-02-27 07:00:00,1.08528,1.08535,1.08521,1.08529,284,11,0
2024-02-27 07:15:00,1.08529,1.0853,1.08496,1.08497,273,11,0
2024-02-27 07:30:00,1.08497,1.08505,1.0848,1.08486,507,11,0
2024-02-27 07:45:00,1.08486,1.08524,1.08483,1.08513,386,11,0
2024-02-27 08:00:00,1.08515,1.08522,1.08495,1.08504,356,11,0
2024-02-27 08:15:00,1.08504,1.08506,1.08473,1.08486,347,11,0
2024-02-27 08:30:00,1.08486,1.08511,1.08465,1.08472,404,11,0
2024-02-27 08:45:00,1.08472,1.08494,1.08466,1.08494,489,11,0
2024-02-27 09:00:00,1.08494,1.08571,1.08494,1.0857,530,11,0
2024-02-27 09:15:00,1.0857,1.08621,1.08559,1.0861,522,11,0
2024-02-27 09:30:00,1.0861,1.08616,1.0856,1.08565,708,11,0
2024-02-27 09:45:00,1.08565,1.08585,1.08547,1.08555,626,11,0
2024-02-27 10:00:00,1.08554,1.08579,1.08525,1.08568,683,11,0
2024-02-27 10:15:00,1.08567,1.08612,1.08558,1.08599,596,11,0
2024-02-27 10:30:00,1.08599,1.08636,1.08573,1.08631,629,11,0
2024-02-27 10:45:00,1.08631,1.08654,1.08554,1.08569,722,11,0
2024-02-27 11:00:00,1.08568,1.08589,1.08559,1.08568,580,11,0
2024-02-27 11:15:00,1.08567,1.08584,1.08525,1.08534,608,11,0
2024-02-27 11:30:00,1.08533,1.0855,1.08511,1.08528,634,11,0
2024-02-27 11:45:00,1.08529,1.08563,1.08515,1.08524,626,11,0
2024-02-27 12:00:00,1.08524,1.08524,1.08412,1.08437,713,11,0
2024-02-27 12:15:00,1.08437,1.08475,1.08427,1.08451,597,11,0
2024-02-27 12:30:00,1.0845,1.08506,1.08449,1.08496,485,11,0
2024-02-27 12:45:00,1.08496,1.08527,1.08483,1.08512,427,11,0
2024-02-27 13:00:00,1.08511,1.08524,1.08474,1.0852,546,11,0
2024-02-27 13:15:00,1.0852,1.08544,1.0851,1.08537,512,11,0
2024-02-27 13:30:00,1.08538,1.08559,1.0853,1.08559,441,11,0
2024-02-27 13:45:00,1.08561,1.08584,1.0854300000000001,1.0857,467,11,0
2024-02-27 14:00:00,1.0857,1.08609,1.08565,1.08608,474,11,0
2024-02-27 14:15:00,1.08607,1.08612,1.08579,1.08579,404,11,0
2024-02-27 14:30:00,1.08582,1.08601,1.08572,1.08594,641,11,0
2024-02-27 14:45:00,1.08594,1.08626,1.08552,1.08564,647,11,0
2024-02-27 15:00:00,1.08562,1.08573,1.08525,1.08549,905,11,0
2024-02-27 15:15:00,1.08549,1.08556,1.08493,1.08496,713,11,0
2024-02-27 15:30:00,1.08499,1.08558,1.08453,1.08456,1001,11,0
2024-02-27 15:45:00,1.08456,1.0851,1.08444,1.08476,707,11,0
2024-02-27 16:00:00,1.08476,1.08505,1.08412,1.08418,695,11,0
2024-02-27 16:15:00,1.08417,1.08447,1.08396,1.08409,646,11,0
2024-02-27 16:30:00,1.08404,1.08443,1.08363,1.08396,687,11,0
2024-02-27 16:45:00,1.08396,1.08398,1.08354,1.08394,545,11,0
2024-02-27 17:00:00,1.08396,1.08458,1.08352,1.08378,996,11,0
2024-02-27 17:15:00,1.08378,1.08422,1.08374,1.0838700000000001,696,11,0
2024-02-27 17:30:00,1.0838700000000001,1.08388,1.08325,1.08361,732,11,0
2024-02-27 17:45:00,1.08358,1.08507,1.08356,1.08464,930,11,0
2024-02-27 18:00:00,1.08464,1.08515,1.08442,1.08509,865,11,0
2024-02-27 18:15:00,1.08509,1.08542,1.08493,1.08517,749,11,0
2024-02-27 18:30:00,1.08517,1.08537,1.08477,1.0852,733,11,0
2024-02-27 18:45:00,1.08519,1.08574,1.08519,1.08556,593,11,0
2024-02-27 19:00:00,1.08557,1.0856,1.08497,1.08504,550,11,0
2024-02-27 19:15:00,1.08504,1.08534,1.0848200000000001,1.08519,666,11,0
2024-02-27 19:30:00,1.08519,1.08554,1.08507,1.08516,462,11,0
2024-02-27 19:45:00,1.08516,1.08548,1.08497,1.08503,551,11,0
2024-02-27 20:00:00,1.08502,1.0855,1.08487,1.08546,771,11,0
2024-02-27 20:15:00,1.08546,1.08561,1.08518,1.08518,565,11,0
2024-02-27 20:30:00,1.08518,1.08528,1.08498,1.08514,556,11,0
2024-02-27 20:45:00,1.08514,1.08515,1.08484,1.0849,694,11,0
2024-02-27 21:00:00,1.0849,1.0849,1.08465,1.08465,401,11,0
2024-02-27 21:15:00,1.08466,1.0848,1.08423,1.0845,462,11,0
2024-02-27 21:30:00,1.0845,1.08456,1.08416,1.08424,399,11,0
2024-02-27 21:45:00,1.08425,1.08441,1.08402,1.08438,420,11,0
2024-02-27 22:00:00,1.08438,1.08439,1.08413,1.0842,502,11,0
2024-02-27 22:15:00,1.0842,1.08456,1.08416,1.0845,395,11,0
2024-02-27 22:30:00,1.08451,1.08471,1.08443,1.08469,357,11,0
2024-02-27 22:45:00,1.08467,1.08472,1.08437,1.08437,393,11,0
2024-02-27 23:00:00,1.08437,1.08456,1.08436,1.08453,157,11,0
2024-02-27 23:15:00,1.08453,1.08456,1.08441,1.08441,151,11,0
2024-02-27 23:30:00,1.0844,1.08446,1.0843,1.08443,136,11,0
2024-02-27 23:45:00,1.08444,1.08449,1.08439,1.08446,206,11,0
2024-02-28 00:00:00,1.08423,1.0846,1.08419,1.08454,81,26,0
2024-02-28 00:15:00,1.08452,1.08462,1.08426,1.08445,142,17,0
2024-02-28 00:30:00,1.08445,1.08457,1.08433,1.08434,428,15,0
2024-02-28 00:45:00,1.0844,1.08455,1.0843099999999999,1.0843099999999999,218,15,0
2024-02-28 01:00:00,1.0843099999999999,1.08448,1.0843,1.08445,126,11,0
2024-02-28 01:15:00,1.08445,1.08446,1.08432,1.08435,197,11,0
2024-02-28 01:30:00,1.08436,1.08439,1.08421,1.08427,204,11,0
2024-02-28 01:45:00,1.08427,1.08427,1.08405,1.08405,177,11,0
2024-02-28 02:00:00,1.08405,1.08419,1.08399,1.08416,239,11,0
2024-02-28 02:15:00,1.08415,1.0844,1.08411,1.08418,233,11,0
2024-02-28 02:30:00,1.08419,1.0845,1.08403,1.08444,470,11,0
2024-02-28 02:45:00,1.08443,1.08453,1.08424,1.0844,452,11,0
2024-02-28 03:00:00,1.08441,1.08441,1.08395,1.08399,813,11,0
2024-02-28 03:15:00,1.08399,1.0843,1.08399,1.08402,337,11,0
2024-02-28 03:30:00,1.08402,1.0841,1.08374,1.0841,417,11,0
2024-02-28 03:45:00,1.0841,1.08411,1.08386,1.0839,406,11,0
2024-02-28 04:00:00,1.0839,1.08396,1.08365,1.08386,359,11,0
2024-02-28 04:15:00,1.08385,1.08397,1.08368,1.0839,453,11,0
2024-02-28 04:30:00,1.08389,1.08396,1.08367,1.08367,326,11,0
2024-02-28 04:45:00,1.08367,1.08379,1.08365,1.08369,314,11,0
2024-02-28 05:00:00,1.08369,1.08376,1.08352,1.08354,340,11,0
2024-02-28 05:15:00,1.08351,1.08351,1.08322,1.0832600000000001,449,11,0
2024-02-28 05:30:00,1.0832600000000001,1.08341,1.08323,1.08327,301,11,0
2024-02-28 05:45:00,1.08327,1.08346,1.08323,1.08339,289,11,0
2024-02-28 06:00:00,1.08339,1.08352,1.08323,1.08325,336,11,0
2024-02-28 06:15:00,1.08325,1.08338,1.08319,1.08334,235,11,0
2024-02-28 06:30:00,1.08334,1.08341,1.08322,1.08325,204,11,0
2024-02-28 06:45:00,1.08325,1.0833,1.08312,1.08318,289,11,0
2024-02-28 07:00:00,1.08316,1.08327,1.08311,1.08319,262,11,0
2024-02-28 07:15:00,1.0832,1.08324,1.08291,1.083,286,11,0
2024-02-28 07:30:00,1.08301,1.08301,1.08253,1.08258,308,11,0
2024-02-28 07:45:00,1.08258,1.08267,1.0824799999999999,1.08261,342,11,0
2024-02-28 08:00:00,1.08261,1.08288,1.08259,1.08279,273,11,0
2024-02-28 08:15:00,1.0828,1.08286,1.08254,1.0826500000000001,379,11,0
2024-02-28 08:30:00,1.0826500000000001,1.08268,1.0824799999999999,1.08258,380,11,0
2024-02-28 08:45:00,1.08257,1.08262,1.08213,1.08219,479,11,0
2024-02-28 09:00:00,1.08217,1.08244,1.08207,1.08228,728,11,0
2024-02-28 09:15:00,1.08228,1.08242,1.08182,1.08184,744,11,0
2024-02-28 09:30:00,1.08184,1.08193,1.0816,1.08168,807,11,0
2024-02-28 09:45:00,1.08167,1.08236,1.08167,1.08227,623,11,0
2024-02-28 10:00:00,1.08228,1.08236,1.08175,1.08183,830,11,0
2024-02-28 10:15:00,1.08183,1.08184,1.08136,1.08148,739,11,0
2024-02-28 10:30:00,1.08147,1.08182,1.08136,1.08148,659,11,0
2024-02-28 10:45:00,1.08147,1.08147,1.08077,1.08084,810,11,0
2024-02-28 11:00:00,1.08084,1.08117,1.08045,1.08067,817,11,0
2024-02-28 11:15:00,1.0806499999999999,1.08069,1.07973,1.08034,844,11,0
2024-02-28 11:30:00,1.08034,1.08034,1.0796000000000001,1.07998,821,11,0
2024-02-28 11:45:00,1.07997,1.08013,1.07977,1.07992,719,11,0
2024-02-28 12:00:00,1.07992,1.0809,1.07986,1.08067,837,11,0
2024-02-28 12:15:00,1.08067,1.08153,1.08061,1.0814300000000001,726,11,0
2024-02-28 12:30:00,1.08142,1.08172,1.08141,1.08152,658,11,0
2024-02-28 12:45:00,1.08152,1.08169,1.08133,1.08149,626,11,0
2024-02-28 13:00:00,1.08148,1.0816,1.08103,1.08133,514,11,0
2024-02-28 13:15:00,1.08134,1.08162,1.08115,1.08161,492,11,0
2024-02-28 13:30:00,1.08161,1.08175,1.0814,1.08149,453,11,0
2024-02-28 13:45:00,1.08149,1.0817,1.0814300000000001,1.08149,525,11,0
2024-02-28 14:00:00,1.08149,1.08203,1.08149,1.08185,500,11,0
2024-02-28 14:15:00,1.08186,1.08186,1.08128,1.08133,511,11,0
2024-02-28 14:30:00,1.08135,1.08145,1.08098,1.08124,436,11,0
2024-02-28 14:45:00,1.08124,1.08144,1.08068,1.08081,572,11,0
2024-02-28 15:00:00,1.08081,1.08129,1.08061,1.08128,646,11,0
2024-02-28 15:15:00,1.08129,1.08145,1.08112,1.08129,616,11,0
2024-02-28 15:30:00,1.08134,1.08211,1.08081,1.08199,944,11,0
2024-02-28 15:45:00,1.08202,1.083,1.08182,1.0827,759,11,0
2024-02-28 16:00:00,1.08271,1.08321,1.0821,1.0821,570,11,0
2024-02-28 16:15:00,1.08214,1.0831,1.08209,1.08292,486,11,0
2024-02-28 16:30:00,1.08289,1.08291,1.08221,1.08269,549,11,0
2024-02-28 16:45:00,1.0827,1.08332,1.08268,1.08295,465,11,0
2024-02-28 17:00:00,1.08295,1.08328,1.08256,1.08316,490,11,0
2024-02-28 17:15:00,1.08319,1.08373,1.08317,1.0836,461,11,0
2024-02-28 17:30:00,1.0836,1.08361,1.08283,1.0829,400,11,0
2024-02-28 17:45:00,1.08291,1.08342,1.08275,1.08338,377,11,0
2024-02-28 18:00:00,1.08338,1.08361,1.08308,1.0832600000000001,420,11,0
2024-02-28 18:15:00,1.08327,1.08354,1.08318,1.0834,415,11,0
2024-02-28 18:30:00,1.0834,1.08383,1.08325,1.08383,382,11,0
2024-02-28 18:45:00,1.08383,1.08418,1.08366,1.08416,368,11,0
2024-02-28 19:00:00,1.08414,1.08454,1.08413,1.08422,363,11,0
2024-02-28 19:15:00,1.0842,1.08424,1.08393,1.08394,268,11,0
2024-02-28 19:30:00,1.08394,1.08394,1.08334,1.08354,338,11,0
2024-02-28 19:45:00,1.08354,1.08389,1.08354,1.08378,288,11,0
2024-02-28 20:00:00,1.08379,1.08392,1.08359,1.08368,334,11,0
2024-02-28 20:15:00,1.08368,1.08398,1.08361,1.08391,307,11,0
2024-02-28 20:30:00,1.08392,1.08399,1.08363,1.08365,277,11,0
2024-02-28 20:45:00,1.08366,1.08371,1.08323,1.08339,215,11,0
2024-02-28 21:00:00,1.08337,1.08354,1.08335,1.0834,275,11,0
2024-02-28 21:15:00,1.08342,1.08368,1.08332,1.08362,334,11,0
2024-02-28 21:30:00,1.08361,1.08361,1.08321,1.08338,306,11,0
2024-02-28 21:45:00,1.08337,1.08342,1.08321,1.08331,263,11,0
2024-02-28 22:00:00,1.08332,1.08345,1.08323,1.08339,231,11,0
2024-02-28 22:15:00,1.08339,1.08391,1.08333,1.08388,213,11,0
2024-02-28 22:30:00,1.08389,1.08393,1.0836,1.08366,244,11,0
2024-02-28 22:45:00,1.08366,1.08377,1.08358,1.08375,243,11,0
2024-02-28 23:00:00,1.08374,1.08374,1.08356,1.08371,190,11,0
2024-02-28 23:15:00,1.08371,1.08373,1.0836,1.08365,155,11,0
2024-02-28 23:30:00,1.08365,1.08375,1.08355,1.08362,118,11,0
2024-02-28 23:45:00,1.08363,1.0839,1.08359,1.08378,159,11,0
2024-02-29 00:00:00,1.08331,1.08369,1.08327,1.08363,91,15,0
2024-02-29 00:15:00,1.08358,1.08381,1.0835,1.08362,85,14,0
2024-02-29 00:30:00,1.08362,1.08399,1.08362,1.08384,183,15,0
2024-02-29 00:45:00,1.08382,1.08389,1.08368,1.08372,163,15,0
2024-02-29 01:00:00,1.08378,1.08399,1.08375,1.08389,264,11,0
2024-02-29 01:15:00,1.08389,1.08395,1.0838,1.08384,190,11,0
2024-02-29 01:30:00,1.08384,1.08384,1.08374,1.08381,156,11,0
2024-02-29 01:45:00,1.08384,1.08386,1.08368,1.08379,176,11,0
2024-02-29 02:00:00,1.0838,1.08395,1.08372,1.08386,341,11,0
2024-02-29 02:15:00,1.08388,1.08389,1.08368,1.0836999999999999,239,11,0
2024-02-29 02:30:00,1.0836999999999999,1.08372,1.08339,1.08348,422,11,0
2024-02-29 02:45:00,1.08349,1.08361,1.08342,1.08358,528,11,0
2024-02-29 03:00:00,1.08358,1.0839,1.08356,1.08362,640,11,0
2024-02-29 03:15:00,1.08361,1.08385,1.08353,1.08384,533,11,0
2024-02-29 03:30:00,1.08384,1.08395,1.08373,1.08392,855,11,0
2024-02-29 03:45:00,1.08391,1.08393,1.08273,1.08282,780,11,0
2024-02-29 04:00:00,1.08283,1.0832,1.0828,1.08315,807,11,0
2024-02-29 04:15:00,1.08315,1.08358,1.08302,1.08344,835,11,0
2024-02-29 04:30:00,1.08344,1.08347,1.08324,1.08337,594,11,0
2024-02-29 04:45:00,1.08337,1.0836,1.08314,1.0836,575,11,0
2024-02-29 05:00:00,1.08359,1.08364,1.08331,1.08347,655,11,0
2024-02-29 05:15:00,1.08347,1.08353,1.0833,1.08342,477,11,0
2024-02-29 05:30:00,1.08341,1.08355,1.08337,1.08341,401,11,0
2024-02-29 05:45:00,1.08341,1.08373,1.08341,1.08365,482,11,0
2024-02-29 06:00:00,1.08364,1.08366,1.0834,1.08365,543,11,0
2024-02-29 06:15:00,1.08367,1.08371,1.08355,1.08357,434,11,0
2024-02-29 06:30:00,1.08358,1.08362,1.08346,1.08358,360,11,0
2024-02-29 06:45:00,1.08358,1.08359,1.08335,1.08357,327,11,0
2024-02-29 07:00:00,1.08357,1.08369,1.08325,1.08334,666,11,0
2024-02-29 07:15:00,1.08335,1.08338,1.08316,1.08323,571,11,0
2024-02-29 07:30:00,1.08325,1.08354,1.08311,1.08348,519,11,0
2024-02-29 07:45:00,1.0835,1.08365,1.0834,1.08349,727,11,0
2024-02-29 08:00:00,1.0835,1.08351,1.0833,1.08337,699,11,0
2024-02-29 08:15:00,1.08337,1.08363,1.08333,1.08346,436,11,0
2024-02-29 08:30:00,1.08347,1.08376,1.0834,1.08341,461,11,0
2024-02-29 08:45:00,1.08341,1.08342,1.08316,1.08325,534,11,0
2024-02-29 09:00:00,1.0832600000000001,1.08375,1.08296,1.08357,766,11,0
2024-02-29 09:15:00,1.08357,1.08362,1.0830899999999999,1.08324,635,11,0
2024-02-29 09:30:00,1.08324,1.08346,1.08308,1.08343,807,11,0
2024-02-29 09:45:00,1.08343,1.08388,1.08255,1.08278,1051,11,0
2024-02-29 10:00:00,1.08279,1.08413,1.08279,1.08399,1347,11,0
2024-02-29 10:15:00,1.084,1.08467,1.08397,1.08439,959,11,0
2024-02-29 10:30:00,1.08438,1.08468,1.08424,1.08454,836,11,0
2024-02-29 10:45:00,1.08455,1.08459,1.08339,1.0836999999999999,965,11,0
2024-02-29 11:00:00,1.0836999999999999,1.08512,1.08369,1.0846,1303,11,0
2024-02-29 11:15:00,1.08457,1.08497,1.08444,1.08448,803,11,0
2024-02-29 11:30:00,1.08451,1.08466,1.08423,1.08463,833,11,0
2024-02-29 11:45:00,1.08463,1.08515,1.08463,1.085,882,11,0
2024-02-29 12:00:00,1.08501,1.08534,1.0849,1.08528,796,11,0
2024-02-29 12:15:00,1.08528,1.08536,1.08472,1.08477,574,11,0
2024-02-29 12:30:00,1.08477,1.08495,1.08408,1.08422,889,11,0
2024-02-29 12:45:00,1.08422,1.08441,1.08372,1.08372,756,11,0
2024-02-29 13:00:00,1.08371,1.08416,1.08362,1.08399,743,11,0
2024-02-29 13:15:00,1.084,1.08424,1.0836,1.0836,581,11,0
2024-02-29 13:30:00,1.0836,1.0836999999999999,1.08283,1.08287,721,11,0
2024-02-29 13:45:00,1.08286,1.08361,1.08283,1.08339,712,11,0
2024-02-29 14:00:00,1.08338,1.08352,1.08262,1.08267,796,11,0
2024-02-29 14:15:00,1.08267,1.08302,1.08261,1.08285,741,11,0
2024-02-29 14:30:00,1.08285,1.08324,1.08279,1.08288,604,11,0
2024-02-29 14:45:00,1.08287,1.08305,1.08268,1.08285,552,11,0
2024-02-29 15:00:00,1.08285,1.08286,1.08212,1.0825,1038,11,0
2024-02-29 15:15:00,1.08251,1.08314,1.08247,1.0829,1068,11,0
2024-02-29 15:30:00,1.0829,1.08459,1.08279,1.0836,2384,13,0
2024-02-29 15:45:00,1.0836,1.08403,1.08329,1.08373,1720,11,0
2024-02-29 16:00:00,1.08373,1.08477,1.08356,1.08454,1151,11,0
2024-02-29 16:15:00,1.08454,1.08476,1.08425,1.08425,1017,11,0
2024-02-29 16:30:00,1.08428,1.08447,1.08361,1.08428,815,11,0
2024-02-29 16:45:00,1.08432,1.08497,1.08432,1.08461,810,11,0
2024-02-29 17:00:00,1.0848,1.0855299999999999,1.08473,1.08493,942,11,0
2024-02-29 17:15:00,1.08494,1.08494,1.08421,1.08432,765,11,0
2024-02-29 17:30:00,1.0843099999999999,1.08438,1.08323,1.08323,827,11,0
2024-02-29 17:45:00,1.08322,1.08323,1.08185,1.08218,1073,11,0
2024-02-29 18:00:00,1.08218,1.08242,1.08138,1.08151,867,11,0
2024-02-29 18:15:00,1.0815,1.08151,1.08055,1.08085,762,11,0
2024-02-29 18:30:00,1.08085,1.08127,1.0804,1.08046,721,11,0
2024-02-29 18:45:00,1.08044,1.08097,1.08043,1.08056,644,11,0
2024-02-29 19:00:00,1.08057,1.08067,1.08018,1.0804,731,11,0
2024-02-29 19:15:00,1.08041,1.08049,1.07973,1.07982,604,11,0
2024-02-29 19:30:00,1.07983,1.07989,1.07953,1.07968,469,11,0
2024-02-29 19:45:00,1.07968,1.08003,1.07954,1.07992,434,11,0
2024-02-29 20:00:00,1.07993,1.08009,1.07979,1.08007,529,11,0
2024-02-29 20:15:00,1.08007,1.08059,1.08006,1.08048,413,11,0
2024-02-29 20:30:00,1.08048,1.08054,1.08026,1.08037,424,11,0
2024-02-29 20:45:00,1.08036,1.08096,1.08036,1.08087,459,11,0
2024-02-29 21:00:00,1.08087,1.08094,1.08061,1.08074,411,11,0
2024-02-29 21:15:00,1.08074,1.08106,1.08073,1.08075,435,11,0
2024-02-29 21:30:00,1.08076,1.08083,1.08014,1.08014,435,11,0
2024-02-29 21:45:00,1.08014,1.08037,1.08002,1.08019,453,11,0
2024-02-29 22:00:00,1.08024,1.08058,1.08022,1.08032,452,11,0
2024-02-29 22:15:00,1.08032,1.08067,1.0803,1.08066,355,11,0
2024-02-29 22:30:00,1.08066,1.0809,1.08055,1.08076,391,11,0
2024-02-29 22:45:00,1.08076,1.08085,1.08068,1.08079,477,11,0
2024-02-29 23:00:00,1.08077,1.0808,1.08039,1.08055,368,11,0
2024-02-29 23:15:00,1.08055,1.08055,1.08031,1.08044,218,11,0
2024-02-29 23:30:00,1.08044,1.08047,1.08033,1.08044,234,11,0
2024-02-29 23:45:00,1.08044,1.08054,1.08037,1.08042,203,11,0
2024-03-01 00:00:00,1.07956,1.08052,1.07955,1.08051,165,15,0
2024-03-01 00:15:00,1.08052,1.08053,1.08018,1.08048,183,15,0
2024-03-01 00:30:00,1.08048,1.08049,1.08011,1.08014,523,15,0
2024-03-01 00:45:00,1.08016,1.08045,1.08009,1.08039,448,17,0
2024-03-01 01:00:00,1.08047,1.08047,1.08022,1.0803,113,11,0
2024-03-01 01:15:00,1.0803,1.08041,1.08027,1.08041,153,11,0
2024-03-01 01:30:00,1.08041,1.08042,1.08017,1.08019,200,11,0
2024-03-01 01:45:00,1.08017,1.08051,1.08017,1.08051,183,11,0
2024-03-01 02:00:00,1.08051,1.08083,1.08046,1.08083,295,11,0
2024-03-01 02:15:00,1.0808200000000001,1.08088,1.08069,1.08072,288,11,0
2024-03-01 02:30:00,1.08072,1.08093,1.0807,1.08083,361,11,0
2024-03-01 02:45:00,1.08083,1.08121,1.0808,1.08108,327,11,0
2024-03-01 03:00:00,1.08108,1.08128,1.08103,1.08125,386,11,0
2024-03-01 03:15:00,1.08125,1.08142,1.0812,1.08137,512,11,0
2024-03-01 03:30:00,1.08136,1.08163,1.08131,1.08162,554,11,0
2024-03-01 03:45:00,1.08163,1.08208,1.08161,1.08206,483,11,0
2024-03-01 04:00:00,1.08206,1.08214,1.08184,1.08196,574,11,0
2024-03-01 04:15:00,1.08196,1.08196,1.0816,1.08181,250,11,0
2024-03-01 04:30:00,1.08181,1.08191,1.08162,1.08186,230,11,0
2024-03-01 04:45:00,1.0818699999999999,1.08192,1.08173,1.08177,340,11,0
2024-03-01 05:00:00,1.08177,1.08206,1.08172,1.08192,342,11,0
2024-03-01 05:15:00,1.08192,1.08198,1.08182,1.08189,410,11,0
2024-03-01 05:30:00,1.08189,1.0819,1.08161,1.08165,228,11,0
2024-03-01 05:45:00,1.08166,1.08175,1.08161,1.08164,288,11,0
2024-03-01 06:00:00,1.08165,1.08165,1.08148,1.08151,263,11,0
2024-03-01 06:15:00,1.08151,1.08154,1.08139,1.08142,201,11,0
2024-03-01 06:30:00,1.08141,1.08158,1.08135,1.0814300000000001,296,11,0
2024-03-01 06:45:00,1.0814300000000001,1.08148,1.08115,1.08131,237,11,0
2024-03-01 07:00:00,1.08131,1.08137,1.0811,1.08113,231,11,0
2024-03-01 07:15:00,1.08113,1.08123,1.08105,1.08116,241,11,0
2024-03-01 07:30:00,1.08116,1.08131,1.0811,1.08117,234,11,0
2024-03-01 07:45:00,1.08117,1.08124,1.08107,1.08116,243,11,0
2024-03-01 08:00:00,1.08117,1.08129,1.08109,1.08121,331,11,0
2024-03-01 08:15:00,1.08121,1.08135,1.08105,1.08108,370,11,0
2024-03-01 08:30:00,1.08108,1.08113,1.0808200000000001,1.08085,308,11,0
2024-03-01 08:45:00,1.08085,1.08093,1.08075,1.08087,265,11,0
2024-03-01 09:00:00,1.08085,1.08163,1.08083,1.08155,798,11,0
2024-03-01 09:15:00,1.08155,1.08171,1.08125,1.08134,599,11,0
2024-03-01 09:30:00,1.08134,1.08157,1.08085,1.08091,873,11,0
2024-03-01 09:45:00,1.08092,1.08141,1.0809,1.0812,554,11,0
2024-03-01 10:00:00,1.0812,1.08178,1.08096,1.08135,1049,11,0
2024-03-01 10:15:00,1.08136,1.08195,1.0812599999999999,1.0816,872,11,0
2024-03-01 10:30:00,1.0816,1.08169,1.081,1.08118,1087,11,0
2024-03-01 10:45:00,1.08116,1.0812599999999999,1.08085,1.08109,989,11,0
2024-03-01 11:00:00,1.08106,1.08151,1.08079,1.08119,1120,11,0
2024-03-01 11:15:00,1.08118,1.08134,1.08088,1.08121,1150,11,0
2024-03-01 11:30:00,1.08121,1.08137,1.0809,1.0812599999999999,781,11,0
2024-03-01 11:45:00,1.0812599999999999,1.08172,1.08121,1.08146,622,11,0
2024-03-01 12:00:00,1.08152,1.08218,1.08037,1.08043,1172,11,0
2024-03-01 12:15:00,1.08042,1.08048,1.07986,1.08002,1085,11,0
2024-03-01 12:30:00,1.08002,1.08083,1.07978,1.08075,928,11,0
2024-03-01 12:45:00,1.08076,1.08107,1.08071,1.08101,1029,11,0
2024-03-01 13:00:00,1.081,1.08177,1.08096,1.0814300000000001,788,11,0
2024-03-01 13:15:00,1.08142,1.08158,1.0812599999999999,1.08144,718,11,0
2024-03-01 13:30:00,1.08145,1.08185,1.08145,1.0818,657,11,0
2024-03-01 13:45:00,1.08179,1.08185,1.08161,1.08182,571,11,0
2024-03-01 14:00:00,1.08182,1.08233,1.0817,1.08224,720,11,0
2024-03-01 14:15:00,1.08224,1.08242,1.08208,1.08209,566,11,0
2024-03-01 14:30:00,1.08209,1.08222,1.0818699999999999,1.08195,704,11,0
2024-03-01 14:45:00,1.08195,1.08208,1.08114,1.08125,750,11,0
2024-03-01 15:00:00,1.08125,1.08139,1.08106,1.08118,845,11,0
2024-03-01 15:15:00,1.08119,1.08122,1.08073,1.08105,875,11,0
2024-03-01 15:30:00,1.08106,1.08148,1.08083,1.08102,1250,11,0
2024-03-01 15:45:00,1.08102,1.08138,1.08099,1.08123,890,11,0
2024-03-01 16:00:00,1.08123,1.08154,1.08105,1.0814300000000001,850,11,0
2024-03-01 16:15:00,1.08144,1.08201,1.08118,1.0813,737,11,0
2024-03-01 16:30:00,1.08131,1.08164,1.08073,1.08104,964,11,0
2024-03-01 16:45:00,1.08089,1.08089,1.07975,1.07997,857,11,0
2024-03-01 17:00:00,1.08008,1.08201,1.08008,1.08198,1281,13,0
2024-03-01 17:15:00,1.08198,1.084,1.08198,1.08386,1041,11,0
2024-03-01 17:30:00,1.08389,1.0841,1.08324,1.08354,885,11,0
2024-03-01 17:45:00,1.08356,1.08403,1.08328,1.08346,888,11,0
2024-03-01 18:00:00,1.08345,1.08364,1.08299,1.08321,774,11,0
2024-03-01 18:15:00,1.08322,1.08341,1.08227,1.08241,648,11,0
2024-03-01 18:30:00,1.08241,1.08312,1.08241,1.08304,612,11,0
2024-03-01 18:45:00,1.08305,1.08341,1.08292,1.08302,525,11,0
2024-03-01 19:00:00,1.08302,1.08359,1.08281,1.08353,585,11,0
2024-03-01 19:15:00,1.08353,1.08362,1.08337,1.08355,386,11,0
2024-03-01 19:30:00,1.08355,1.08378,1.08351,1.08358,377,11,0
2024-03-01 19:45:00,1.08358,1.08394,1.08358,1.08371,368,11,0
2024-03-01 20:00:00,1.08371,1.08384,1.0830899999999999,1.08361,523,11,0
2024-03-01 20:15:00,1.08362,1.08383,1.08331,1.08363,451,11,0
2024-03-01 20:30:00,1.08367,1.08414,1.08357,1.08411,406,11,0
2024-03-01 20:45:00,1.08413,1.08419,1.08366,1.08393,365,11,0
2024-03-01 21:00:00,1.08393,1.08421,1.08393,1.08411,435,11,0
2024-03-01 21:15:00,1.08411,1.08416,1.08391,1.08413,329,11,0
2024-03-01 21:30:00,1.08413,1.08425,1.08384,1.08388,420,11,0
2024-03-01 21:45:00,1.08388,1.08421,1.08374,1.08406,453,11,0
2024-03-01 22:00:00,1.08406,1.08407,1.08349,1.08358,391,11,0
2024-03-01 22:15:00,1.08358,1.08367,1.08347,1.0835,331,11,0
2024-03-01 22:30:00,1.0835,1.08356,1.08344,1.08354,227,11,0
2024-03-01 22:45:00,1.08355,1.08377,1.08353,1.08369,316,11,0
2024-03-01 23:00:00,1.08367,1.08369,1.08341,1.08347,233,11,0
2024-03-01 23:15:00,1.08347,1.08361,1.08327,1.08357,269,11,0
2024-03-01 23:30:00,1.08358,1.08395,1.08356,1.08382,196,11,0
2024-03-01 23:45:00,1.08381,1.08398,1.08372,1.08393,281,11,0
2024-03-04 00:00:00,1.08353,1.08389,1.08343,1.08374,112,22,0
2024-03-04 00:15:00,1.08376,1.08401,1.08371,1.08384,178,21,0
2024-03-04 00:30:00,1.0838700000000001,1.08406,1.08378,1.084,230,15,0
2024-03-04 00:45:00,1.08399,1.08421,1.08364,1.08383,283,15,0
2024-03-04 01:00:00,1.08381,1.08425,1.08381,1.0842,239,11,0
2024-03-04 01:15:00,1.0842,1.0843,1.08415,1.08422,271,11,0
2024-03-04 01:30:00,1.08422,1.08434,1.0842,1.0842,292,11,0
2024-03-04 01:45:00,1.0842,1.0842,1.08404,1.0841,239,11,0
2024-03-04 02:00:00,1.08414,1.08429,1.08402,1.08428,356,11,0
2024-03-04 02:15:00,1.08428,1.08442,1.08425,1.08441,528,11,0
2024-03-04 02:30:00,1.08442,1.08474,1.08439,1.08474,470,11,0
2024-03-04 02:45:00,1.08473,1.08474,1.08445,1.08452,545,11,0
2024-03-04 03:00:00,1.08453,1.08453,1.08411,1.08422,527,11,0
2024-03-04 03:15:00,1.08422,1.08439,1.0842,1.08428,645,11,0
2024-03-04 03:30:00,1.0843,1.08432,1.08394,1.08395,575,11,0
2024-03-04 03:45:00,1.08395,1.08407,1.08379,1.08396,447,11,0
2024-03-04 04:00:00,1.08395,1.08407,1.08378,1.08405,483,11,0
2024-03-04 04:15:00,1.08405,1.08432,1.08403,1.0843,554,11,0
2024-03-04 04:30:00,1.0843099999999999,1.08452,1.08426,1.08442,366,11,0
2024-03-04 04:45:00,1.08442,1.08452,1.0844,1.08447,314,11,0
2024-03-04 05:00:00,1.08447,1.08451,1.08416,1.08421,380,11,0
2024-03-04 05:15:00,1.08421,1.08443,1.08421,1.08435,238,11,0
2024-03-04 05:30:00,1.08435,1.08439,1.08422,1.08427,263,11,0
2024-03-04 05:45:00,1.08429,1.08441,1.08428,1.08435,213,11,0
2024-03-04 06:00:00,1.08435,1.0845,1.08435,1.08443,182,11,0
2024-03-04 06:15:00,1.08443,1.0845,1.08438,1.08442,202,11,0
2024-03-04 06:30:00,1.08442,1.08446,1.08434,1.08439,195,11,0
2024-03-04 06:45:00,1.0844,1.08444,1.08426,1.08432,222,11,0
2024-03-04 07:00:00,1.08432,1.08459,1.08432,1.08453,202,11,0
2024-03-04 07:15:00,1.08454,1.08463,1.08451,1.08452,197,11,0
2024-03-04 07:30:00,1.08452,1.08461,1.0843099999999999,1.0843099999999999,265,11,0
2024-03-04 07:45:00,1.0843099999999999,1.08443,1.08421,1.08439,248,11,0
2024-03-04 08:00:00,1.08439,1.08453,1.08425,1.08441,339,11,0
2024-03-04 08:15:00,1.08441,1.08454,1.08432,1.08437,496,11,0
2024-03-04 08:30:00,1.08437,1.08469,1.0843099999999999,1.08448,475,11,0
2024-03-04 08:45:00,1.0845,1.08473,1.08449,1.08464,364,11,0
2024-03-04 09:00:00,1.08467,1.08523,1.08465,1.08515,657,11,0
2024-03-04 09:15:00,1.08515,1.08515,1.08465,1.08473,511,11,0
2024-03-04 09:30:00,1.08474,1.08489,1.08446,1.08487,653,11,0
2024-03-04 09:45:00,1.08488,1.08535,1.08487,1.08532,593,11,0
2024-03-04 10:00:00,1.08532,1.08574,1.08514,1.08521,890,11,0
2024-03-04 10:15:00,1.08521,1.08521,1.08397,1.08415,925,11,0
2024-03-04 10:30:00,1.08414,1.08429,1.08371,1.084,947,11,0
2024-03-04 10:45:00,1.08398,1.08461,1.08386,1.08443,860,11,0
2024-03-04 11:00:00,1.08443,1.08458,1.08416,1.08455,674,11,0
2024-03-04 11:15:00,1.08455,1.0847,1.08416,1.08455,731,11,0
2024-03-04 11:30:00,1.08453,1.08512,1.08444,1.08495,565,11,0
2024-03-04 11:45:00,1.08495,1.08516,1.0847,1.08485,694,11,0
2024-03-04 12:00:00,1.08485,1.08494,1.08453,1.08483,618,11,0
2024-03-04 12:15:00,1.0848200000000001,1.08514,1.0848200000000001,1.0849199999999999,444,11,0
2024-03-04 12:30:00,1.08491,1.0854,1.08477,1.08536,503,11,0
2024-03-04 12:45:00,1.08537,1.08544,1.08519,1.08531,562,11,0
2024-03-04 13:00:00,1.08531,1.08549,1.08522,1.08532,426,11,0
2024-03-04 13:15:00,1.08532,1.08542,1.0851,1.08529,427,11,0
2024-03-04 13:30:00,1.08528,1.08563,1.08522,1.08557,439,11,0
2024-03-04 13:45:00,1.08557,1.08563,1.08535,1.08558,460,11,0
2024-03-04 14:00:00,1.08558,1.0857,1.08494,1.08505,472,11,0
2024-03-04 14:15:00,1.08505,1.0853,1.08501,1.08519,547,11,0
2024-03-04 14:30:00,1.0852,1.08529,1.08499,1.08518,515,11,0
2024-03-04 14:45:00,1.08516,1.08519,1.08411,1.0842,688,11,0
2024-03-04 15:00:00,1.0842,1.08467,1.0842,1.08461,755,11,0
2024-03-04 15:15:00,1.0846,1.08461,1.08394,1.08426,735,11,0
2024-03-04 15:30:00,1.08428,1.08494,1.08424,1.08465,1076,11,0
2024-03-04 15:45:00,1.08467,1.08485,1.08429,1.0848200000000001,744,11,0
2024-03-04 16:00:00,1.08483,1.08495,1.08444,1.08453,720,11,0
2024-03-04 16:15:00,1.08454,1.08504,1.08454,1.08499,702,11,0
2024-03-04 16:30:00,1.08501,1.08539,1.08491,1.08522,856,11,0
2024-03-04 16:45:00,1.08522,1.08612,1.08522,1.08592,670,11,0
2024-03-04 17:00:00,1.08592,1.08612,1.08548,1.08576,672,11,0
2024-03-04 17:15:00,1.08575,1.08628,1.08557,1.08595,647,11,0
2024-03-04 17:30:00,1.08595,1.08617,1.08573,1.08616,584,11,0
2024-03-04 17:45:00,1.08616,1.08631,1.08591,1.08627,590,11,0
2024-03-04 18:00:00,1.08626,1.08663,1.08618,1.08661,585,11,0
2024-03-04 18:15:00,1.0866,1.08663,1.08587,1.08592,603,11,0
2024-03-04 18:30:00,1.08591,1.08603,1.08561,1.08587,541,11,0
2024-03-04 18:45:00,1.08587,1.0861399999999999,1.0858,1.08609,469,11,0
2024-03-04 19:00:00,1.08609,1.08611,1.08548,1.08576,559,11,0
2024-03-04 19:15:00,1.08577,1.08618,1.0857,1.08587,472,11,0
2024-03-04 19:30:00,1.08588,1.08599,1.08574,1.08584,392,11,0
2024-03-04 19:45:00,1.08584,1.08588,1.08554,1.08574,430,11,0
2024-03-04 20:00:00,1.08574,1.08602,1.08558,1.08575,353,11,0
2024-03-04 20:15:00,1.08575,1.08591,1.08555,1.08568,289,11,0
2024-03-04 20:30:00,1.08568,1.08582,1.0856,1.08579,252,11,0
2024-03-04 20:45:00,1.08579,1.08579,1.08551,1.08559,240,11,0
2024-03-04 21:00:00,1.08559,1.08571,1.08547,1.08552,303,11,0
2024-03-04 21:15:00,1.08552,1.08566,1.08547,1.08558,318,11,0
2024-03-04 21:30:00,1.08557,1.08576,1.08548,1.08567,271,11,0
2024-03-04 21:45:00,1.08568,1.08579,1.08554,1.08561,367,11,0
2024-03-04 22:00:00,1.08561,1.08572,1.08558,1.08563,277,11,0
2024-03-04 22:15:00,1.08563,1.08571,1.08557,1.08568,228,11,0
2024-03-04 22:30:00,1.08567,1.0859,1.0855,1.08579,338,11,0
2024-03-04 22:45:00,1.08579,1.08579,1.08549,1.08552,330,11,0
2024-03-04 23:00:00,1.08552,1.08566,1.08545,1.08545,196,11,0
2024-03-04 23:15:00,1.08546,1.08555,1.0854300000000001,1.08545,141,11,0
2024-03-04 23:30:00,1.08545,1.08561,1.08542,1.0855299999999999,190,11,0
2024-03-04 23:45:00,1.08551,1.08557,1.08547,1.08554,206,11,0
2024-03-05 00:00:00,1.08533,1.08562,1.085,1.08539,137,15,0
2024-03-05 00:15:00,1.08539,1.08554,1.08512,1.08533,951,25,0
2024-03-05 00:30:00,1.0854300000000001,1.0854300000000001,1.08516,1.08538,1309,17,0
2024-03-05 00:45:00,1.08536,1.0855299999999999,1.08515,1.08516,254,21,0
2024-03-05 01:00:00,1.08535,1.08572,1.08532,1.0856,136,11,0
2024-03-05 01:15:00,1.08559,1.08573,1.08549,1.0857,106,11,0
2024-03-05 01:30:00,1.0857,1.08575,1.08552,1.08554,113,11,0
2024-03-05 01:45:00,1.08555,1.08555,1.08533,1.08534,88,11,0
2024-03-05 02:00:00,1.08535,1.08548,1.08523,1.08539,264,11,0
2024-03-05 02:15:00,1.0854,1.0854300000000001,1.08508,1.08511,268,11,0
2024-03-05 02:30:00,1.0851,1.08517,1.08508,1.08516,281,11,0
2024-03-05 02:45:00,1.08516,1.08537,1.0851,1.08525,327,11,0
2024-03-05 03:00:00,1.08525,1.0854,1.08515,1.08525,471,11,0
2024-03-05 03:15:00,1.08522,1.08532,1.08491,1.08512,456,11,0
2024-03-05 03:30:00,1.08512,1.08514,1.08489,1.0851,416,11,0
2024-03-05 03:45:00,1.08507,1.08507,1.08469,1.08488,349,11,0
2024-03-05 04:00:00,1.08488,1.08508,1.0848,1.08497,587,11,0
2024-03-05 04:15:00,1.08496,1.08506,1.08478,1.08495,366,11,0
2024-03-05 04:30:00,1.08495,1.08514,1.08494,1.08507,347,11,0
2024-03-05 04:45:00,1.08507,1.08507,1.0848200000000001,1.08495,298,11,0
2024-03-05 05:00:00,1.08495,1.08509,1.08489,1.08505,220,11,0
2024-03-05 05:15:00,1.08505,1.08521,1.08503,1.08516,354,11,0
2024-03-05 05:30:00,1.08516,1.0854300000000001,1.08515,1.08536,248,11,0
2024-03-05 05:45:00,1.08536,1.08538,1.08525,1.08536,210,11,0
2024-03-05 06:00:00,1.08536,1.08538,1.0852,1.08522,200,11,0
2024-03-05 06:15:00,1.08521,1.08528,1.08514,1.08524,194,11,0
2024-03-05 06:30:00,1.08524,1.08529,1.08495,1.08498,245,11,0
2024-03-05 06:45:00,1.08498,1.08506,1.08493,1.08501,228,11,0
2024-03-05 07:00:00,1.08502,1.08516,1.08498,1.08515,202,11,0
2024-03-05 07:15:00,1.08516,1.08528,1.08511,1.08515,215,11,0
2024-03-05 07:30:00,1.08515,1.08534,1.08509,1.08517,362,11,0
2024-03-05 07:45:00,1.08517,1.08526,1.08486,1.08524,377,11,0
2024-03-05 08:00:00,1.08524,1.08526,1.08503,1.08509,301,11,0
2024-03-05 08:15:00,1.08509,1.08511,1.08475,1.08488,410,11,0
2024-03-05 08:30:00,1.08488,1.08493,1.08454,1.08464,345,11,0
2024-03-05 08:45:00,1.08464,1.0848200000000001,1.08439,1.08461,385,11,0
2024-03-05 09:00:00,1.08461,1.08507,1.08461,1.08465,683,11,0
2024-03-05 09:15:00,1.08465,1.08481,1.08458,1.08466,614,11,0
2024-03-05 09:30:00,1.08466,1.08469,1.08436,1.0844,683,11,0
2024-03-05 09:45:00,1.08438,1.0846,1.08409,1.0846,557,11,0
2024-03-05 10:00:00,1.0846,1.08504,1.08443,1.08488,1035,11,0
2024-03-05 10:15:00,1.0849,1.08513,1.0847,1.08471,776,11,0
2024-03-05 10:30:00,1.08471,1.08489,1.08463,1.0848200000000001,699,11,0
2024-03-05 10:45:00,1.08483,1.08483,1.08424,1.08465,932,11,0
2024-03-05 11:00:00,1.08467,1.08531,1.08465,1.08529,619,11,0
2024-03-05 11:15:00,1.08529,1.08554,1.08511,1.08549,492,11,0
2024-03-05 11:30:00,1.08549,1.0855,1.08526,1.08539,632,11,0
2024-03-05 11:45:00,1.08538,1.08538,1.08488,1.08509,550,11,0
2024-03-05 12:00:00,1.08503,1.08528,1.0849,1.08506,527,11,0
2024-03-05 12:15:00,1.08505,1.0854300000000001,1.08504,1.08519,418,11,0
2024-03-05 12:30:00,1.08519,1.08532,1.08505,1.08513,413,11,0
2024-03-05 12:45:00,1.08513,1.08517,1.08487,1.08496,506,11,0
2024-03-05 13:00:00,1.08496,1.08514,1.08473,1.08499,490,11,0
2024-03-05 13:15:00,1.08499,1.08515,1.08491,1.08514,455,11,0
2024-03-05 13:30:00,1.08514,1.08531,1.08502,1.08528,469,11,0
2024-03-05 13:45:00,1.08528,1.08529,1.08475,1.08494,645,11,0
2024-03-05 14:00:00,1.08495,1.08499,1.08457,1.08464,477,11,0
2024-03-05 14:15:00,1.08464,1.08481,1.08463,1.08478,437,11,0
2024-03-05 14:30:00,1.08478,1.08478,1.08449,1.08461,476,11,0
2024-03-05 14:45:00,1.08461,1.08477,1.08455,1.08468,524,11,0
2024-03-05 15:00:00,1.08468,1.0849,1.08451,1.08486,565,11,0
2024-03-05 15:15:00,1.08486,1.0849,1.08426,1.08443,536,11,0
2024-03-05 15:30:00,1.08447,1.08511,1.08414,1.08433,1118,11,0
2024-03-05 15:45:00,1.08432,1.08479,1.08422,1.08457,856,11,0
2024-03-05 16:00:00,1.0846,1.08513,1.08455,1.08506,841,11,0
2024-03-05 16:15:00,1.08505,1.08539,1.08484,1.08496,737,11,0
2024-03-05 16:30:00,1.08498,1.08509,1.08438,1.08456,830,11,0
2024-03-05 16:45:00,1.0841,1.08461,1.08397,1.08449,780,11,0
2024-03-05 17:00:00,1.08545,1.08754,1.08507,1.08688,1166,11,0
2024-03-05 17:15:00,1.0869,1.08738,1.08658,1.08663,890,11,0
2024-03-05 17:30:00,1.08662,1.08733,1.08634,1.08732,810,11,0
2024-03-05 17:45:00,1.08732,1.08743,1.08685,1.08709,717,11,0
2024-03-05 18:00:00,1.0871,1.08714,1.08603,1.08634,649,11,0
2024-03-05 18:15:00,1.08636,1.08679,1.08627,1.08661,593,11,0
2024-03-05 18:30:00,1.08661,1.08673,1.08576,1.08593,661,11,0
2024-03-05 18:45:00,1.08594,1.0861399999999999,1.08574,1.08603,559,11,0
2024-03-05 19:00:00,1.0860400000000001,1.0862,1.0858,1.08602,477,11,0
2024-03-05 19:15:00,1.08602,1.08639,1.08601,1.08625,440,11,0
2024-03-05 19:30:00,1.08627,1.0863,1.08572,1.0858,443,11,0
2024-03-05 19:45:00,1.08582,1.08605,1.08578,1.08594,374,11,0
2024-03-05 20:00:00,1.08594,1.08595,1.08561,1.08572,397,11,0
2024-03-05 20:15:00,1.08574,1.08576,1.08527,1.08531,367,11,0
2024-03-05 20:30:00,1.08531,1.08567,1.08525,1.08528,363,11,0
2024-03-05 20:45:00,1.08527,1.08534,1.08509,1.08522,348,11,0
2024-03-05 21:00:00,1.08522,1.08546,1.08506,1.08538,419,11,0
2024-03-05 21:15:00,1.08541,1.0857,1.08541,1.08564,442,11,0
2024-03-05 21:30:00,1.08563,1.08565,1.08523,1.08531,442,11,0
2024-03-05 21:45:00,1.08531,1.08533,1.08507,1.08523,468,11,0
2024-03-05 22:00:00,1.08524,1.08538,1.08486,1.08491,372,11,0
2024-03-05 22:15:00,1.0849199999999999,1.08519,1.08487,1.0851,436,11,0
2024-03-05 22:30:00,1.0851,1.08552,1.08505,1.08548,373,11,0
2024-03-05 22:45:00,1.08549,1.0858,1.08542,1.0857,343,11,0
2024-03-05 23:00:00,1.08569,1.08586,1.08566,1.08567,216,11,0
2024-03-05 23:15:00,1.08566,1.08573,1.08561,1.08562,191,11,0
2024-03-05 23:30:00,1.08562,1.08564,1.0855,1.08554,172,11,0
2024-03-05 23:45:00,1.08554,1.08565,1.08554,1.0856,190,11,0
2024-03-06 00:00:00,1.08507,1.08561,1.08453,1.08549,107,15,0
2024-03-06 00:15:00,1.08551,1.08562,1.0854,1.0856,185,15,0
2024-03-06 00:30:00,1.08558,1.08566,1.08544,1.08563,191,15,0
2024-03-06 00:45:00,1.08563,1.08567,1.08538,1.08561,471,15,0
2024-03-06 01:00:00,1.08561,1.08582,1.08552,1.08576,160,11,0
2024-03-06 01:15:00,1.08578,1.08579,1.08568,1.08572,134,11,0
2024-03-06 01:30:00,1.08572,1.08573,1.08559,1.08561,157,11,0
2024-03-06 01:45:00,1.08561,1.08563,1.08548,1.08548,147,11,0
2024-03-06 02:00:00,1.08548,1.08552,1.08516,1.08516,280,11,0
2024-03-06 02:15:00,1.08516,1.08518,1.0849199999999999,1.08509,376,11,0
2024-03-06 02:30:00,1.08509,1.08518,1.085,1.08517,464,11,0
2024-03-06 02:45:00,1.08516,1.08518,1.08485,1.08493,453,11,0
2024-03-06 03:00:00,1.08493,1.08496,1.08473,1.08475,529,11,0
2024-03-06 03:15:00,1.08471,1.0849,1.08452,1.08454,482,11,0
2024-03-06 03:30:00,1.08455,1.08458,1.08426,1.08441,544,11,0
2024-03-06 03:45:00,1.08441,1.08442,1.08415,1.08434,522,11,0
2024-03-06 04:00:00,1.08434,1.08474,1.08433,1.08473,579,11,0
2024-03-06 04:15:00,1.08473,1.08484,1.08461,1.08465,649,11,0
2024-03-06 04:30:00,1.08462,1.08498,1.08454,1.08497,294,11,0
2024-03-06 04:45:00,1.08497,1.08528,1.08487,1.08519,458,11,0
2024-03-06 05:00:00,1.0852,1.08526,1.08506,1.08516,375,11,0
2024-03-06 05:15:00,1.08517,1.08526,1.08497,1.08515,319,11,0
2024-03-06 05:30:00,1.08515,1.08524,1.085,1.08501,257,11,0
2024-03-06 05:45:00,1.08501,1.08516,1.08498,1.08501,387,11,0
2024-03-06 06:00:00,1.08501,1.08515,1.08489,1.08507,426,11,0
2024-03-06 06:15:00,1.08507,1.08509,1.08495,1.08503,364,11,0
2024-03-06 06:30:00,1.08503,1.08514,1.085,1.08504,373,11,0
2024-03-06 06:45:00,1.08506,1.08517,1.08497,1.08511,217,11,0
2024-03-06 07:00:00,1.08512,1.08533,1.08512,1.08531,318,11,0
2024-03-06 07:15:00,1.08531,1.0854,1.08523,1.08534,304,11,0
2024-03-06 07:30:00,1.08535,1.08555,1.08533,1.08549,400,11,0
2024-03-06 07:45:00,1.0855,1.08563,1.08541,1.08545,287,11,0
2024-03-06 08:00:00,1.08545,1.08563,1.08542,1.08559,429,11,0
2024-03-06 08:15:00,1.08559,1.08584,1.08551,1.08565,330,11,0
2024-03-06 08:30:00,1.08565,1.08595,1.08561,1.08588,437,11,0
2024-03-06 08:45:00,1.08588,1.08601,1.08584,1.0859,339,11,0
2024-03-06 09:00:00,1.0859,1.08632,1.0858,1.08624,712,11,0
2024-03-06 09:15:00,1.08624,1.08643,1.08601,1.08624,737,11,0
2024-03-06 09:30:00,1.08624,1.08658,1.0861,1.08632,670,11,0
2024-03-06 09:45:00,1.08632,1.08636,1.08598,1.08615,707,11,0
2024-03-06 10:00:00,1.08615,1.08672,1.08586,1.08669,706,11,0
2024-03-06 10:15:00,1.08668,1.08705,1.08649,1.08658,660,11,0
2024-03-06 10:30:00,1.0866500000000001,1.08684,1.0865,1.08676,671,11,0
2024-03-06 10:45:00,1.0867499999999999,1.0873599999999999,1.08658,1.0872600000000001,745,11,0
2024-03-06 11:00:00,1.08727,1.08745,1.08689,1.08695,537,11,0
2024-03-06 11:15:00,1.08695,1.08718,1.08694,1.08704,585,11,0
2024-03-06 11:30:00,1.08705,1.08744,1.08703,1.0873599999999999,585,11,0
2024-03-06 11:45:00,1.08731,1.08773,1.08725,1.0876,487,11,0
2024-03-06 12:00:00,1.0876,1.08774,1.08746,1.08765,504,11,0
2024-03-06 12:15:00,1.08766,1.0879,1.08762,1.08766,493,11,0
2024-03-06 12:30:00,1.08766,1.08774,1.08728,1.08737,440,11,0
2024-03-06 12:45:00,1.08737,1.08771,1.08733,1.08768,403,11,0
2024-03-06 13:00:00,1.08769,1.08777,1.0876,1.08776,403,11,0
2024-03-06 13:15:00,1.08776,1.08779,1.08711,1.08718,417,11,0
2024-03-06 13:30:00,1.08718,1.08745,1.0871,1.08732,330,11,0
2024-03-06 13:45:00,1.08732,1.08768,1.0873,1.08752,401,11,0
2024-03-06 14:00:00,1.08752,1.08781,1.08749,1.08769,443,11,0
2024-03-06 14:15:00,1.08769,1.08769,1.08742,1.08743,422,11,0
2024-03-06 14:30:00,1.08743,1.08752,1.08698,1.08701,475,11,0
2024-03-06 14:45:00,1.08701,1.08718,1.08671,1.08682,628,11,0
2024-03-06 15:00:00,1.08684,1.08742,1.08679,1.08734,810,11,0
2024-03-06 15:15:00,1.08733,1.08764,1.08708,1.08742,1002,11,0
2024-03-06 15:30:00,1.08741,1.08823,1.08679,1.08813,1396,11,0
2024-03-06 15:45:00,1.08814,1.08844,1.08765,1.08843,940,11,0
2024-03-06 16:00:00,1.08843,1.08875,1.08828,1.08829,827,11,0
2024-03-06 16:15:00,1.08829,1.08873,1.08826,1.08845,669,11,0
2024-03-06 16:30:00,1.08845,1.08883,1.08825,1.08882,799,11,0
2024-03-06 16:45:00,1.08873,1.08886,1.08836,1.08864,702,11,0
2024-03-06 17:00:00,1.08863,1.08886,1.08808,1.08882,1051,11,0
2024-03-06 17:15:00,1.08883,1.08914,1.0885,1.08897,866,11,0
2024-03-06 17:30:00,1.08896,1.08969,1.08853,1.08959,876,11,0
2024-03-06 17:45:00,1.08958,1.09083,1.08955,1.09045,778,11,0
2024-03-06 18:00:00,1.09045,1.09045,1.08998,1.09012,673,11,0
2024-03-06 18:15:00,1.09019,1.09052,1.08989,1.09052,624,11,0
2024-03-06 18:30:00,1.09052,1.09081,1.09007,1.0907499999999999,761,11,0
2024-03-06 18:45:00,1.09076,1.09143,1.09068,1.09115,699,11,0
2024-03-06 19:00:00,1.09115,1.09147,1.09072,1.0908,730,11,0
2024-03-06 19:15:00,1.0908,1.09119,1.0907,1.09072,636,11,0
2024-03-06 19:30:00,1.09072,1.09098,1.09005,1.09006,647,11,0
2024-03-06 19:45:00,1.09006,1.09026,1.08986,1.09018,582,11,0
2024-03-06 20:00:00,1.09018,1.09048,1.09018,1.09034,458,11,0
2024-03-06 20:15:00,1.09034,1.09072,1.09034,1.09071,399,11,0
2024-03-06 20:30:00,1.09071,1.09073,1.09,1.09048,708,11,0
2024-03-06 20:45:00,1.09047,1.09053,1.08998,1.09025,612,11,0
2024-03-06 21:00:00,1.09021,1.09021,1.08951,1.08952,738,11,0
2024-03-06 21:15:00,1.08951,1.08973,1.08929,1.08971,565,11,0
2024-03-06 21:30:00,1.08972,1.08983,1.08944,1.08958,722,11,0
2024-03-06 21:45:00,1.08959,1.08976,1.08926,1.08962,568,11,0
2024-03-06 22:00:00,1.08961,1.08973,1.08922,1.08927,535,11,0
2024-03-06 22:15:00,1.08929,1.0895299999999999,1.08923,1.0895299999999999,523,11,0
2024-03-06 22:30:00,1.08954,1.08958,1.08933,1.08944,392,11,0
2024-03-06 22:45:00,1.08944,1.08989,1.08944,1.08981,461,11,0
2024-03-06 23:00:00,1.08981,1.08988,1.08952,1.08956,194,11,0
2024-03-06 23:15:00,1.08956,1.08962,1.08948,1.08954,164,11,0
2024-03-06 23:30:00,1.08954,1.08969,1.08948,1.08969,162,11,0
2024-03-06 23:45:00,1.08969,1.08985,1.08968,1.08984,143,11,0
2024-03-07 00:00:00,1.08942,1.08977,1.08918,1.08976,136,16,0
2024-03-07 00:15:00,1.08976,1.09007,1.08947,1.08974,147,14,0
2024-03-07 00:30:00,1.08975,1.08988,1.0897000000000001,1.08983,148,15,0
2024-03-07 00:45:00,1.08983,1.08984,1.08964,1.08975,149,15,0
2024-03-07 01:00:00,1.08968,1.0901,1.08967,1.08983,128,11,0
2024-03-07 01:15:00,1.08983,1.08992,1.08982,1.0899,108,11,0
2024-03-07 01:30:00,1.08991,1.09003,1.08985,1.0899,124,11,0
2024-03-07 01:45:00,1.08991,1.08995,1.08972,1.08988,157,11,0
2024-03-07 02:00:00,1.08988,1.09066,1.08988,1.09053,440,11,0
2024-03-07 02:15:00,1.09053,1.0906,1.08997,1.09003,334,11,0
2024-03-07 02:30:00,1.09003,1.09048,1.08997,1.09024,433,11,0
2024-03-07 02:45:00,1.09026,1.09037,1.09008,1.09024,549,11,0
2024-03-07 03:00:00,1.09025,1.09028,1.08982,1.08999,536,11,0
2024-03-07 03:15:00,1.08998,1.09036,1.08997,1.09013,704,11,0
2024-03-07 03:30:00,1.09013,1.09025,1.08983,1.09003,600,11,0
2024-03-07 03:45:00,1.09004,1.09005,1.08958,1.08972,552,11,0
2024-03-07 04:00:00,1.08973,1.08983,1.08964,1.0897000000000001,492,11,0
2024-03-07 04:15:00,1.0897000000000001,1.08977,1.08929,1.0893,379,11,0
2024-03-07 04:30:00,1.0893,1.08957,1.0893,1.08948,423,11,0
2024-03-07 04:45:00,1.08947,1.0898,1.08942,1.08978,330,11,0
2024-03-07 05:00:00,1.08976,1.08983,1.08972,1.08977,271,11,0
2024-03-07 05:15:00,1.08977,1.08984,1.08947,1.08972,272,11,0
2024-03-07 05:30:00,1.08972,1.08987,1.08964,1.08984,306,11,0
2024-03-07 05:45:00,1.08983,1.0901,1.08981,1.08999,260,11,0
2024-03-07 06:00:00,1.08999,1.09019,1.08997,1.09008,446,11,0
2024-03-07 06:15:00,1.09008,1.09038,1.09008,1.09035,368,11,0
2024-03-07 06:30:00,1.09035,1.09049,1.0902,1.09038,272,11,0
2024-03-07 06:45:00,1.09038,1.0904,1.09024,1.09029,278,11,0
2024-03-07 07:00:00,1.0903,1.09034,1.0901399999999999,1.09021,396,11,0
2024-03-07 07:15:00,1.09021,1.0905,1.09016,1.09027,278,11,0
2024-03-07 07:30:00,1.09029,1.0903100000000001,1.08997,1.08997,367,11,0
2024-03-07 07:45:00,1.08997,1.09012,1.08991,1.08998,307,11,0
2024-03-07 08:00:00,1.08998,1.09004,1.08985,1.08997,319,11,0
2024-03-07 08:15:00,1.08997,1.09024,1.08991,1.09018,363,11,0
2024-03-07 08:30:00,1.09018,1.09024,1.09002,1.09006,345,11,0
2024-03-07 08:45:00,1.09008,1.09016,1.08979,1.0901,440,11,0
2024-03-07 09:00:00,1.0901,1.09038,1.08994,1.09006,896,11,0
2024-03-07 09:15:00,1.09004,1.09004,1.08954,1.08959,668,11,0
2024-03-07 09:30:00,1.08959,1.08968,1.08917,1.08925,630,11,0
2024-03-07 09:45:00,1.08926,1.08944,1.08907,1.08932,667,11,0
2024-03-07 10:00:00,1.08933,1.08954,1.08871,1.08902,780,11,0
2024-03-07 10:15:00,1.08901,1.08929,1.08887,1.08927,858,11,0
2024-03-07 10:30:00,1.08927,1.0895299999999999,1.0890900000000001,1.0893,961,11,0
2024-03-07 10:45:00,1.0893,1.08974,1.08925,1.08973,607,11,0
2024-03-07 11:00:00,1.08973,1.08975,1.08933,1.08933,597,11,0
2024-03-07 11:15:00,1.08933,1.08989,1.08922,1.08989,563,11,0
2024-03-07 11:30:00,1.08988,1.09003,1.08977,1.08986,588,11,0
2024-03-07 11:45:00,1.08985,1.09023,1.08981,1.09011,409,11,0
2024-03-07 12:00:00,1.0901,1.0901399999999999,1.0894,1.08957,575,11,0
2024-03-07 12:15:00,1.08957,1.08965,1.08929,1.08936,531,11,0
2024-03-07 12:30:00,1.08937,1.08942,1.08889,1.08908,565,11,0
2024-03-07 12:45:00,1.08908,1.08971,1.08907,1.08959,671,11,0
2024-03-07 13:00:00,1.08958,1.08979,1.08941,1.08973,568,11,0
2024-03-07 13:15:00,1.08973,1.08986,1.08952,1.08969,482,11,0
2024-03-07 13:30:00,1.08969,1.08985,1.08929,1.0893,402,11,0
2024-03-07 13:45:00,1.0893,1.08957,1.08918,1.08936,625,11,0
2024-03-07 14:00:00,1.08936,1.08972,1.08933,1.08954,512,11,0
2024-03-07 14:15:00,1.08954,1.08997,1.0895299999999999,1.08987,513,11,0
2024-03-07 14:30:00,1.08986,1.08996,1.08963,1.08994,499,11,0
2024-03-07 14:45:00,1.08994,1.08994,1.08915,1.08938,643,11,0
2024-03-07 15:00:00,1.08939,1.08963,1.08925,1.08936,696,11,0
2024-03-07 15:15:00,1.08935,1.08952,1.08728,1.08806,1400,11,0
2024-03-07 15:30:00,1.08807,1.08849,1.08715,1.0881,1022,12,0
2024-03-07 15:45:00,1.08808,1.08823,1.08672,1.08716,990,11,0
2024-03-07 16:00:00,1.08716,1.08895,1.08686,1.08862,1157,13,0
2024-03-07 16:15:00,1.08863,1.09011,1.08828,1.09004,951,11,0
2024-03-07 16:30:00,1.09005,1.09069,1.0895,1.08997,936,11,0
2024-03-07 16:45:00,1.09002,1.09185,1.08962,1.09151,874,11,0
2024-03-07 17:00:00,1.0915300000000001,1.09169,1.09082,1.09154,720,11,0
2024-03-07 17:15:00,1.09156,1.09171,1.09077,1.09101,803,11,0
2024-03-07 17:30:00,1.09101,1.09255,1.09096,1.09247,773,11,0
2024-03-07 17:45:00,1.0924800000000001,1.09302,1.09223,1.09293,783,11,0
2024-03-07 18:00:00,1.09292,1.09297,1.09239,1.09284,712,11,0
2024-03-07 18:15:00,1.09283,1.09371,1.09263,1.09356,577,11,0
2024-03-07 18:30:00,1.09353,1.09365,1.09308,1.09347,810,11,0
2024-03-07 18:45:00,1.09346,1.09414,1.09317,1.09396,665,11,0
2024-03-07 19:00:00,1.09396,1.09396,1.09359,1.09392,497,11,0
2024-03-07 19:15:00,1.0939,1.0941,1.0939,1.09407,32,11,0
2024-03-07 19:30:00,1.09341,1.09352,1.09306,1.09313,339,11,0
2024-03-07 19:45:00,1.09313,1.09366,1.09308,1.09365,441,11,0
2024-03-07 20:00:00,1.09363,1.09402,1.09358,1.09394,420,11,0
2024-03-07 20:15:00,1.09394,1.09415,1.09387,1.09413,304,11,0
2024-03-07 20:30:00,1.09413,1.09426,1.09391,1.09411,342,11,0
2024-03-07 20:45:00,1.09414,1.09442,1.09408,1.09417,295,11,0
2024-03-07 21:00:00,1.09416,1.09438,1.09401,1.09433,297,11,0
2024-03-07 21:15:00,1.09433,1.09467,1.09423,1.09464,338,11,0
2024-03-07 21:30:00,1.09464,1.09464,1.09423,1.09453,375,11,0
2024-03-07 21:45:00,1.09453,1.09483,1.0945,1.09463,412,11,0
2024-03-07 22:00:00,1.09463,1.09463,1.09418,1.09444,368,11,0
2024-03-07 22:15:00,1.09444,1.09462,1.09443,1.09453,240,11,0
2024-03-07 22:30:00,1.09453,1.09485,1.0944099999999999,1.0947,361,11,0
2024-03-07 22:45:00,1.0947,1.09476,1.09456,1.09465,348,11,0
2024-03-07 23:00:00,1.09464,1.09478,1.09458,1.09466,173,11,0
2024-03-07 23:15:00,1.09466,1.09467,1.09452,1.09457,305,11,0
2024-03-07 23:30:00,1.09457,1.0947,1.09452,1.09468,272,11,0
2024-03-07 23:45:00,1.09468,1.09484,1.09464,1.09477,210,11,0
2024-03-08 00:00:00,1.09457,1.09474,1.09432,1.09458,100,15,0
2024-03-08 00:15:00,1.09458,1.09473,1.09442,1.09459,134,15,0
2024-03-08 00:30:00,1.09463,1.0947,1.09449,1.09459,407,15,0
2024-03-08 00:45:00,1.09459,1.09472,1.09451,1.09453,465,15,0
2024-03-08 01:00:00,1.09457,1.09487,1.09457,1.09487,124,11,0
2024-03-08 01:15:00,1.09487,1.09494,1.09483,1.09486,124,11,0
2024-03-08 01:30:00,1.09486,1.09494,1.09486,1.0949200000000001,98,11,0
2024-03-08 01:45:00,1.0949200000000001,1.09507,1.09489,1.09503,127,11,0
2024-03-08 02:00:00,1.09505,1.09533,1.095,1.09528,368,11,0
2024-03-08 02:15:00,1.09531,1.09538,1.09516,1.09536,337,11,0
2024-03-08 02:30:00,1.09538,1.09552,1.09526,1.09532,449,11,0
2024-03-08 02:45:00,1.09533,1.09535,1.09497,1.09508,516,11,0
2024-03-08 03:00:00,1.09508,1.09522,1.09476,1.09482,424,11,0
2024-03-08 03:15:00,1.09483,1.0949,1.09458,1.09475,494,11,0
2024-03-08 03:30:00,1.09476,1.09486,1.0946,1.0947,494,11,0
2024-03-08 03:45:00,1.0947,1.095,1.09468,1.09475,364,11,0
2024-03-08 04:00:00,1.09474,1.09481,1.09459,1.09472,537,11,0
2024-03-08 04:15:00,1.09468,1.09499,1.09467,1.09497,503,11,0
2024-03-08 04:30:00,1.09497,1.09501,1.09462,1.09463,460,11,0
2024-03-08 04:45:00,1.09463,1.09463,1.09442,1.09451,274,11,0
2024-03-08 05:00:00,1.09451,1.09456,1.09435,1.09448,355,11,0
2024-03-08 05:15:00,1.09448,1.0947,1.09445,1.09469,292,11,0
2024-03-08 05:30:00,1.09469,1.09474,1.09456,1.09461,268,11,0
2024-03-08 05:45:00,1.0946,1.09472,1.09455,1.09466,285,11,0
2024-03-08 06:00:00,1.09468,1.09479,1.09461,1.09476,288,11,0
2024-03-08 06:15:00,1.09475,1.09485,1.09455,1.0946,232,11,0
2024-03-08 06:30:00,1.09461,1.09467,1.09443,1.0945,236,11,0
2024-03-08 06:45:00,1.0945,1.09466,1.09438,1.0945,273,11,0
2024-03-08 07:00:00,1.09451,1.09464,1.09443,1.09455,331,11,0
2024-03-08 07:15:00,1.09455,1.09468,1.09442,1.09467,365,11,0
2024-03-08 07:30:00,1.09467,1.0948,1.09462,1.09472,270,11,0
2024-03-08 07:45:00,1.09472,1.09472,1.09451,1.0946,391,11,0
2024-03-08 08:00:00,1.0946,1.0948,1.09449,1.09466,561,11,0
2024-03-08 08:15:00,1.09466,1.09468,1.09436,1.09456,365,11,0
2024-03-08 08:30:00,1.09457,1.09485,1.09453,1.0946,399,11,0
2024-03-08 08:45:00,1.0946,1.09481,1.09457,1.09475,399,11,0
2024-03-08 09:00:00,1.09475,1.09505,1.09453,1.09458,987,11,0
2024-03-08 09:15:00,1.09458,1.0946,1.09354,1.09378,869,11,0
2024-03-08 09:30:00,1.09376,1.09382,1.0931,1.09328,859,11,0
2024-03-08 09:45:00,1.09328,1.09346,1.0931899999999999,1.09333,957,11,0
2024-03-08 10:00:00,1.09332,1.09341,1.09298,1.09316,995,11,0
2024-03-08 10:15:00,1.09317,1.09332,1.09283,1.09327,884,11,0
2024-03-08 10:30:00,1.09326,1.0936,1.09314,1.0936,699,11,0
2024-03-08 10:45:00,1.09359,1.09385,1.09336,1.09354,667,11,0
2024-03-08 11:00:00,1.09353,1.09369,1.09313,1.0931899999999999,696,11,0
2024-03-08 11:15:00,1.09317,1.09321,1.09255,1.0932,906,11,0
2024-03-08 11:30:00,1.0932,1.09337,1.09255,1.09286,1137,11,0
2024-03-08 11:45:00,1.09285,1.09359,1.09285,1.09347,1005,11,0
2024-03-08 12:00:00,1.09347,1.09366,1.09328,1.09361,820,11,0
2024-03-08 12:15:00,1.09361,1.09363,1.09292,1.09293,703,11,0
2024-03-08 12:30:00,1.09295,1.09303,1.0925799999999999,1.09295,816,11,0
2024-03-08 12:45:00,1.09295,1.09343,1.09289,1.09329,650,11,0
2024-03-08 13:00:00,1.0933,1.09346,1.09314,1.09339,679,11,0
2024-03-08 13:15:00,1.09338,1.09384,1.09333,1.09369,535,11,0
2024-03-08 13:30:00,1.09369,1.09369,1.09289,1.09311,729,11,0
2024-03-08 13:45:00,1.09311,1.0934,1.09294,1.0934,599,11,0
2024-03-08 14:00:00,1.09341,1.09346,1.0929,1.09295,638,11,0
2024-03-08 14:15:00,1.09295,1.09314,1.09273,1.09303,580,11,0
2024-03-08 14:30:00,1.09304,1.0933,1.09294,1.09306,627,11,0
2024-03-08 14:45:00,1.09306,1.09318,1.0928,1.09314,774,11,0
2024-03-08 15:00:00,1.09314,1.09357,1.09306,1.09351,719,11,0
2024-03-08 15:15:00,1.09352,1.09436,1.09341,1.0937000000000001,783,11,0
2024-03-08 15:30:00,1.09382,1.09806,1.09174,1.09715,1309,14,0
2024-03-08 15:45:00,1.09715,1.0973600000000001,1.09536,1.09579,688,15,0
2024-03-08 16:00:00,1.09577,1.09659,1.09499,1.09508,690,12,0
2024-03-08 16:15:00,1.09506,1.09558,1.09442,1.09555,632,14,0
2024-03-08 16:30:00,1.09555,1.09619,1.09506,1.09582,646,11,0
2024-03-08 16:45:00,1.09585,1.09623,1.09543,1.09573,595,11,0
2024-03-08 17:00:00,1.09572,1.096,1.09505,1.09509,567,11,0
2024-03-08 17:15:00,1.0951,1.0952,1.09428,1.09513,541,11,0
2024-03-08 17:30:00,1.09514,1.09535,1.09486,1.09529,564,11,0
2024-03-08 17:45:00,1.09529,1.09612,1.09486,1.09601,509,11,0
2024-03-08 18:00:00,1.09602,1.09606,1.09479,1.09493,547,11,0
2024-03-08 18:15:00,1.09491,1.09497,1.09418,1.09418,491,11,0
2024-03-08 18:30:00,1.09419,1.09461,1.09395,1.09404,563,11,0
2024-03-08 18:45:00,1.09404,1.09418,1.09368,1.09395,526,11,0
2024-03-08 19:00:00,1.09398,1.09451,1.09398,1.09426,526,11,0
2024-03-08 19:15:00,1.09427,1.09438,1.09368,1.09436,493,11,0
2024-03-08 19:30:00,1.09435,1.09443,1.09363,1.09372,498,11,0
2024-03-08 19:45:00,1.09372,1.09393,1.09367,1.09387,511,11,0
2024-03-08 20:00:00,1.09385,1.09392,1.09331,1.09337,497,11,0
2024-03-08 20:15:00,1.0934,1.09376,1.09337,1.09344,419,11,0
2024-03-08 20:30:00,1.09344,1.09366,1.09328,1.09353,391,11,0
2024-03-08 20:45:00,1.09352,1.09374,1.09346,1.09365,381,11,0
2024-03-08 21:00:00,1.09364,1.09384,1.09337,1.09355,420,11,0
2024-03-08 21:15:00,1.09356,1.09395,1.0935,1.09387,414,11,0
2024-03-08 21:30:00,1.09388,1.09408,1.0937999999999999,1.09404,352,11,0
2024-03-08 21:45:00,1.09404,1.09416,1.09384,1.09413,345,11,0
2024-03-08 22:00:00,1.09413,1.09434,1.09373,1.09379,375,11,0
2024-03-08 22:15:00,1.09377,1.09395,1.09347,1.09348,352,11,0
2024-03-08 22:30:00,1.09346,1.09361,1.09339,1.09347,238,11,0
2024-03-08 22:45:00,1.09348,1.09366,1.09345,1.09358,310,11,0
2024-03-08 23:00:00,1.0936,1.0939,1.09355,1.09366,184,11,0
2024-03-08 23:15:00,1.09366,1.09375,1.09349,1.09357,187,11,0
2024-03-08 23:30:00,1.0936,1.09365,1.09347,1.09359,190,11,0
2024-03-08 23:45:00,1.09355,1.09402,1.09353,1.09371,135,11,0
2024-03-11 00:00:00,1.09414,1.09414,1.09334,1.09377,101,27,0
2024-03-11 00:15:00,1.09377,1.09398,1.09347,1.09358,126,19,0
2024-03-11 00:30:00,1.09358,1.09381,1.09352,1.09379,194,22,0
2024-03-11 00:45:00,1.09379,1.09391,1.09362,1.09374,60,15,0
2024-03-11 01:00:00,1.09385,1.09396,1.09353,1.09353,87,11,0
2024-03-11 01:15:00,1.09355,1.09383,1.09353,1.09382,121,11,0
2024-03-11 01:30:00,1.09382,1.09386,1.09372,1.09373,125,11,0
2024-03-11 01:45:00,1.09375,1.09386,1.09361,1.09369,145,11,0
2024-03-11 02:00:00,1.09371,1.09391,1.09371,1.09387,413,11,0
2024-03-11 02:15:00,1.09387,1.09414,1.09384,1.09414,438,11,0
2024-03-11 02:30:00,1.09414,1.09421,1.094,1.09414,481,11,0
2024-03-11 02:45:00,1.09414,1.09432,1.09399,1.09421,299,11,0
2024-03-11 03:00:00,1.09421,1.09423,1.09376,1.09402,526,11,0
2024-03-11 03:15:00,1.09401,1.09421,1.09401,1.09408,478,11,0
2024-03-11 03:30:00,1.09408,1.09433,1.09406,1.09422,563,11,0
2024-03-11 03:45:00,1.09422,1.09459,1.09408,1.09417,534,11,0
2024-03-11 04:00:00,1.09415,1.09447,1.09414,1.09436,780,11,0
2024-03-11 04:15:00,1.09436,1.09451,1.09415,1.09418,988,12,0
2024-03-11 04:30:00,1.09419,1.0944099999999999,1.09416,1.09417,739,11,0
2024-03-11 04:45:00,1.09416,1.09425,1.09383,1.09398,725,11,0
2024-03-11 05:00:00,1.09399,1.09417,1.09366,1.09406,591,12,0
2024-03-11 05:15:00,1.09407,1.0941,1.09393,1.09398,398,11,0
2024-03-11 05:30:00,1.09398,1.09402,1.09378,1.09387,505,11,0
2024-03-11 05:45:00,1.09387,1.09396,1.09376,1.09382,405,11,0
2024-03-11 06:00:00,1.09382,1.09396,1.09374,1.09395,351,11,0
2024-03-11 06:15:00,1.09395,1.09424,1.09395,1.09421,314,11,0
2024-03-11 06:30:00,1.09421,1.09433,1.09407,1.0943,283,11,0
2024-03-11 06:45:00,1.0943100000000001,1.09438,1.09404,1.09407,355,11,0
2024-03-11 07:00:00,1.09407,1.09407,1.0939,1.09399,464,11,0
2024-03-11 07:15:00,1.09399,1.0941,1.09389,1.0939,486,11,0
2024-03-11 07:30:00,1.0939,1.0939,1.09368,1.09376,300,11,0
2024-03-11 07:45:00,1.09376,1.09383,1.09363,1.09382,321,11,0
2024-03-11 08:00:00,1.09382,1.09406,1.09382,1.09396,358,11,0
2024-03-11 08:15:00,1.09396,1.09406,1.09394,1.09403,298,11,0
2024-03-11 08:30:00,1.09404,1.09414,1.09396,1.0941,459,11,0
2024-03-11 08:45:00,1.09411,1.09415,1.09385,1.09408,368,11,0
2024-03-11 09:00:00,1.09407,1.09413,1.09378,1.09378,582,11,0
2024-03-11 09:15:00,1.09378,1.09388,1.09371,1.09373,323,11,0
2024-03-11 09:30:00,1.09372,1.09389,1.09348,1.09384,422,11,0
2024-03-11 09:45:00,1.09384,1.0943100000000001,1.09378,1.09417,415,11,0
2024-03-11 10:00:00,1.09417,1.09449,1.09415,1.0943,685,11,0
2024-03-11 10:15:00,1.0943,1.09465,1.09395,1.09464,619,11,0
2024-03-11 10:30:00,1.09464,1.09469,1.09384,1.09387,805,11,0
2024-03-11 10:45:00,1.09385,1.09443,1.09366,1.09415,897,11,0
2024-03-11 11:00:00,1.09412,1.09442,1.09379,1.0944099999999999,1056,11,0
2024-03-11 11:15:00,1.09442,1.09474,1.09405,1.09427,731,11,0
2024-03-11 11:30:00,1.09426,1.09434,1.09388,1.09419,864,11,0
2024-03-11 11:45:00,1.09418,1.09447,1.09408,1.0944099999999999,830,11,0
2024-03-11 12:00:00,1.0944,1.09444,1.09406,1.09417,821,11,0
2024-03-11 12:15:00,1.09417,1.09429,1.09398,1.09428,534,11,0
2024-03-11 12:30:00,1.09427,1.09427,1.09397,1.09402,520,11,0
2024-03-11 12:45:00,1.09402,1.0941,1.09333,1.09342,572,11,0
2024-03-11 13:00:00,1.09342,1.09374,1.09325,1.09369,458,11,0
2024-03-11 13:15:00,1.09368,1.09405,1.09363,1.09379,502,11,0
2024-03-11 13:30:00,1.09378,1.09404,1.09378,1.09387,511,11,0
2024-03-11 13:45:00,1.09385,1.0943,1.09379,1.09409,532,11,0
2024-03-11 14:00:00,1.0941,1.09416,1.09385,1.0939,445,11,0
2024-03-11 14:15:00,1.09392,1.094,1.09371,1.09393,428,11,0
2024-03-11 14:30:00,1.09393,1.09424,1.09392,1.09418,333,11,0
2024-03-11 14:45:00,1.09418,1.0943,1.09409,1.09424,358,11,0
2024-03-11 15:00:00,1.09422,1.09428,1.09397,1.09399,735,11,0
2024-03-11 15:15:00,1.09399,1.09413,1.09385,1.09386,745,11,0
2024-03-11 15:30:00,1.09386,1.09402,1.09349,1.09352,698,11,0
2024-03-11 15:45:00,1.09352,1.09377,1.0929,1.0929,751,11,0
2024-03-11 16:00:00,1.0929,1.09311,1.09253,1.09257,622,11,0
2024-03-11 16:15:00,1.09257,1.09265,1.09233,1.09263,687,11,0
2024-03-11 16:30:00,1.09263,1.09282,1.09245,1.09262,970,11,0
2024-03-11 16:45:00,1.09262,1.09267,1.09172,1.09191,861,11,0
2024-03-11 17:00:00,1.09192,1.09204,1.09154,1.09173,931,11,0
2024-03-11 17:15:00,1.09173,1.09214,1.09173,1.09212,676,11,0
2024-03-11 17:30:00,1.09212,1.09217,1.09157,1.09193,682,11,0
2024-03-11 17:45:00,1.09193,1.09244,1.09179,1.0924,718,11,0
2024-03-11 18:00:00,1.09239,1.09241,1.09191,1.09191,662,11,0
2024-03-11 18:15:00,1.09192,1.0922,1.09186,1.09193,742,11,0
2024-03-11 18:30:00,1.09193,1.09193,1.0914,1.09146,726,11,0
2024-03-11 18:45:00,1.09147,1.09281,1.09139,1.09264,760,11,0
2024-03-11 19:00:00,1.09265,1.09273,1.09221,1.09257,763,11,0
2024-03-11 19:15:00,1.0925799999999999,1.09275,1.09257,1.09266,465,11,0
2024-03-11 19:30:00,1.09265,1.09269,1.09237,1.09256,578,11,0
2024-03-11 19:45:00,1.09255,1.09273,1.09243,1.09267,501,11,0
2024-03-11 20:00:00,1.09267,1.09297,1.0926,1.09279,788,11,0
2024-03-11 20:15:00,1.09276,1.09298,1.09265,1.09271,549,11,0
2024-03-11 20:30:00,1.0927,1.09285,1.09255,1.09261,549,11,0
2024-03-11 20:45:00,1.09261,1.09266,1.09239,1.0924800000000001,441,11,0
2024-03-11 21:00:00,1.09247,1.09257,1.0923,1.09238,428,11,0
2024-03-11 21:15:00,1.09238,1.09243,1.09222,1.09225,452,11,0
2024-03-11 21:30:00,1.09225,1.09228,1.09179,1.09206,401,11,0
2024-03-11 21:45:00,1.09206,1.09247,1.09198,1.09235,651,11,0
2024-03-11 22:00:00,1.09236,1.09249,1.09213,1.09236,450,11,0
2024-03-11 22:15:00,1.09236,1.09255,1.09228,1.09247,397,11,0
2024-03-11 22:30:00,1.09247,1.0926,1.09225,1.09254,426,11,0
2024-03-11 22:45:00,1.09254,1.09259,1.0923,1.09255,570,11,0
2024-03-11 23:00:00,1.09256,1.09263,1.09252,1.09261,186,11,0
2024-03-11 23:15:00,1.09261,1.0927,1.09257,1.09259,146,11,0
2024-03-11 23:30:00,1.09259,1.09264,1.09251,1.09257,132,11,0
2024-03-11 23:45:00,1.0925799999999999,1.09266,1.09245,1.09252,218,11,0
2024-03-12 00:00:00,1.09189,1.0925,1.09189,1.09238,280,25,0
2024-03-12 00:15:00,1.09238,1.0925799999999999,1.09236,1.09241,208,15,0
2024-03-12 00:30:00,1.09241,1.09256,1.09241,1.09243,813,15,0
2024-03-12 00:45:00,1.09244,1.09257,1.09238,1.0925,362,15,0
2024-03-12 01:00:00,1.09246,1.0925799999999999,1.09245,1.09255,131,11,0
2024-03-12 01:15:00,1.09255,1.09266,1.09255,1.0926,117,11,0
2024-03-12 01:30:00,1.0926,1.09261,1.09246,1.09251,156,11,0
2024-03-12 01:45:00,1.09251,1.09253,1.09241,1.09246,172,11,0
2024-03-12 02:00:00,1.09246,1.09263,1.09244,1.09261,186,11,0
2024-03-12 02:15:00,1.09261,1.09277,1.09256,1.09272,230,11,0
2024-03-12 02:30:00,1.09273,1.09291,1.09271,1.09276,263,11,0
2024-03-12 02:45:00,1.09276,1.09305,1.09271,1.09301,187,11,0
2024-03-12 03:00:00,1.09301,1.09317,1.09289,1.09307,449,11,0
2024-03-12 03:15:00,1.09307,1.09318,1.09306,1.09317,334,11,0
2024-03-12 03:30:00,1.09317,1.09318,1.0929,1.09301,296,11,0
2024-03-12 03:45:00,1.09299,1.09299,1.09278,1.09281,347,11,0
2024-03-12 04:00:00,1.09281,1.09298,1.09264,1.09265,399,11,0
2024-03-12 04:15:00,1.09265,1.09291,1.09263,1.09288,368,11,0
2024-03-12 04:30:00,1.09287,1.09306,1.09273,1.09305,483,11,0
2024-03-12 04:45:00,1.09304,1.09338,1.09304,1.09331,438,11,0
2024-03-12 05:00:00,1.09332,1.09337,1.09303,1.09305,503,11,0
2024-03-12 05:15:00,1.09305,1.09337,1.09296,1.09328,490,11,0
2024-03-12 05:30:00,1.09328,1.09351,1.09327,1.09334,486,11,0
2024-03-12 05:45:00,1.09334,1.09359,1.09331,1.09356,418,11,0
2024-03-12 06:00:00,1.09355,1.09369,1.09336,1.09342,279,11,0
2024-03-12 06:15:00,1.09342,1.09369,1.09342,1.09362,335,11,0
2024-03-12 06:30:00,1.09362,1.09376,1.09361,1.09367,275,11,0
2024-03-12 06:45:00,1.09367,1.09367,1.09349,1.09357,170,11,0
2024-03-12 07:00:00,1.09357,1.09368,1.09341,1.09362,238,11,0
2024-03-12 07:15:00,1.09362,1.09376,1.09352,1.09375,262,11,0
2024-03-12 07:30:00,1.09375,1.09376,1.0934,1.09347,171,11,0
2024-03-12 07:45:00,1.09347,1.09367,1.09341,1.09363,205,11,0
2024-03-12 08:00:00,1.09363,1.09383,1.09363,1.09381,398,11,0
2024-03-12 08:15:00,1.09381,1.09383,1.09362,1.09367,341,11,0
2024-03-12 08:30:00,1.09367,1.09379,1.09362,1.09369,312,11,0
2024-03-12 08:45:00,1.09371,1.09387,1.09361,1.09378,321,11,0
2024-03-12 09:00:00,1.09379,1.09382,1.09347,1.09358,568,11,0
2024-03-12 09:15:00,1.09357,1.09377,1.09338,1.0936,406,11,0
2024-03-12 09:30:00,1.09361,1.09386,1.09355,1.09373,491,11,0
2024-03-12 09:45:00,1.09374,1.09385,1.09362,1.09377,358,11,0
2024-03-12 10:00:00,1.09377,1.09381,1.09335,1.09367,822,11,0
2024-03-12 10:15:00,1.09366,1.09369,1.0933,1.09348,745,11,0
2024-03-12 10:30:00,1.09345,1.09389,1.09328,1.09331,716,11,0
2024-03-12 10:45:00,1.09331,1.09344,1.09311,1.09313,645,11,0
2024-03-12 11:00:00,1.09312,1.09329,1.09294,1.09299,852,11,0
2024-03-12 11:15:00,1.09299,1.09301,1.09256,1.0925799999999999,708,11,0
2024-03-12 11:30:00,1.0925799999999999,1.0926,1.09223,1.09233,792,11,0
2024-03-12 11:45:00,1.09233,1.0925,1.09207,1.09244,582,11,0
2024-03-12 12:00:00,1.09243,1.09267,1.09225,1.0924,622,11,0
2024-03-12 12:15:00,1.0924,1.09266,1.09227,1.09263,630,11,0
2024-03-12 12:30:00,1.09264,1.09315,1.09259,1.0931,444,11,0
2024-03-12 12:45:00,1.0931,1.09329,1.0928,1.09297,660,11,0
2024-03-12 13:00:00,1.09297,1.09315,1.0926,1.09314,681,11,0
2024-03-12 13:15:00,1.09313,1.09323,1.09298,1.09308,505,11,0
2024-03-12 13:30:00,1.09306,1.09337,1.09301,1.09326,438,11,0
2024-03-12 13:45:00,1.09326,1.09339,1.09322,1.09336,443,11,0
2024-03-12 14:00:00,1.09336,1.09345,1.09322,1.09334,430,11,0
2024-03-12 14:15:00,1.09335,1.09343,1.09321,1.09342,576,11,0
2024-03-12 14:30:00,1.09342,1.0935,1.09326,1.09346,570,11,0
2024-03-12 14:45:00,1.09345,1.09345,1.09312,1.09331,446,11,0
2024-03-12 15:00:00,1.0933,1.09356,1.09325,1.09346,549,11,0
2024-03-12 15:15:00,1.09346,1.09361,1.09329,1.09349,773,11,0
2024-03-12 15:30:00,1.09348,1.09429,1.09022,1.09389,1941,14,0
2024-03-12 15:45:00,1.09386,1.09414,1.09178,1.09194,1224,13,0
2024-03-12 16:00:00,1.09194,1.09224,1.09078,1.0915,1150,14,0
2024-03-12 16:15:00,1.09149,1.09176,1.09093,1.09145,987,11,0
2024-03-12 16:30:00,1.09142,1.09142,1.09018,1.09055,1097,11,0
2024-03-12 16:45:00,1.09055,1.09129,1.09017,1.09102,940,11,0
2024-03-12 17:00:00,1.09103,1.0913599999999999,1.09057,1.09087,906,11,0
2024-03-12 17:15:00,1.09087,1.0916,1.09083,1.09139,805,11,0
2024-03-12 17:30:00,1.0914,1.09152,1.09102,1.09104,692,11,0
2024-03-12 17:45:00,1.09104,1.09189,1.0909,1.09165,632,11,0
2024-03-12 18:00:00,1.09165,1.09171,1.09102,1.09132,566,11,0
2024-03-12 18:15:00,1.09132,1.0914,1.09069,1.09093,486,11,0
2024-03-12 18:30:00,1.09094,1.09138,1.09093,1.09112,555,11,0
2024-03-12 18:45:00,1.09113,1.09178,1.09109,1.09171,588,11,0
2024-03-12 19:00:00,1.09172,1.09186,1.09149,1.09179,478,11,0
2024-03-12 19:15:00,1.09179,1.09186,1.09162,1.09164,392,11,0
2024-03-12 19:30:00,1.09164,1.09184,1.09156,1.09162,435,11,0
2024-03-12 19:45:00,1.09163,1.09177,1.0913,1.09171,570,11,0
2024-03-12 20:00:00,1.09171,1.0919,1.09121,1.09148,752,11,0
2024-03-12 20:15:00,1.09146,1.09189,1.09134,1.09169,564,11,0
2024-03-12 20:30:00,1.09168,1.09196,1.09158,1.09196,383,11,0
2024-03-12 20:45:00,1.09195,1.09203,1.09173,1.09188,390,11,0
2024-03-12 21:00:00,1.09188,1.09212,1.09179,1.09195,416,11,0
2024-03-12 21:15:00,1.09194,1.09203,1.09178,1.092,355,11,0
2024-03-12 21:30:00,1.092,1.09226,1.09196,1.09198,402,11,0
2024-03-12 21:45:00,1.09198,1.09241,1.09196,1.09236,350,11,0
2024-03-12 22:00:00,1.09237,1.09237,1.09212,1.09219,290,11,0
2024-03-12 22:15:00,1.09218,1.09231,1.09206,1.09224,282,11,0
2024-03-12 22:30:00,1.09225,1.09239,1.09211,1.0923,334,11,0
2024-03-12 22:45:00,1.0923,1.09254,1.09229,1.09253,323,11,0
2024-03-12 23:00:00,1.09253,1.09261,1.09247,1.09256,197,11,0
2024-03-12 23:15:00,1.09256,1.0925799999999999,1.09244,1.09253,109,11,0
2024-03-12 23:30:00,1.09253,1.09268,1.09253,1.09265,141,11,0
2024-03-12 23:45:00,1.09267,1.0927,1.09259,1.09259,127,11,0
2024-03-13 00:00:00,1.09257,1.09261,1.09249,1.09257,56,15,0
2024-03-13 00:15:00,1.09257,1.09265,1.09238,1.09247,194,15,0
2024-03-13 00:30:00,1.0924800000000001,1.09266,1.09244,1.09253,494,15,0
2024-03-13 00:45:00,1.09256,1.09264,1.09242,1.09262,279,15,0
2024-03-13 01:00:00,1.09263,1.09272,1.09261,1.09267,94,11,0
2024-03-13 01:15:00,1.09267,1.09272,1.09264,1.09272,83,11,0
2024-03-13 01:30:00,1.09272,1.09273,1.09263,1.09264,132,11,0
2024-03-13 01:45:00,1.09265,1.09282,1.09264,1.09269,222,11,0
2024-03-13 02:00:00,1.0927,1.09282,1.09265,1.09274,255,11,0
2024-03-13 02:15:00,1.09274,1.09286,1.09266,1.0927,259,11,0
2024-03-13 02:30:00,1.0927,1.0928,1.09263,1.09265,227,11,0
2024-03-13 02:45:00,1.09266,1.09278,1.0926,1.09262,277,11,0
2024-03-13 03:00:00,1.09262,1.09282,1.0925799999999999,1.09266,332,11,0
2024-03-13 03:15:00,1.09266,1.09291,1.09263,1.09289,390,11,0
2024-03-13 03:30:00,1.0929,1.09292,1.09257,1.09268,359,11,0
2024-03-13 03:45:00,1.09268,1.0928,1.09252,1.09262,560,11,0
2024-03-13 04:00:00,1.09262,1.09282,1.09246,1.09247,575,11,0
2024-03-13 04:15:00,1.09247,1.09257,1.09241,1.0924800000000001,372,11,0
2024-03-13 04:30:00,1.0924800000000001,1.09259,1.09237,1.0924,458,11,0
2024-03-13 04:45:00,1.0924,1.09247,1.09227,1.09232,653,11,0
2024-03-13 05:00:00,1.09233,1.09255,1.09228,1.09254,444,11,0
2024-03-13 05:15:00,1.09254,1.09259,1.0924,1.09244,388,11,0
2024-03-13 05:30:00,1.09241,1.09265,1.09239,1.09263,443,11,0
2024-03-13 05:45:00,1.09262,1.0927,1.09253,1.09264,433,11,0
2024-03-13 06:00:00,1.09264,1.0928,1.09246,1.09259,301,11,0
2024-03-13 06:15:00,1.0926,1.09297,1.09246,1.09295,328,11,0
2024-03-13 06:30:00,1.09295,1.09301,1.09266,1.09269,303,11,0
2024-03-13 06:45:00,1.09269,1.09276,1.09257,1.09273,271,11,0
2024-03-13 07:00:00,1.09272,1.09276,1.0925799999999999,1.09268,385,11,0
2024-03-13 07:15:00,1.09268,1.09276,1.09259,1.09259,329,11,0
2024-03-13 07:30:00,1.09259,1.09259,1.09238,1.09245,335,11,0
2024-03-13 07:45:00,1.09245,1.0925,1.09214,1.09229,381,11,0
2024-03-13 08:00:00,1.0923,1.09243,1.09221,1.09238,287,11,0
2024-03-13 08:15:00,1.09238,1.0926,1.09227,1.0925,362,11,0
2024-03-13 08:30:00,1.0925,1.0928,1.0924800000000001,1.09277,579,11,0
2024-03-13 08:45:00,1.09276,1.09284,1.09247,1.09282,425,11,0
2024-03-13 09:00:00,1.09282,1.09288,1.09272,1.09281,405,11,0
2024-03-13 09:15:00,1.09281,1.09287,1.09253,1.09267,452,11,0
2024-03-13 09:30:00,1.09266,1.09285,1.09247,1.09257,613,11,0
2024-03-13 09:45:00,1.09257,1.0928,1.09253,1.09273,463,11,0
2024-03-13 10:00:00,1.09272,1.0930900000000001,1.09266,1.093,480,11,0
2024-03-13 10:15:00,1.093,1.09314,1.09203,1.09221,534,11,0
2024-03-13 10:30:00,1.09221,1.09246,1.09213,1.09242,551,11,0
2024-03-13 10:45:00,1.09242,1.09268,1.09241,1.09261,483,11,0
2024-03-13 11:00:00,1.09262,1.09315,1.09256,1.0929,640,11,0
2024-03-13 11:15:00,1.09287,1.09303,1.09275,1.09294,600,11,0
2024-03-13 11:30:00,1.09294,1.09313,1.09275,1.0931,608,11,0
2024-03-13 11:45:00,1.0931,1.09324,1.09261,1.09271,610,11,0
2024-03-13 12:00:00,1.09272,1.09276,1.09225,1.09235,585,11,0
2024-03-13 12:15:00,1.09236,1.09246,1.09199,1.09205,724,11,0
2024-03-13 12:30:00,1.09205,1.09244,1.09195,1.09226,689,11,0
2024-03-13 12:45:00,1.09225,1.09253,1.09216,1.09228,576,11,0
2024-03-13 13:00:00,1.09228,1.09274,1.09216,1.09274,653,11,0
2024-03-13 13:15:00,1.09275,1.09302,1.09262,1.093,500,11,0
2024-03-13 13:30:00,1.093,1.09323,1.09276,1.0931,495,11,0
2024-03-13 13:45:00,1.0931,1.09328,1.09286,1.09301,339,11,0
2024-03-13 14:00:00,1.09301,1.09351,1.09297,1.09348,481,11,0
2024-03-13 14:15:00,1.09348,1.09389,1.09341,1.09383,465,11,0
2024-03-13 14:30:00,1.09383,1.0941,1.09372,1.09398,470,11,0
2024-03-13 14:45:00,1.09399,1.0945,1.09399,1.09416,576,11,0
2024-03-13 15:00:00,1.09417,1.09445,1.09392,1.09433,760,11,0
2024-03-13 15:15:00,1.09433,1.09468,1.09392,1.09393,829,11,0
2024-03-13 15:30:00,1.09393,1.09396,1.0936,1.09396,755,11,0
2024-03-13 15:45:00,1.09395,1.09403,1.09331,1.09362,779,11,0
2024-03-13 16:00:00,1.09362,1.09406,1.09359,1.0939,738,11,0
2024-03-13 16:15:00,1.0939,1.09395,1.09365,1.09372,608,11,0
2024-03-13 16:30:00,1.09371,1.09414,1.09353,1.09362,946,11,0
2024-03-13 16:45:00,1.09362,1.09415,1.09357,1.09367,844,11,0
2024-03-13 17:00:00,1.09368,1.09385,1.0930900000000001,1.09343,885,11,0
2024-03-13 17:15:00,1.09348,1.09394,1.09345,1.09384,764,11,0
2024-03-13 17:30:00,1.09382,1.09439,1.09359,1.09423,865,11,0
2024-03-13 17:45:00,1.09424,1.09438,1.09385,1.09415,804,11,0
2024-03-13 18:00:00,1.09414,1.09444,1.09401,1.09416,834,11,0
2024-03-13 18:15:00,1.09423,1.09467,1.09421,1.09458,686,4,0
2024-03-13 18:30:00,1.09458,1.09458,1.09375,1.09378,726,11,0
2024-03-13 18:45:00,1.09378,1.09444,1.09374,1.09428,827,11,0
2024-03-13 19:00:00,1.09428,1.09437,1.09394,1.09424,656,11,0
2024-03-13 19:15:00,1.09423,1.09455,1.09414,1.09439,878,11,0
2024-03-13 19:30:00,1.09439,1.0945,1.09413,1.09424,932,11,0
2024-03-13 19:45:00,1.09424,1.0949,1.09422,1.09486,1017,11,0
2024-03-13 20:00:00,1.09487,1.09632,1.09481,1.09593,2014,11,0
2024-03-13 20:15:00,1.09593,1.096,1.09558,1.09569,754,11,0
2024-03-13 20:30:00,1.09569,1.09608,1.09563,1.09579,759,11,0
2024-03-13 20:45:00,1.09579,1.09586,1.09558,1.09565,566,11,0
2024-03-13 21:00:00,1.09565,1.09577,1.09542,1.09544,651,11,0
2024-03-13 21:15:00,1.09544,1.09565,1.09529,1.09535,590,11,0
2024-03-13 21:30:00,1.09537,1.09551,1.09534,1.09542,588,11,0
2024-03-13 21:45:00,1.09542,1.09543,1.09495,1.09504,646,11,0
2024-03-13 22:00:00,1.09503,1.09513,1.09494,1.09495,512,11,0
2024-03-13 22:15:00,1.09495,1.09498,1.09457,1.09474,667,11,0
2024-03-13 22:30:00,1.09473,1.09476,1.09457,1.09466,761,11,0
2024-03-13 22:45:00,1.09466,1.0947,1.09451,1.09468,681,11,0
2024-03-13 23:00:00,1.09468,1.09487,1.09466,1.09477,316,11,0
2024-03-13 23:15:00,1.09477,1.09486,1.09468,1.09476,172,11,0
2024-03-13 23:30:00,1.09476,1.09483,1.09468,1.09471,261,11,0
2024-03-13 23:45:00,1.09471,1.0948,1.09464,1.09475,273,11,0
2024-03-14 00:00:00,1.09469,1.09506,1.09393,1.09473,437,20,0
2024-03-14 00:15:00,1.09473,1.09487,1.09453,1.09479,227,15,0
2024-03-14 00:30:00,1.09478,1.09493,1.09457,1.09482,1075,15,0
2024-03-14 00:45:00,1.09482,1.09493,1.09469,1.09477,312,15,0
2024-03-14 01:00:00,1.09484,1.09509,1.09484,1.09497,337,11,0
2024-03-14 01:15:00,1.09496,1.09505,1.0949200000000001,1.09501,209,11,0
2024-03-14 01:30:00,1.09501,1.09507,1.09497,1.09499,163,11,0
2024-03-14 01:45:00,1.09499,1.09501,1.09483,1.09483,100,11,0
2024-03-14 02:00:00,1.09483,1.09503,1.09483,1.0949200000000001,304,11,0
2024-03-14 02:15:00,1.09493,1.09516,1.0949200000000001,1.09516,229,11,0
2024-03-14 02:30:00,1.09515,1.09526,1.09514,1.09521,207,11,0
2024-03-14 02:45:00,1.0952,1.09527,1.09503,1.09527,243,11,0
2024-03-14 03:00:00,1.09527,1.09542,1.09479,1.09484,591,11,0
2024-03-14 03:15:00,1.09483,1.0949200000000001,1.09477,1.09486,282,11,0
2024-03-14 03:30:00,1.09487,1.09488,1.09453,1.09458,209,11,0
2024-03-14 03:45:00,1.09457,1.09493,1.09453,1.09482,426,11,0
2024-03-14 04:00:00,1.09482,1.09523,1.09455,1.09456,550,11,0
2024-03-14 04:15:00,1.09456,1.09473,1.09455,1.09471,475,11,0
2024-03-14 04:30:00,1.09471,1.09478,1.09446,1.09453,486,11,0
2024-03-14 04:45:00,1.09453,1.09487,1.09445,1.09483,321,11,0
2024-03-14 05:00:00,1.09483,1.09491,1.09451,1.09451,319,11,0
2024-03-14 05:15:00,1.09451,1.09457,1.09444,1.09449,244,11,0
2024-03-14 05:30:00,1.0945,1.09461,1.09442,1.09444,270,11,0
2024-03-14 05:45:00,1.09444,1.09449,1.09423,1.0943100000000001,342,11,0
2024-03-14 06:00:00,1.09432,1.09446,1.0943,1.09443,417,11,0
2024-03-14 06:15:00,1.09444,1.09448,1.09423,1.09428,351,11,0
2024-03-14 06:30:00,1.09426,1.0943100000000001,1.09407,1.09412,445,11,0
2024-03-14 06:45:00,1.09412,1.09429,1.09406,1.09418,290,11,0
2024-03-14 07:00:00,1.09418,1.09418,1.09396,1.09398,321,11,0
2024-03-14 07:15:00,1.09398,1.0941,1.09395,1.09401,294,11,0
2024-03-14 07:30:00,1.09401,1.09414,1.09384,1.09406,307,11,0
2024-03-14 07:45:00,1.09407,1.09423,1.09401,1.0942,294,11,0
2024-03-14 08:00:00,1.0942,1.09427,1.09405,1.09414,283,11,0
2024-03-14 08:15:00,1.09414,1.09421,1.09399,1.09407,276,11,0
2024-03-14 08:30:00,1.09407,1.09418,1.09403,1.09403,228,11,0
2024-03-14 08:45:00,1.09403,1.09404,1.09386,1.09391,317,11,0
2024-03-14 09:00:00,1.09392,1.09401,1.09388,1.09397,294,11,0
2024-03-14 09:15:00,1.09397,1.09414,1.09392,1.094,309,11,0
2024-03-14 09:30:00,1.09398,1.09405,1.0937999999999999,1.09382,362,11,0
2024-03-14 09:45:00,1.09383,1.09386,1.09366,1.09373,518,11,0
2024-03-14 10:00:00,1.09373,1.09409,1.0937000000000001,1.09397,758,11,0
2024-03-14 10:15:00,1.09397,1.09424,1.09389,1.09415,597,11,0
2024-03-14 10:30:00,1.09415,1.09416,1.0931,1.0933,1241,11,0
2024-03-14 10:45:00,1.09331,1.09371,1.09328,1.09349,777,11,0
2024-03-14 11:00:00,1.09349,1.09384,1.09348,1.09373,1228,11,0
2024-03-14 11:15:00,1.09373,1.09435,1.09347,1.09419,999,11,0
2024-03-14 11:30:00,1.09419,1.0942,1.09371,1.09384,840,11,0
2024-03-14 11:45:00,1.09384,1.09392,1.09355,1.09371,936,11,0
2024-03-14 12:00:00,1.09371,1.09429,1.09363,1.09409,742,11,0
2024-03-14 12:15:00,1.09409,1.0941,1.09376,1.09397,691,11,0
2024-03-14 12:30:00,1.09397,1.09439,1.09391,1.09432,665,11,0
2024-03-14 12:45:00,1.09432,1.09439,1.09374,1.09407,631,11,0
2024-03-14 13:00:00,1.09408,1.0944,1.09376,1.09436,668,11,0
2024-03-14 13:15:00,1.09436,1.09449,1.09398,1.09399,557,11,0
2024-03-14 13:30:00,1.09398,1.09406,1.09371,1.09382,659,11,0
2024-03-14 13:45:00,1.09382,1.09414,1.09374,1.09389,639,11,0
2024-03-14 14:00:00,1.0939,1.09414,1.09371,1.09411,611,11,0
2024-03-14 14:15:00,1.09412,1.0943100000000001,1.09396,1.09408,520,11,0
2024-03-14 14:30:00,1.09408,1.09426,1.09398,1.09415,591,11,0
2024-03-14 14:45:00,1.09415,1.09426,1.09381,1.0941,660,11,0
2024-03-14 15:00:00,1.09412,1.09423,1.09381,1.094,830,11,0
2024-03-14 15:15:00,1.09402,1.09405,1.09308,1.09338,980,11,0
2024-03-14 15:30:00,1.09338,1.0944099999999999,1.09235,1.09412,1791,12,0
2024-03-14 15:45:00,1.09412,1.09417,1.09271,1.09295,1188,11,0
2024-03-14 16:00:00,1.09294,1.09305,1.09235,1.0927,1021,11,0
2024-03-14 16:15:00,1.09272,1.09286,1.09186,1.09187,1214,11,0
2024-03-14 16:30:00,1.09186,1.09201,1.09151,1.09167,966,11,0
2024-03-14 16:45:00,1.09169,1.09178,1.09081,1.09113,901,11,0
2024-03-14 17:00:00,1.09113,1.09135,1.09067,1.09086,787,11,0
2024-03-14 17:15:00,1.09086,1.0909,1.09006,1.0904,741,11,0
2024-03-14 17:30:00,1.0904,1.09072,1.08999,1.09016,699,11,0
2024-03-14 17:45:00,1.09015,1.09028,1.08954,1.08973,876,11,0
2024-03-14 18:00:00,1.08973,1.0899,1.08875,1.08893,835,11,0
2024-03-14 18:15:00,1.08893,1.08905,1.08824,1.08852,834,11,0
2024-03-14 18:30:00,1.0885,1.08885,1.08823,1.08838,829,11,0
2024-03-14 18:45:00,1.08837,1.0888,1.08835,1.08869,794,11,0
2024-03-14 19:00:00,1.0887,1.0891,1.08841,1.08879,742,11,0
2024-03-14 19:15:00,1.0888,1.08922,1.08856,1.08904,551,11,0
2024-03-14 19:30:00,1.08905,1.08921,1.08872,1.08875,583,11,0
2024-03-14 19:45:00,1.08874,1.08903,1.08845,1.08865,669,11,0
2024-03-14 20:00:00,1.08866,1.08885,1.08846,1.08859,616,11,0
2024-03-14 20:15:00,1.08859,1.08864,1.08841,1.08844,342,11,0
2024-03-14 20:30:00,1.08844,1.08849,1.08804,1.08842,448,11,0
2024-03-14 20:45:00,1.08842,1.08881,1.08836,1.0886,375,11,0
2024-03-14 21:00:00,1.08859,1.08891,1.08857,1.08882,431,11,0
2024-03-14 21:15:00,1.08882,1.08894,1.08842,1.08845,431,11,0
2024-03-14 21:30:00,1.08845,1.08876,1.08832,1.08874,518,11,0
2024-03-14 21:45:00,1.08874,1.08888,1.08835,1.08843,543,11,0
2024-03-14 22:00:00,1.08843,1.08858,1.08822,1.08826,550,11,0
2024-03-14 22:15:00,1.08826,1.0883,1.08806,1.08822,318,11,0
2024-03-14 22:30:00,1.08822,1.08823,1.088,1.08818,354,11,0
2024-03-14 22:45:00,1.08818,1.08905,1.08813,1.08904,544,11,0
2024-03-14 23:00:00,1.08904,1.08913,1.08861,1.08861,318,11,0
2024-03-14 23:15:00,1.08862,1.08862,1.0883,1.0885,219,11,0
2024-03-14 23:30:00,1.0885,1.08858,1.08843,1.08845,131,11,0
2024-03-14 23:45:00,1.08846,1.08852,1.08829,1.08834,271,11,0
2024-03-15 00:00:00,1.08759,1.08845,1.08759,1.08845,124,15,0
2024-03-15 00:15:00,1.08846,1.0884800000000001,1.08818,1.08833,335,15,0
2024-03-15 00:30:00,1.08833,1.0884,1.08813,1.0883,535,15,0
2024-03-15 00:45:00,1.08826,1.08849,1.08826,1.08843,158,15,0
2024-03-15 01:00:00,1.08853,1.08857,1.08834,1.08847,135,11,0
2024-03-15 01:15:00,1.08847,1.0885,1.08842,1.08847,71,11,0
2024-03-15 01:30:00,1.08847,1.08852,1.08844,1.08847,124,11,0
2024-03-15 01:45:00,1.08846,1.08846,1.08826,1.08834,134,11,0
2024-03-15 02:00:00,1.08834,1.08837,1.08824,1.0883099999999999,262,11,0
2024-03-15 02:15:00,1.0883,1.08844,1.08826,1.08835,282,11,0
2024-03-15 02:30:00,1.08834,1.08846,1.08819,1.08825,326,11,0
2024-03-15 02:45:00,1.08825,1.0883099999999999,1.0882,1.08822,226,11,0
2024-03-15 03:00:00,1.08824,1.0884,1.08777,1.08777,605,11,0
2024-03-15 03:15:00,1.08777,1.08795,1.08763,1.08764,393,11,0
2024-03-15 03:30:00,1.08765,1.08786,1.08765,1.08771,357,11,0
2024-03-15 03:45:00,1.08773,1.08809,1.08754,1.08773,532,11,0
2024-03-15 04:00:00,1.08772,1.08783,1.08761,1.08769,382,11,0
2024-03-15 04:15:00,1.08768,1.08779,1.08749,1.08766,422,11,0
2024-03-15 04:30:00,1.08766,1.08778,1.08756,1.08776,391,11,0
2024-03-15 04:45:00,1.08776,1.08795,1.08761,1.08765,418,11,0
2024-03-15 05:00:00,1.08765,1.08765,1.08745,1.08748,438,11,0
2024-03-15 05:15:00,1.08748,1.0876,1.08742,1.08748,318,11,0
2024-03-15 05:30:00,1.08748,1.08753,1.08723,1.08733,321,11,0
2024-03-15 05:45:00,1.08733,1.08748,1.08725,1.08727,333,11,0
2024-03-15 06:00:00,1.08728,1.08746,1.08727,1.08744,415,11,0
2024-03-15 06:15:00,1.08743,1.08763,1.0873599999999999,1.08757,518,11,0
2024-03-15 06:30:00,1.08757,1.08775,1.08756,1.08771,353,11,0
2024-03-15 06:45:00,1.0877,1.08771,1.08761,1.08764,271,11,0
2024-03-15 07:00:00,1.08764,1.08768,1.08756,1.08764,278,11,0
2024-03-15 07:15:00,1.08764,1.08765,1.08749,1.08757,345,11,0
2024-03-15 07:30:00,1.08757,1.08758,1.0875,1.08758,241,11,0
2024-03-15 07:45:00,1.08757,1.08763,1.08741,1.0876,497,11,0
2024-03-15 08:00:00,1.0876,1.08769,1.08744,1.08748,330,11,0
2024-03-15 08:15:00,1.08748,1.08754,1.08738,1.08739,182,11,0
2024-03-15 08:30:00,1.08739,1.08743,1.08727,1.08729,292,11,0
2024-03-15 08:45:00,1.0873,1.08767,1.08727,1.08766,384,11,0
2024-03-15 09:00:00,1.08765,1.08774,1.0875,1.08768,323,11,0
2024-03-15 09:15:00,1.08768,1.08784,1.08765,1.08777,369,11,0
2024-03-15 09:30:00,1.08777,1.08779,1.08755,1.08767,326,11,0
2024-03-15 09:45:00,1.08767,1.08801,1.08764,1.08793,697,11,0
2024-03-15 10:00:00,1.08793,1.08812,1.0878,1.08801,723,11,0
2024-03-15 10:15:00,1.088,1.08817,1.0879,1.08811,523,11,0
2024-03-15 10:30:00,1.08811,1.08832,1.08804,1.08813,468,11,0
2024-03-15 10:45:00,1.08812,1.08845,1.08781,1.08804,650,11,0
2024-03-15 11:00:00,1.08804,1.0882,1.08777,1.08793,760,11,0
2024-03-15 11:15:00,1.08791,1.08836,1.08775,1.08835,646,11,0
2024-03-15 11:30:00,1.08835,1.08865,1.08813,1.08844,759,11,0
2024-03-15 11:45:00,1.08843,1.0884800000000001,1.08818,1.08824,650,11,0
2024-03-15 12:00:00,1.08825,1.08877,1.0882,1.08861,630,11,0
2024-03-15 12:15:00,1.0886,1.08887,1.08849,1.08875,491,11,0
2024-03-15 12:30:00,1.08875,1.08897,1.08864,1.08888,496,11,0
2024-03-15 12:45:00,1.08888,1.0899,1.08886,1.08977,751,11,0
2024-03-15 13:00:00,1.08976,1.08991,1.08957,1.08958,702,11,0
2024-03-15 13:15:00,1.08958,1.0896,1.08926,1.08939,509,11,0
2024-03-15 13:30:00,1.08938,1.08943,1.08893,1.08895,434,11,0
2024-03-15 13:45:00,1.08895,1.08914,1.08886,1.08906,473,11,0
2024-03-15 14:00:00,1.08906,1.08908,1.08877,1.08884,441,11,0
2024-03-15 14:15:00,1.08884,1.08889,1.08864,1.08874,285,11,0
2024-03-15 14:30:00,1.08874,1.08945,1.08866,1.08945,413,11,0
2024-03-15 14:45:00,1.08945,1.08958,1.08928,1.08931,446,11,0
2024-03-15 15:00:00,1.08932,1.08934,1.08885,1.08915,722,11,0
2024-03-15 15:15:00,1.08915,1.0893,1.08887,1.08891,727,11,0
2024-03-15 15:30:00,1.0889,1.08936,1.08852,1.08852,1080,11,0
2024-03-15 15:45:00,1.08853,1.08896,1.08837,1.08865,770,11,0
2024-03-15 16:00:00,1.08865,1.08934,1.08865,1.08922,699,11,0
2024-03-15 16:15:00,1.08927,1.08943,1.08835,1.08839,860,11,0
2024-03-15 16:30:00,1.08838,1.08911,1.08826,1.08862,983,11,0
2024-03-15 16:45:00,1.08862,1.08895,1.08836,1.08858,669,11,0
2024-03-15 17:00:00,1.08859,1.08921,1.08839,1.08915,797,11,0
2024-03-15 17:15:00,1.08914,1.08939,1.08867,1.08876,676,11,0
2024-03-15 17:30:00,1.08875,1.08918,1.08871,1.08876,589,11,0
2024-03-15 17:45:00,1.08877,1.0890900000000001,1.08859,1.08874,602,11,0
2024-03-15 18:00:00,1.08875,1.08885,1.08853,1.08862,510,11,0
2024-03-15 18:15:00,1.08862,1.08881,1.08835,1.08869,440,11,0
2024-03-15 18:30:00,1.08867,1.08874,1.08841,1.08854,460,11,0
2024-03-15 18:45:00,1.08854,1.08879,1.08807,1.0887,573,11,0
2024-03-15 19:00:00,1.0887,1.08881,1.0883,1.08875,581,11,0
2024-03-15 19:15:00,1.08875,1.0889,1.08864,1.0888,473,11,0
2024-03-15 19:30:00,1.08879,1.08891,1.08853,1.08864,497,11,0
2024-03-15 19:45:00,1.08865,1.08894,1.0885,1.08853,500,11,0
2024-03-15 20:00:00,1.08853,1.08872,1.08841,1.08844,524,11,0
2024-03-15 20:15:00,1.08843,1.08872,1.0883099999999999,1.08843,423,11,0
2024-03-15 20:30:00,1.08843,1.08855,1.0883099999999999,1.0884,367,11,0
2024-03-15 20:45:00,1.0884,1.0885,1.08827,1.0883099999999999,357,11,0
2024-03-15 21:00:00,1.08832,1.08868,1.08832,1.0884800000000001,372,11,0
2024-03-15 21:15:00,1.0884800000000001,1.08864,1.08842,1.08859,286,11,0
2024-03-15 21:30:00,1.08859,1.089,1.08856,1.08891,374,11,0
2024-03-15 21:45:00,1.08891,1.08905,1.08873,1.08899,361,11,0
2024-03-15 22:00:00,1.08898,1.08907,1.0888,1.08904,286,11,0
2024-03-15 22:15:00,1.08904,1.0890900000000001,1.08889,1.08903,271,11,0
2024-03-15 22:30:00,1.08903,1.08907,1.08887,1.08889,229,11,0
2024-03-15 22:45:00,1.08889,1.08891,1.08865,1.08887,318,11,0
2024-03-15 23:00:00,1.08886,1.0889199999999999,1.0887,1.08877,180,11,0
2024-03-15 23:15:00,1.08877,1.08886,1.08865,1.08885,126,11,0
2024-03-15 23:30:00,1.08888,1.08891,1.08882,1.08889,125,11,0
2024-03-15 23:45:00,1.08888,1.0889199999999999,1.08864,1.08865,164,11,0
2024-03-18 00:00:00,1.08877,1.08903,1.08747,1.08802,122,16,0
2024-03-18 00:15:00,1.08758,1.08877,1.08758,1.0885,273,45,0
2024-03-18 00:30:00,1.08845,1.0889199999999999,1.08822,1.08885,113,20,0
2024-03-18 00:45:00,1.08885,1.0889,1.08869,1.08882,54,18,0
2024-03-18 01:00:00,1.08877,1.08908,1.08877,1.0889199999999999,154,11,0
2024-03-18 01:15:00,1.08893,1.08893,1.08871,1.08873,104,11,0
2024-03-18 01:30:00,1.08873,1.08876,1.08862,1.08868,155,11,0
2024-03-18 01:45:00,1.08867,1.08873,1.08855,1.08859,174,11,0
2024-03-18 02:00:00,1.08859,1.08861,1.08837,1.08837,204,11,0
2024-03-18 02:15:00,1.08837,1.08842,1.0882,1.08823,235,11,0
2024-03-18 02:30:00,1.08824,1.0883099999999999,1.08812,1.08814,229,11,0
2024-03-18 02:45:00,1.08814,1.0883099999999999,1.08812,1.0883099999999999,202,11,0
2024-03-18 03:00:00,1.08837,1.08838,1.08798,1.08832,240,11,0
2024-03-18 03:15:00,1.0883099999999999,1.08866,1.08829,1.08861,217,11,0
2024-03-18 03:30:00,1.08861,1.08868,1.08847,1.08855,136,11,0
2024-03-18 03:45:00,1.08855,1.08876,1.08846,1.0884800000000001,260,11,0
2024-03-18 04:00:00,1.0884800000000001,1.0886,1.0884,1.08858,257,11,0
2024-03-18 04:15:00,1.08858,1.08859,1.08822,1.08832,294,11,0
2024-03-18 04:30:00,1.08838,1.08866,1.08838,1.08864,302,11,0
2024-03-18 04:45:00,1.08864,1.08896,1.08856,1.08887,252,11,0
2024-03-18 05:00:00,1.08887,1.08896,1.08871,1.08874,298,11,0
2024-03-18 05:15:00,1.08875,1.08891,1.0887,1.08889,216,11,0
2024-03-18 05:30:00,1.08888,1.08902,1.08884,1.08895,230,11,0
2024-03-18 05:45:00,1.08895,1.08912,1.08883,1.08886,266,11,0
2024-03-18 06:00:00,1.08887,1.08894,1.08881,1.08885,167,11,0
2024-03-18 06:15:00,1.08885,1.08891,1.08881,1.08885,177,11,0
2024-03-18 06:30:00,1.08885,1.089,1.08858,1.08859,193,11,0
2024-03-18 06:45:00,1.08859,1.0886,1.08847,1.0884800000000001,176,11,0
2024-03-18 07:00:00,1.0884800000000001,1.08861,1.08847,1.08858,176,11,0
2024-03-18 07:15:00,1.08859,1.08865,1.08853,1.08857,132,11,0
2024-03-18 07:30:00,1.08857,1.08872,1.08852,1.08865,158,11,0
2024-03-18 07:45:00,1.08865,1.08876,1.08857,1.08871,137,11,0
2024-03-18 08:00:00,1.08871,1.08871,1.08853,1.08858,214,11,0
2024-03-18 08:15:00,1.08858,1.08869,1.08846,1.08864,159,11,0
2024-03-18 08:30:00,1.08864,1.08879,1.08858,1.0886,209,11,0
2024-03-18 08:45:00,1.0886,1.08882,1.08855,1.08866,173,11,0
2024-03-18 09:00:00,1.08866,1.08889,1.08864,1.08885,329,11,0
2024-03-18 09:15:00,1.08885,1.08887,1.0886,1.0887,352,11,0
2024-03-18 09:30:00,1.08872,1.08888,1.08871,1.08888,213,11,0
2024-03-18 09:45:00,1.08887,1.08889,1.08865,1.08885,254,11,0
2024-03-18 10:00:00,1.08886,1.08931,1.08884,1.08923,890,11,0
2024-03-18 10:15:00,1.08923,1.0895299999999999,1.08917,1.08942,573,11,0
2024-03-18 10:30:00,1.08942,1.08961,1.08937,1.08943,547,11,0
2024-03-18 10:45:00,1.08943,1.08944,1.08907,1.08919,757,11,0
2024-03-18 11:00:00,1.08919,1.08964,1.08903,1.08933,909,11,0
2024-03-18 11:15:00,1.08933,1.08973,1.08921,1.08951,1202,11,0
2024-03-18 11:30:00,1.08951,1.08956,1.08906,1.0893,864,11,0
2024-03-18 11:45:00,1.0893,1.08971,1.08926,1.08931,737,11,0
2024-03-18 12:00:00,1.08931,1.08955,1.08919,1.08949,681,11,0
2024-03-18 12:15:00,1.08949,1.08967,1.08942,1.08962,613,11,0
2024-03-18 12:30:00,1.08962,1.09,1.08959,1.0898,623,11,0
2024-03-18 12:45:00,1.08979,1.09,1.08975,1.0899,567,11,0
2024-03-18 13:00:00,1.0899,1.0899,1.08958,1.08978,664,11,0
2024-03-18 13:15:00,1.08978,1.08996,1.08973,1.0899,617,11,0
2024-03-18 13:30:00,1.08988,1.09001,1.08956,1.08974,769,11,0
2024-03-18 13:45:00,1.08974,1.09013,1.08962,1.08991,653,11,0
2024-03-18 14:00:00,1.08991,1.09034,1.08983,1.09027,639,11,0
2024-03-18 14:15:00,1.09027,1.0904,1.09016,1.09039,654,11,0
2024-03-18 14:30:00,1.09039,1.09046,1.09032,1.09045,596,11,0
2024-03-18 14:45:00,1.09045,1.09057,1.09018,1.0902,771,11,0
2024-03-18 15:00:00,1.09019,1.09046,1.09013,1.09026,739,11,0
2024-03-18 15:15:00,1.09025,1.09042,1.09008,1.0903,708,11,0
2024-03-18 15:30:00,1.0903100000000001,1.09033,1.08937,1.08939,840,11,0
2024-03-18 15:45:00,1.08942,1.08951,1.08893,1.08917,934,11,0
2024-03-18 16:00:00,1.08917,1.08931,1.08879,1.08889,748,11,0
2024-03-18 16:15:00,1.08889,1.08905,1.08883,1.08896,843,11,0
2024-03-18 16:30:00,1.08895,1.08899,1.0885,1.08874,828,11,0
2024-03-18 16:45:00,1.08875,1.08897,1.08865,1.08887,575,11,0
2024-03-18 17:00:00,1.08887,1.08928,1.08876,1.08899,673,11,0
2024-03-18 17:15:00,1.08902,1.08928,1.08891,1.08898,584,11,0
2024-03-18 17:30:00,1.08898,1.08899,1.08844,1.08866,564,11,0
2024-03-18 17:45:00,1.08866,1.0889,1.08838,1.08851,589,11,0
2024-03-18 18:00:00,1.08851,1.08885,1.08845,1.08872,645,11,0
2024-03-18 18:15:00,1.08872,1.08883,1.08853,1.08876,641,11,0
2024-03-18 18:30:00,1.08876,1.08882,1.08807,1.0882,652,11,0
2024-03-18 18:45:00,1.08823,1.08863,1.08804,1.0884800000000001,794,11,0
2024-03-18 19:00:00,1.0884800000000001,1.0884800000000001,1.08761,1.08769,776,11,0
2024-03-18 19:15:00,1.08769,1.0877,1.08688,1.08706,719,11,0
2024-03-18 19:30:00,1.08707,1.08723,1.08689,1.08717,578,11,0
2024-03-18 19:45:00,1.08717,1.08739,1.08704,1.08719,473,11,0
2024-03-18 20:00:00,1.08717,1.08745,1.0871,1.08716,767,11,0
2024-03-18 20:15:00,1.08716,1.08721,1.08688,1.08718,445,11,0
2024-03-18 20:30:00,1.08718,1.0872600000000001,1.08661,1.08666,393,11,0
2024-03-18 20:45:00,1.08666,1.08687,1.08654,1.0868,280,11,0
2024-03-18 21:00:00,1.0868,1.08693,1.08667,1.08686,304,11,0
2024-03-18 21:15:00,1.08685,1.08698,1.08669,1.08698,331,11,0
2024-03-18 21:30:00,1.08698,1.08703,1.0868,1.0869,361,11,0
2024-03-18 21:45:00,1.0869,1.08706,1.08686,1.08706,307,11,0
2024-03-18 22:00:00,1.08706,1.08729,1.08704,1.08719,282,11,0
2024-03-18 22:15:00,1.08719,1.08725,1.0871,1.0871,273,11,0
2024-03-18 22:30:00,1.0871,1.08724,1.08705,1.08712,257,11,0
2024-03-18 22:45:00,1.08711,1.08711,1.08671,1.08685,359,11,0
2024-03-18 23:00:00,1.08686,1.08705,1.08684,1.08696,211,11,0
2024-03-18 23:15:00,1.08696,1.08706,1.08694,1.087,139,11,0
2024-03-18 23:30:00,1.08702,1.08707,1.08692,1.087,202,11,0
2024-03-18 23:45:00,1.087,1.08719,1.087,1.08718,155,11,0
2024-03-19 00:00:00,1.08716,1.0873,1.08633,1.08716,72,15,0
2024-03-19 00:15:00,1.08716,1.08735,1.08708,1.08723,65,15,0
2024-03-19 00:30:00,1.08722,1.08725,1.0871,1.08719,614,15,0
2024-03-19 00:45:00,1.08719,1.0873,1.08715,1.08729,218,15,0
2024-03-19 01:00:00,1.0873,1.08734,1.08714,1.08733,158,11,0
2024-03-19 01:15:00,1.08732,1.0873599999999999,1.08729,1.08734,89,11,0
2024-03-19 01:30:00,1.08734,1.08735,1.08716,1.08718,143,11,0
2024-03-19 01:45:00,1.08717,1.08722,1.08706,1.08713,165,11,0
2024-03-19 02:00:00,1.08713,1.08719,1.08707,1.08714,241,11,0
2024-03-19 02:15:00,1.08714,1.08721,1.0871,1.08713,139,11,0
2024-03-19 02:30:00,1.08713,1.08723,1.08707,1.0872,272,11,0
2024-03-19 02:45:00,1.0872,1.08731,1.08719,1.08729,215,11,0
2024-03-19 03:00:00,1.08729,1.08739,1.087,1.08737,425,11,0
2024-03-19 03:15:00,1.08737,1.08741,1.08715,1.08718,529,11,0
2024-03-19 03:30:00,1.08718,1.08723,1.08693,1.08699,589,11,0
2024-03-19 03:45:00,1.08701,1.08703,1.08686,1.08688,647,11,0
2024-03-19 04:00:00,1.08689,1.08712,1.08685,1.08704,707,11,0
2024-03-19 04:15:00,1.08704,1.08705,1.08666,1.08673,681,11,0
2024-03-19 04:30:00,1.08673,1.0869,1.08661,1.08678,694,11,0
2024-03-19 04:45:00,1.08678,1.08684,1.08664,1.08677,433,11,0
2024-03-19 05:00:00,1.08677,1.08725,1.08677,1.08725,497,11,0
2024-03-19 05:15:00,1.08724,1.08728,1.08714,1.0872600000000001,557,11,0
2024-03-19 05:30:00,1.08727,1.08741,1.08723,1.08732,472,11,0
2024-03-19 05:45:00,1.08732,1.08738,1.08719,1.08728,500,11,0
2024-03-19 06:00:00,1.08728,1.08757,1.08723,1.0875,581,11,0
2024-03-19 06:15:00,1.0875,1.08759,1.08729,1.08746,607,11,0
2024-03-19 06:30:00,1.08746,1.08759,1.08698,1.08727,2069,15,0
2024-03-19 06:45:00,1.0872600000000001,1.08742,1.08693,1.08732,1161,11,0
2024-03-19 07:00:00,1.08732,1.08759,1.08724,1.08751,774,11,0
2024-03-19 07:15:00,1.08751,1.08759,1.08711,1.0872,567,11,0
2024-03-19 07:30:00,1.0872,1.08721,1.08667,1.08672,865,11,0
2024-03-19 07:45:00,1.08672,1.08711,1.08667,1.087,669,11,0
2024-03-19 08:00:00,1.087,1.08714,1.08672,1.0868,790,11,0
2024-03-19 08:15:00,1.08679,1.08679,1.08649,1.08659,450,11,0
2024-03-19 08:30:00,1.08658,1.0866,1.08642,1.08655,685,11,0
2024-03-19 08:45:00,1.08655,1.08657,1.08623,1.08636,615,11,0
2024-03-19 09:00:00,1.08636,1.0865,1.0861399999999999,1.08636,664,11,0
2024-03-19 09:15:00,1.08636,1.08674,1.08632,1.0867,583,11,0
2024-03-19 09:30:00,1.0867,1.08681,1.08634,1.08641,915,11,0
2024-03-19 09:45:00,1.08641,1.08673,1.08626,1.08671,1074,11,0
2024-03-19 10:00:00,1.08671,1.08671,1.0861,1.08634,937,11,0
2024-03-19 10:15:00,1.08633,1.08661,1.08621,1.08626,948,11,0
2024-03-19 10:30:00,1.08626,1.08635,1.08599,1.08607,715,11,0
2024-03-19 10:45:00,1.08607,1.08608,1.0851,1.08542,991,11,0
2024-03-19 11:00:00,1.0854300000000001,1.08555,1.08496,1.08502,1213,11,0
2024-03-19 11:15:00,1.08502,1.08504,1.08452,1.08496,1158,11,0
2024-03-19 11:30:00,1.08496,1.08508,1.08418,1.08429,942,11,0
2024-03-19 11:45:00,1.08429,1.08488,1.08426,1.08469,1283,11,0
2024-03-19 12:00:00,1.08469,1.08496,1.08444,1.08463,1018,11,0
2024-03-19 12:15:00,1.08463,1.08485,1.08434,1.08439,917,11,0
2024-03-19 12:30:00,1.0844,1.08456,1.08409,1.08426,823,11,0
2024-03-19 12:45:00,1.08425,1.08428,1.0834,1.0836,1022,11,0
2024-03-19 13:00:00,1.0836,1.08435,1.0836,1.08415,1179,11,0
2024-03-19 13:15:00,1.08415,1.08433,1.08389,1.08413,924,11,0
2024-03-19 13:30:00,1.08414,1.08453,1.08408,1.08446,1016,11,0
2024-03-19 13:45:00,1.08445,1.08453,1.08422,1.08439,623,11,0
2024-03-19 14:00:00,1.08439,1.08463,1.08423,1.08446,760,11,0
2024-03-19 14:15:00,1.08446,1.08476,1.08446,1.08454,635,11,0
2024-03-19 14:30:00,1.08454,1.08493,1.08447,1.08491,822,11,0
2024-03-19 14:45:00,1.08491,1.08511,1.08474,1.08499,607,11,0
2024-03-19 15:00:00,1.08501,1.08512,1.0848200000000001,1.08505,1086,11,0
2024-03-19 15:15:00,1.08504,1.08507,1.08451,1.08469,1341,11,0
2024-03-19 15:30:00,1.08468,1.08551,1.08465,1.08547,1728,11,0
2024-03-19 15:45:00,1.08547,1.08556,1.08489,1.08511,1244,11,0
2024-03-19 16:00:00,1.08511,1.08566,1.08505,1.08531,1386,11,0
2024-03-19 16:15:00,1.0853,1.08557,1.08512,1.08534,1003,11,0
2024-03-19 16:30:00,1.08534,1.08556,1.08489,1.08489,720,11,0
2024-03-19 16:45:00,1.08489,1.08538,1.08488,1.08537,537,11,0
2024-03-19 17:00:00,1.08537,1.08593,1.08532,1.08593,1173,11,0
2024-03-19 17:15:00,1.08593,1.08651,1.08592,1.0862,1175,11,0
2024-03-19 17:30:00,1.0862,1.08627,1.086,1.08612,1052,11,0
2024-03-19 17:45:00,1.08612,1.08631,1.086,1.08619,1004,11,0
2024-03-19 18:00:00,1.08619,1.08619,1.08563,1.08565,860,11,0
2024-03-19 18:15:00,1.08565,1.0857,1.08536,1.08552,675,11,0
2024-03-19 18:30:00,1.08552,1.08559,1.08528,1.08555,839,11,0
2024-03-19 18:45:00,1.08555,1.08595,1.08539,1.08578,956,11,0
2024-03-19 19:00:00,1.08578,1.08588,1.0854,1.0858,907,11,0
2024-03-19 19:15:00,1.08581,1.08613,1.08576,1.08608,691,11,0
2024-03-19 19:30:00,1.08608,1.08621,1.08597,1.08621,861,11,0
2024-03-19 19:45:00,1.08621,1.08634,1.0861,1.08629,898,11,0
2024-03-19 20:00:00,1.0863,1.08669,1.08622,1.08629,1014,11,0
2024-03-19 20:15:00,1.08629,1.08637,1.08608,1.08635,721,11,0
2024-03-19 20:30:00,1.08636,1.0865,1.08593,1.086,568,11,0
2024-03-19 20:45:00,1.086,1.08639,1.08593,1.0863,595,11,0
2024-03-19 21:00:00,1.0863,1.08647,1.08617,1.08634,635,11,0
2024-03-19 21:15:00,1.08634,1.08641,1.08611,1.08631,499,11,0
2024-03-19 21:30:00,1.08632,1.08644,1.08623,1.08626,649,11,0
2024-03-19 21:45:00,1.08626,1.08631,1.08606,1.0862,451,11,0
2024-03-19 22:00:00,1.0862,1.08629,1.0860400000000001,1.08622,460,11,0
2024-03-19 22:15:00,1.08622,1.08648,1.0862,1.08636,731,11,0
2024-03-19 22:30:00,1.08636,1.08638,1.08618,1.08631,552,11,0
2024-03-19 22:45:00,1.08631,1.08652,1.08623,1.08643,542,11,0
2024-03-19 23:00:00,1.08643,1.0866,1.08637,1.0864,341,11,0
2024-03-19 23:15:00,1.0864,1.08644,1.08634,1.08638,138,11,0
2024-03-19 23:30:00,1.08638,1.08642,1.08636,1.08639,131,11,0
2024-03-19 23:45:00,1.08639,1.08655,1.08637,1.08652,386,11,0
2024-03-20 00:00:00,1.08648,1.08666,1.0856,1.08631,317,15,0
2024-03-20 00:15:00,1.08625,1.08652,1.08621,1.08649,157,15,0
2024-03-20 00:30:00,1.08649,1.08651,1.08625,1.08644,3024,15,0
2024-03-20 00:45:00,1.0864,1.08658,1.08638,1.08649,1010,14,0
2024-03-20 01:00:00,1.08649,1.08658,1.08644,1.08658,196,11,0
2024-03-20 01:15:00,1.08658,1.0866,1.08649,1.08653,96,11,0
2024-03-20 01:30:00,1.08653,1.08654,1.08641,1.08643,131,11,0
2024-03-20 01:45:00,1.08643,1.08652,1.08642,1.0865,117,11,0
2024-03-20 02:00:00,1.0865,1.0866,1.08631,1.08636,318,11,0
2024-03-20 02:15:00,1.08636,1.08641,1.0863,1.08633,222,11,0
2024-03-20 02:30:00,1.08633,1.0865,1.08619,1.08646,331,11,0
2024-03-20 02:45:00,1.08646,1.0866,1.08611,1.08612,324,11,0
2024-03-20 03:00:00,1.08612,1.0861399999999999,1.08591,1.08598,508,11,0
2024-03-20 03:15:00,1.08599,1.08605,1.08576,1.08589,336,11,0
2024-03-20 03:30:00,1.08592,1.08625,1.08583,1.08622,256,11,0
2024-03-20 03:45:00,1.08622,1.08645,1.08601,1.08638,356,11,0
2024-03-20 04:00:00,1.08639,1.08644,1.08627,1.08633,387,11,0
2024-03-20 04:15:00,1.08633,1.0864,1.08623,1.08628,316,11,0
2024-03-20 04:30:00,1.08629,1.08635,1.08615,1.08628,363,11,0
2024-03-20 04:45:00,1.08628,1.08652,1.08627,1.08638,381,11,0
2024-03-20 05:00:00,1.08638,1.08643,1.08622,1.08641,292,11,0
2024-03-20 05:15:00,1.08641,1.08644,1.08626,1.08636,279,11,0
2024-03-20 05:30:00,1.08633,1.08653,1.08628,1.08652,269,11,0
2024-03-20 05:45:00,1.08652,1.08687,1.08646,1.08682,339,11,0
2024-03-20 06:00:00,1.08685,1.08704,1.08671,1.08685,310,11,0
2024-03-20 06:15:00,1.08685,1.08688,1.08673,1.0868,173,11,0
2024-03-20 06:30:00,1.0868,1.08692,1.08677,1.0868,161,11,0
2024-03-20 06:45:00,1.0868,1.08705,1.08679,1.08695,179,11,0
2024-03-20 07:00:00,1.08695,1.087,1.08683,1.08685,164,11,0
2024-03-20 07:15:00,1.08685,1.0869,1.08676,1.08681,218,11,0
2024-03-20 07:30:00,1.08681,1.08696,1.08677,1.08677,169,11,0
2024-03-20 07:45:00,1.08677,1.08681,1.08655,1.0866,496,11,0
2024-03-20 08:00:00,1.0866,1.08672,1.08656,1.08663,303,11,0
2024-03-20 08:15:00,1.08663,1.08663,1.08648,1.08659,292,11,0
2024-03-20 08:30:00,1.0866,1.08679,1.08659,1.08672,322,11,0
2024-03-20 08:45:00,1.08672,1.08676,1.08651,1.08653,253,11,0
2024-03-20 09:00:00,1.08653,1.08681,1.08646,1.0867499999999999,317,11,0
2024-03-20 09:15:00,1.0867499999999999,1.08686,1.08664,1.08666,312,11,0
2024-03-20 09:30:00,1.08666,1.08691,1.08664,1.08679,291,11,0
2024-03-20 09:45:00,1.08678,1.08702,1.08672,1.08697,288,11,0
2024-03-20 10:00:00,1.08698,1.08716,1.08655,1.08714,882,11,0
2024-03-20 10:15:00,1.08714,1.08714,1.08667,1.08686,693,11,0
2024-03-20 10:30:00,1.08686,1.08706,1.08672,1.08677,709,11,0
2024-03-20 10:45:00,1.08677,1.08679,1.08643,1.0865,573,11,0
2024-03-20 11:00:00,1.08649,1.08649,1.08556,1.08562,873,11,0
2024-03-20 11:15:00,1.08562,1.08589,1.08541,1.08568,635,11,0
2024-03-20 11:30:00,1.08568,1.0857,1.08519,1.08529,464,11,0
2024-03-20 11:45:00,1.08529,1.08529,1.08495,1.08517,647,11,0
2024-03-20 12:00:00,1.08516,1.08519,1.08381,1.0839,879,11,0
2024-03-20 12:15:00,1.08392,1.08439,1.08391,1.08434,1002,11,0
2024-03-20 12:30:00,1.08434,1.08446,1.08405,1.08417,638,11,0
2024-03-20 12:45:00,1.08418,1.08418,1.08359,1.08386,796,11,0
2024-03-20 13:00:00,1.08386,1.08415,1.08357,1.08414,957,11,0
2024-03-20 13:15:00,1.08414,1.08419,1.0838700000000001,1.08418,611,11,0
2024-03-20 13:30:00,1.08422,1.08423,1.08378,1.08385,516,11,0
2024-03-20 13:45:00,1.08384,1.08408,1.08383,1.08391,545,11,0
2024-03-20 14:00:00,1.08391,1.08427,1.0838700000000001,1.08416,566,11,0
2024-03-20 14:15:00,1.08416,1.0842,1.08366,1.08403,527,11,0
2024-03-20 14:30:00,1.08403,1.08427,1.08396,1.08417,763,11,0
2024-03-20 14:45:00,1.08417,1.08432,1.08403,1.08421,541,11,0
2024-03-20 15:00:00,1.08422,1.08441,1.08397,1.08412,704,11,0
2024-03-20 15:15:00,1.08412,1.08428,1.08401,1.08423,623,11,0
2024-03-20 15:30:00,1.08423,1.08426,1.08373,1.08404,516,11,0
2024-03-20 15:45:00,1.08404,1.08445,1.08395,1.08417,856,11,0
2024-03-20 16:00:00,1.08417,1.08451,1.08396,1.08445,607,11,0
2024-03-20 16:15:00,1.08444,1.08449,1.08396,1.08398,565,11,0
2024-03-20 16:30:00,1.08399,1.08406,1.08366,1.08398,898,11,0
2024-03-20 16:45:00,1.08397,1.0845,1.08389,1.08441,781,11,0
2024-03-20 17:00:00,1.08441,1.08502,1.08432,1.08501,827,11,0
2024-03-20 17:15:00,1.08501,1.08509,1.08472,1.08488,751,11,0
2024-03-20 17:30:00,1.08487,1.08502,1.0847,1.08479,553,11,0
2024-03-20 17:45:00,1.08478,1.08498,1.08473,1.0849199999999999,595,11,0
2024-03-20 18:00:00,1.08493,1.08525,1.08483,1.08525,547,11,0
2024-03-20 18:15:00,1.08524,1.08557,1.08523,1.08542,534,11,0
2024-03-20 18:30:00,1.0854,1.08552,1.08519,1.0852,499,11,0
2024-03-20 18:45:00,1.0852,1.08549,1.08506,1.0854,695,11,0
2024-03-20 19:00:00,1.0854,1.08582,1.08529,1.0857,549,11,0
2024-03-20 19:15:00,1.0857,1.08579,1.0855299999999999,1.08576,449,11,0
2024-03-20 19:30:00,1.08575,1.08578,1.08554,1.08573,438,11,0
2024-03-20 19:45:00,1.08573,1.08606,1.08565,1.08602,496,11,0
2024-03-20 20:00:00,1.08602,1.08618,1.0858,1.08606,547,11,0
2024-03-20 20:15:00,1.08606,1.08643,1.08606,1.08636,463,11,0
2024-03-20 20:30:00,1.08636,1.08643,1.08615,1.08635,378,11,0
2024-03-20 20:45:00,1.08635,1.08663,1.08631,1.08643,670,11,0
2024-03-20 21:00:00,1.08641,1.08932,1.08601,1.08751,4623,15,0
2024-03-20 21:15:00,1.08751,1.08814,1.08692,1.08808,2939,15,0
2024-03-20 21:30:00,1.08807,1.08955,1.08651,1.08926,4737,15,0
2024-03-20 21:45:00,1.08931,1.09169,1.08931,1.09134,4103,16,0
2024-03-20 22:00:00,1.0913599999999999,1.09143,1.09021,1.09047,3083,15,0
2024-03-20 22:15:00,1.09047,1.09155,1.09013,1.09152,2372,14,0
2024-03-20 22:30:00,1.09151,1.0922,1.0914,1.09191,1496,13,0
2024-03-20 22:45:00,1.09192,1.09221,1.09151,1.09202,1346,11,0
2024-03-20 23:00:00,1.09203,1.09212,1.09179,1.09202,598,11,0
2024-03-20 23:15:00,1.09202,1.09213,1.09185,1.09198,434,11,0
2024-03-20 23:30:00,1.09198,1.09215,1.09195,1.09212,270,11,0
2024-03-20 23:45:00,1.09212,1.09222,1.09203,1.0922,362,11,0
2024-03-21 00:00:00,1.09152,1.09209,1.09152,1.09201,217,15,0
2024-03-21 00:15:00,1.0919699999999999,1.09219,1.09184,1.09209,143,14,0
2024-03-21 00:30:00,1.09209,1.09218,1.09191,1.09208,250,11,0
2024-03-21 00:45:00,1.09206,1.09224,1.09156,1.09206,658,15,0
2024-03-21 01:00:00,1.09211,1.09291,1.09203,1.0929,208,11,0
2024-03-21 01:15:00,1.0929,1.09302,1.09271,1.09298,319,11,0
2024-03-21 01:30:00,1.09298,1.09308,1.09295,1.09304,366,11,0
2024-03-21 01:45:00,1.09304,1.09318,1.09298,1.09316,353,11,0
2024-03-21 02:00:00,1.09318,1.0931899999999999,1.09286,1.09313,486,11,0
2024-03-21 02:15:00,1.09313,1.0935,1.0930900000000001,1.09344,524,11,0
2024-03-21 02:30:00,1.09345,1.09365,1.09341,1.09365,339,11,0
2024-03-21 02:45:00,1.09365,1.0937000000000001,1.09352,1.09368,323,11,0
2024-03-21 03:00:00,1.09367,1.09369,1.09321,1.09355,877,11,0
2024-03-21 03:15:00,1.09355,1.09367,1.0931,1.09313,646,11,0
2024-03-21 03:30:00,1.09313,1.09359,1.093,1.09333,1087,11,0
2024-03-21 03:45:00,1.09333,1.09341,1.09307,1.09329,1153,11,0
2024-03-21 04:00:00,1.09329,1.09373,1.09325,1.09362,1156,11,0
2024-03-21 04:15:00,1.09362,1.09385,1.09347,1.09363,932,11,0
2024-03-21 04:30:00,1.09364,1.09369,1.09327,1.09348,585,11,0
2024-03-21 04:45:00,1.09348,1.09369,1.09335,1.09347,442,11,0
2024-03-21 05:00:00,1.09347,1.09361,1.09326,1.09359,391,11,0
2024-03-21 05:15:00,1.09359,1.0936,1.09321,1.09337,475,11,0
2024-03-21 05:30:00,1.09338,1.09367,1.09333,1.0936,343,11,0
2024-03-21 05:45:00,1.0936,1.09362,1.09334,1.09347,292,11,0
2024-03-21 06:00:00,1.09347,1.09364,1.09338,1.0934,324,11,0
2024-03-21 06:15:00,1.0934,1.09346,1.09331,1.09343,424,11,0
2024-03-21 06:30:00,1.09343,1.09352,1.09331,1.09348,339,11,0
2024-03-21 06:45:00,1.09346,1.09348,1.0933,1.09343,332,11,0
2024-03-21 07:00:00,1.09343,1.09347,1.09331,1.09339,274,11,0
2024-03-21 07:15:00,1.09339,1.09342,1.09332,1.0934,200,11,0
2024-03-21 07:30:00,1.0934,1.09348,1.09321,1.09328,277,11,0
2024-03-21 07:45:00,1.09328,1.09345,1.09324,1.09324,263,11,0
2024-03-21 08:00:00,1.09325,1.09344,1.0931899999999999,1.09342,356,11,0
2024-03-21 08:15:00,1.09342,1.0935,1.09332,1.09333,351,11,0
2024-03-21 08:30:00,1.09333,1.09362,1.09331,1.09343,476,11,0
2024-03-21 08:45:00,1.09343,1.09345,1.0930900000000001,1.09312,409,11,0
2024-03-21 09:00:00,1.09312,1.09369,1.09312,1.09363,451,11,0
2024-03-21 09:15:00,1.09364,1.09377,1.09346,1.09354,467,11,0
2024-03-21 09:30:00,1.09353,1.09368,1.09344,1.09347,295,11,0
2024-03-21 09:45:00,1.09347,1.09373,1.09342,1.09373,375,11,0
2024-03-21 10:00:00,1.09372,1.09421,1.09366,1.09391,601,11,0
2024-03-21 10:15:00,1.09391,1.09391,1.09328,1.09368,642,11,0
2024-03-21 10:30:00,1.09368,1.09376,1.09299,1.093,933,11,0
2024-03-21 10:45:00,1.093,1.09306,1.09249,1.09283,729,11,0
2024-03-21 11:00:00,1.09283,1.09283,1.09193,1.09199,1168,11,0
2024-03-21 11:15:00,1.09199,1.09199,1.09042,1.09125,1247,11,0
2024-03-21 11:30:00,1.09108,1.09109,1.08925,1.08963,2739,15,0
2024-03-21 11:45:00,1.08963,1.08963,1.08865,1.0890900000000001,1707,11,0
2024-03-21 12:00:00,1.0892,1.0895,1.08884,1.08935,1383,11,0
2024-03-21 12:15:00,1.08934,1.09028,1.08923,1.0902,981,11,0
2024-03-21 12:30:00,1.09016,1.09081,1.08989,1.09077,1364,11,0
2024-03-21 12:45:00,1.09077,1.09141,1.09062,1.09124,1123,11,0
2024-03-21 13:00:00,1.09125,1.09216,1.09117,1.09213,903,11,0
2024-03-21 13:15:00,1.09213,1.09229,1.09171,1.09186,826,11,0
2024-03-21 13:30:00,1.09186,1.09198,1.09148,1.09165,811,11,0
2024-03-21 13:45:00,1.09165,1.0919699999999999,1.09159,1.09187,729,11,0
2024-03-21 14:00:00,1.09187,1.09199,1.09133,1.09146,670,11,0
2024-03-21 14:15:00,1.09146,1.09161,1.09087,1.09097,622,11,0
2024-03-21 14:30:00,1.09097,1.09102,1.09058,1.09073,648,11,0
2024-03-21 14:45:00,1.09073,1.0909200000000001,1.09044,1.0909,694,11,0
2024-03-21 15:00:00,1.0909,1.09122,1.0905,1.09074,1503,11,0
2024-03-21 15:15:00,1.09074,1.09164,1.0907,1.09135,1124,11,0
2024-03-21 15:30:00,1.0913599999999999,1.09147,1.09029,1.0907499999999999,1838,11,0
2024-03-21 15:45:00,1.0907499999999999,1.09121,1.09052,1.0911,1068,11,0
2024-03-21 16:00:00,1.0911,1.09113,1.09026,1.09042,1175,11,0
2024-03-21 16:15:00,1.09042,1.09048,1.08935,1.0895,1074,11,0
2024-03-21 16:30:00,1.08951,1.09006,1.08935,1.08959,1528,11,0
2024-03-21 16:45:00,1.08956,1.08997,1.08835,1.08851,2397,11,0
2024-03-21 17:00:00,1.08833,1.08854,1.08744,1.08774,1877,11,0
2024-03-21 17:15:00,1.08774,1.08811,1.08721,1.08751,1632,11,0
2024-03-21 17:30:00,1.08755,1.08771,1.08699,1.08728,1639,11,0
2024-03-21 17:45:00,1.08728,1.08794,1.08727,1.08783,1294,11,0
2024-03-21 18:00:00,1.08784,1.08786,1.08663,1.08664,1450,11,0
2024-03-21 18:15:00,1.08664,1.08682,1.08613,1.08637,1125,11,0
2024-03-21 18:30:00,1.08637,1.08661,1.08587,1.08589,1052,11,0
2024-03-21 18:45:00,1.08589,1.08603,1.0855,1.08598,1352,11,0
2024-03-21 19:00:00,1.08597,1.08643,1.08576,1.08631,1224,11,0
2024-03-21 19:15:00,1.08631,1.08636,1.08578,1.08602,1151,11,0
2024-03-21 19:30:00,1.08602,1.08628,1.08587,1.08593,1023,11,0
2024-03-21 19:45:00,1.08593,1.0862,1.08584,1.08602,908,11,0
2024-03-21 20:00:00,1.08602,1.08652,1.08569,1.0865,778,11,0
2024-03-21 20:15:00,1.0865,1.08657,1.08571,1.08586,751,11,0
2024-03-21 20:30:00,1.08585,1.0860400000000001,1.08565,1.08566,637,11,0
2024-03-21 20:45:00,1.08566,1.08579,1.08554,1.08574,856,11,0
2024-03-21 21:00:00,1.08574,1.08589,1.08566,1.08583,629,11,0
2024-03-21 21:15:00,1.08583,1.08605,1.08575,1.0860400000000001,386,11,0
2024-03-21 21:30:00,1.086,1.08619,1.08585,1.08618,500,11,0
2024-03-21 21:45:00,1.08618,1.08626,1.08608,1.0862,481,11,0
2024-03-21 22:00:00,1.0862,1.08623,1.08585,1.08593,405,11,0
2024-03-21 22:15:00,1.08594,1.08594,1.08558,1.08577,554,11,0
2024-03-21 22:30:00,1.08575,1.08587,1.08562,1.08576,532,11,0
2024-03-21 22:45:00,1.08576,1.0858,1.08548,1.08561,459,11,0
2024-03-21 23:00:00,1.08562,1.08587,1.0856,1.08585,323,11,0
2024-03-21 23:15:00,1.08585,1.08585,1.08568,1.08568,141,11,0
2024-03-21 23:30:00,1.08567,1.08584,1.08567,1.08577,344,11,0
2024-03-21 23:45:00,1.08578,1.08594,1.08576,1.08593,278,11,0
2024-03-22 00:00:00,1.08517,1.08607,1.08517,1.08594,143,15,0
2024-03-22 00:15:00,1.08594,1.08602,1.08584,1.08602,251,13,0
2024-03-22 00:30:00,1.08601,1.08606,1.08573,1.08592,1106,15,0
2024-03-22 00:45:00,1.0859,1.08607,1.08583,1.08597,646,15,0
2024-03-22 01:00:00,1.08607,1.08618,1.08599,1.0860400000000001,208,11,0
2024-03-22 01:15:00,1.0860400000000001,1.08613,1.08602,1.08608,116,11,0
2024-03-22 01:30:00,1.08608,1.0862,1.08606,1.08613,103,11,0
2024-03-22 01:45:00,1.08613,1.08618,1.08608,1.08615,99,11,0
2024-03-22 02:00:00,1.08615,1.08615,1.08602,1.0861,210,11,0
2024-03-22 02:15:00,1.08609,1.08615,1.08602,1.08613,220,11,0
2024-03-22 02:30:00,1.08613,1.0862,1.08606,1.08618,265,11,0
2024-03-22 02:45:00,1.08617,1.08625,1.08611,1.08615,179,11,0
2024-03-22 03:00:00,1.08619,1.08638,1.08617,1.08634,258,11,0
2024-03-22 03:15:00,1.08635,1.0866500000000001,1.08631,1.08653,288,11,0
2024-03-22 03:30:00,1.08656,1.08676,1.08652,1.08659,368,11,0
2024-03-22 03:45:00,1.0866,1.0866,1.08636,1.08645,435,11,0
2024-03-22 04:00:00,1.08645,1.08648,1.08622,1.08647,432,11,0
2024-03-22 04:15:00,1.08647,1.08653,1.0860400000000001,1.08613,459,11,0
2024-03-22 04:30:00,1.08613,1.08613,1.08531,1.08535,825,11,0
2024-03-22 04:45:00,1.08535,1.08544,1.08493,1.085,1048,11,0
2024-03-22 05:00:00,1.085,1.08517,1.08475,1.08476,799,11,0
2024-03-22 05:15:00,1.08477,1.08493,1.08471,1.08476,671,11,0
2024-03-22 05:30:00,1.08476,1.08477,1.08413,1.08423,632,11,0
2024-03-22 05:45:00,1.08424,1.08433,1.08382,1.08386,661,11,0
2024-03-22 06:00:00,1.08385,1.08406,1.08359,1.08362,517,11,0
2024-03-22 06:15:00,1.08362,1.0839,1.08362,1.08373,352,11,0
2024-03-22 06:30:00,1.08374,1.08391,1.0835,1.08384,533,11,0
2024-03-22 06:45:00,1.08384,1.08397,1.08368,1.08372,462,11,0
2024-03-22 07:00:00,1.08372,1.08373,1.08331,1.08341,402,11,0
2024-03-22 07:15:00,1.08342,1.08352,1.08324,1.08328,352,11,0
2024-03-22 07:30:00,1.08328,1.08341,1.08319,1.08324,207,11,0
2024-03-22 07:45:00,1.08324,1.08328,1.08306,1.0832600000000001,312,11,0
2024-03-22 08:00:00,1.08327,1.08362,1.08325,1.08343,342,11,0
2024-03-22 08:15:00,1.08343,1.08355,1.08335,1.08348,423,11,0
2024-03-22 08:30:00,1.08349,1.08358,1.08336,1.08353,532,11,0
2024-03-22 08:45:00,1.08352,1.08415,1.08348,1.08409,644,11,0
2024-03-22 09:00:00,1.08404,1.08404,1.08364,1.08375,496,11,0
2024-03-22 09:15:00,1.08375,1.08384,1.08314,1.0832,473,11,0
2024-03-22 09:30:00,1.0832,1.08324,1.08271,1.08278,456,11,0
2024-03-22 09:45:00,1.08278,1.08307,1.08263,1.08298,599,11,0
2024-03-22 10:00:00,1.08299,1.08341,1.0829,1.08327,851,11,0
2024-03-22 10:15:00,1.08327,1.08329,1.08225,1.08228,795,11,0
2024-03-22 10:30:00,1.08228,1.08262,1.08206,1.0822,864,11,0
2024-03-22 10:45:00,1.0822,1.08247,1.08203,1.08243,768,11,0
2024-03-22 11:00:00,1.08242,1.08291,1.08173,1.08182,1028,11,0
2024-03-22 11:15:00,1.08183,1.08183,1.08128,1.08133,1048,11,0
2024-03-22 11:30:00,1.08133,1.08147,1.08075,1.0814,848,11,0
2024-03-22 11:45:00,1.08138,1.08148,1.08081,1.08111,979,11,0
2024-03-22 12:00:00,1.08112,1.08208,1.08112,1.08186,1541,11,0
2024-03-22 12:15:00,1.08186,1.08227,1.08186,1.08201,797,11,0
2024-03-22 12:30:00,1.08198,1.08198,1.08161,1.08169,749,11,0
2024-03-22 12:45:00,1.08169,1.0817,1.08137,1.08157,895,11,0
2024-03-22 13:00:00,1.08157,1.08179,1.08129,1.08168,844,11,0
2024-03-22 13:15:00,1.08169,1.08193,1.08162,1.08174,691,11,0
2024-03-22 13:30:00,1.08174,1.0821,1.08174,1.08192,751,11,0
2024-03-22 13:45:00,1.08192,1.08201,1.08146,1.08158,593,11,0
2024-03-22 14:00:00,1.0816,1.08218,1.08159,1.08207,682,11,0
2024-03-22 14:15:00,1.08207,1.08216,1.0818,1.08202,668,11,0
2024-03-22 14:30:00,1.08202,1.08215,1.08157,1.08163,780,11,0
2024-03-22 14:45:00,1.08164,1.08165,1.08109,1.08155,781,11,0
2024-03-22 15:00:00,1.08155,1.08205,1.08139,1.08186,1044,11,0
2024-03-22 15:15:00,1.08186,1.08268,1.08183,1.08258,1341,11,0
2024-03-22 15:30:00,1.08259,1.08292,1.08241,1.08292,1073,11,0
2024-03-22 15:45:00,1.08292,1.08307,1.08236,1.08258,1134,11,0
2024-03-22 16:00:00,1.08258,1.0826500000000001,1.08197,1.08226,869,11,0
2024-03-22 16:15:00,1.08228,1.0826,1.08203,1.0821,761,11,0
2024-03-22 16:30:00,1.08212,1.08253,1.08179,1.08229,1202,11,0
2024-03-22 16:45:00,1.08229,1.08292,1.08224,1.0829,880,11,0
2024-03-22 17:00:00,1.0829,1.08312,1.0822,1.08221,1262,11,0
2024-03-22 17:15:00,1.08221,1.08224,1.08166,1.0819,713,11,0
2024-03-22 17:30:00,1.0819,1.08192,1.08157,1.08169,651,11,0
2024-03-22 17:45:00,1.08169,1.08185,1.08142,1.08145,669,11,0
2024-03-22 18:00:00,1.08145,1.08201,1.08138,1.08192,670,11,0
2024-03-22 18:15:00,1.08192,1.08213,1.08169,1.08195,788,11,0
2024-03-22 18:30:00,1.08195,1.08196,1.08136,1.0814,722,11,0
2024-03-22 18:45:00,1.0814,1.08158,1.08098,1.08153,866,11,0
2024-03-22 19:00:00,1.08152,1.08164,1.08113,1.08117,1066,11,0
2024-03-22 19:15:00,1.08117,1.08118,1.08067,1.08098,597,11,0
2024-03-22 19:30:00,1.08098,1.08105,1.08072,1.0808,512,11,0
2024-03-22 19:45:00,1.08081,1.08081,1.08051,1.08053,486,11,0
2024-03-22 20:00:00,1.08053,1.08102,1.08047,1.08053,591,11,0
2024-03-22 20:15:00,1.08053,1.08081,1.0805,1.08069,441,11,0
2024-03-22 20:30:00,1.08069,1.08071,1.08044,1.08062,357,11,0
2024-03-22 20:45:00,1.08062,1.08067,1.08042,1.08054,371,11,0
2024-03-22 21:00:00,1.08054,1.08069,1.0804,1.08067,366,11,0
2024-03-22 21:15:00,1.08067,1.08071,1.0805,1.08064,269,11,0
2024-03-22 21:30:00,1.08064,1.08066,1.08044,1.08048,333,11,0
2024-03-22 21:45:00,1.08049,1.08064,1.08035,1.08035,324,11,0
2024-03-22 22:00:00,1.08035,1.08037,1.08018,1.08022,284,11,0
2024-03-22 22:15:00,1.08022,1.08023,1.08012,1.0802100000000001,214,11,0
2024-03-22 22:30:00,1.0802100000000001,1.08042,1.08016,1.0804,306,11,0
2024-03-22 22:45:00,1.08041,1.08063,1.08034,1.08052,319,11,0
2024-03-22 23:00:00,1.08052,1.08079,1.08044,1.08078,319,11,0
2024-03-22 23:15:00,1.08078,1.08087,1.08076,1.08084,202,11,0
2024-03-22 23:30:00,1.08084,1.08092,1.08077,1.08079,158,11,0
2024-03-22 23:45:00,1.08079,1.08093,1.08075,1.08078,307,11,0
2024-03-25 00:00:00,1.08077,1.08078,1.08059,1.08077,67,23,0
2024-03-25 00:15:00,1.08077,1.0808200000000001,1.08069,1.0808200000000001,49,19,0
2024-03-25 00:30:00,1.0808200000000001,1.08097,1.08075,1.08081,32,15,0
2024-03-25 00:45:00,1.08081,1.08098,1.08052,1.08077,76,15,0
2024-03-25 01:00:00,1.08077,1.08078,1.08043,1.08074,148,11,0
2024-03-25 01:15:00,1.08074,1.08076,1.08063,1.0806499999999999,105,11,0
2024-03-25 01:30:00,1.0806499999999999,1.08072,1.08064,1.08066,84,11,0
2024-03-25 01:45:00,1.08064,1.08083,1.08057,1.08081,163,11,0
2024-03-25 02:00:00,1.0808,1.08092,1.08062,1.08091,334,11,0
2024-03-25 02:15:00,1.08092,1.08095,1.08075,1.08077,296,11,0
2024-03-25 02:30:00,1.08077,1.08085,1.08067,1.08071,201,11,0
2024-03-25 02:45:00,1.0807,1.08085,1.08062,1.0806499999999999,254,11,0
2024-03-25 03:00:00,1.0806499999999999,1.08092,1.08063,1.08078,511,11,0
2024-03-25 03:15:00,1.08078,1.08078,1.08022,1.08025,309,11,0
2024-03-25 03:30:00,1.08025,1.08039,1.0802,1.08031,481,11,0
2024-03-25 03:45:00,1.08031,1.08037,1.08019,1.0803,497,11,0
2024-03-25 04:00:00,1.0803,1.08036,1.08014,1.0802,457,11,0
2024-03-25 04:15:00,1.0802,1.08141,1.0802,1.08127,1341,11,0
2024-03-25 04:30:00,1.0812599999999999,1.08196,1.08108,1.08164,1125,13,0
2024-03-25 04:45:00,1.08164,1.08179,1.08151,1.08164,492,11,0
2024-03-25 05:00:00,1.08165,1.0818699999999999,1.08151,1.0818,579,11,0
2024-03-25 05:15:00,1.0818,1.08181,1.08152,1.08167,456,11,0
2024-03-25 05:30:00,1.08167,1.08208,1.08163,1.08202,560,11,0
2024-03-25 05:45:00,1.08202,1.08217,1.08196,1.0821,423,11,0
2024-03-25 06:00:00,1.0821,1.08212,1.08176,1.08186,373,11,0
2024-03-25 06:15:00,1.08186,1.08193,1.08156,1.08156,657,11,0
2024-03-25 06:30:00,1.08156,1.08164,1.08117,1.08123,424,11,0
2024-03-25 06:45:00,1.08123,1.0814,1.0811,1.08129,400,11,0
2024-03-25 07:00:00,1.08128,1.08136,1.08113,1.08118,321,11,0
2024-03-25 07:15:00,1.08118,1.08121,1.081,1.08116,350,11,0
2024-03-25 07:30:00,1.08116,1.08135,1.08109,1.08127,242,11,0
2024-03-25 07:45:00,1.08127,1.08135,1.08114,1.0812599999999999,427,11,0
2024-03-25 08:00:00,1.08127,1.08141,1.08118,1.08139,312,11,0
2024-03-25 08:15:00,1.08141,1.08152,1.08133,1.0814300000000001,493,11,0
2024-03-25 08:30:00,1.08144,1.0817,1.0814,1.08168,207,11,0
2024-03-25 08:45:00,1.08168,1.08218,1.0814300000000001,1.08216,552,11,0
2024-03-25 09:00:00,1.08216,1.08216,1.0817,1.0818699999999999,678,11,0
2024-03-25 09:15:00,1.0818699999999999,1.08191,1.08167,1.08188,515,11,0
2024-03-25 09:30:00,1.0818699999999999,1.0818699999999999,1.08163,1.08176,342,11,0
2024-03-25 09:45:00,1.08177,1.0818,1.08158,1.0817,293,11,0
2024-03-25 10:00:00,1.0817,1.082,1.08144,1.08199,472,11,0
2024-03-25 10:15:00,1.08199,1.08199,1.08174,1.08179,493,11,0
2024-03-25 10:30:00,1.08179,1.08225,1.08158,1.08217,509,11,0
2024-03-25 10:45:00,1.08217,1.08223,1.08131,1.08131,590,11,0
2024-03-25 11:00:00,1.08132,1.08207,1.08111,1.08206,660,11,0
2024-03-25 11:15:00,1.08206,1.08232,1.08177,1.0818699999999999,580,11,0
2024-03-25 11:30:00,1.08188,1.08198,1.08066,1.08069,775,11,0
2024-03-25 11:45:00,1.08069,1.0814300000000001,1.08068,1.08133,591,11,0
2024-03-25 12:00:00,1.08133,1.08155,1.0811,1.08145,440,11,0
2024-03-25 12:15:00,1.08144,1.08186,1.08132,1.08168,420,11,0
2024-03-25 12:30:00,1.08168,1.08194,1.08146,1.08189,447,11,0
2024-03-25 12:45:00,1.08189,1.08211,1.08163,1.08172,570,11,0
2024-03-25 13:00:00,1.08171,1.08197,1.08161,1.08185,502,11,0
2024-03-25 13:15:00,1.08185,1.08213,1.08178,1.08192,440,11,0
2024-03-25 13:30:00,1.08191,1.08196,1.08169,1.08175,533,11,0
2024-03-25 13:45:00,1.08174,1.08191,1.08158,1.08175,465,11,0
2024-03-25 14:00:00,1.08172,1.082,1.08159,1.08196,392,11,0
2024-03-25 14:15:00,1.08196,1.08226,1.0818699999999999,1.08224,431,11,0
2024-03-25 14:30:00,1.08224,1.0825,1.08219,1.08246,455,11,0
2024-03-25 14:45:00,1.08246,1.08291,1.08241,1.0828,483,11,0
2024-03-25 15:00:00,1.0828,1.08306,1.08275,1.08283,707,11,0
2024-03-25 15:15:00,1.08283,1.08317,1.0828,1.0831,580,11,0
2024-03-25 15:30:00,1.0830899999999999,1.08334,1.08296,1.08333,573,11,0
2024-03-25 15:45:00,1.08333,1.08335,1.08298,1.08302,730,11,0
2024-03-25 16:00:00,1.08301,1.0836999999999999,1.08291,1.08364,751,11,0
2024-03-25 16:15:00,1.08365,1.08368,1.08287,1.08289,626,11,0
2024-03-25 16:30:00,1.08288,1.08369,1.08287,1.08349,754,11,0
2024-03-25 16:45:00,1.08349,1.08374,1.08343,1.08347,650,11,0
2024-03-25 17:00:00,1.08346,1.08386,1.08334,1.08385,836,11,0
2024-03-25 17:15:00,1.0839,1.0842,1.08381,1.08408,634,11,0
2024-03-25 17:30:00,1.08408,1.08409,1.08357,1.08364,700,11,0
2024-03-25 17:45:00,1.08364,1.08395,1.08363,1.08385,797,11,0
2024-03-25 18:00:00,1.08386,1.08386,1.08311,1.08328,602,11,0
2024-03-25 18:15:00,1.08328,1.08344,1.08317,1.08327,463,11,0
2024-03-25 18:30:00,1.0832600000000001,1.08369,1.08325,1.08365,507,11,0
2024-03-25 18:45:00,1.08364,1.08384,1.0835,1.08362,657,11,0
2024-03-25 19:00:00,1.08362,1.0836999999999999,1.0832600000000001,1.08349,599,11,0
2024-03-25 19:15:00,1.08349,1.08366,1.08335,1.08365,538,11,0
2024-03-25 19:30:00,1.08366,1.08375,1.08342,1.08365,355,11,0
2024-03-25 19:45:00,1.08365,1.08366,1.0835,1.08362,444,11,0
2024-03-25 20:00:00,1.08362,1.08369,1.08341,1.08346,520,11,0
2024-03-25 20:15:00,1.08346,1.08365,1.0832600000000001,1.08365,494,11,0
2024-03-25 20:30:00,1.08365,1.08373,1.08355,1.08367,279,11,0
2024-03-25 20:45:00,1.08367,1.08371,1.08351,1.0836,383,11,0
2024-03-25 21:00:00,1.08359,1.08366,1.08344,1.08349,426,11,0
2024-03-25 21:15:00,1.08349,1.08364,1.08347,1.08361,277,11,0
2024-03-25 21:30:00,1.08362,1.08363,1.08356,1.08357,326,11,0
2024-03-25 21:45:00,1.08357,1.08364,1.0835,1.08354,397,11,0
2024-03-25 22:00:00,1.08355,1.08374,1.0835,1.08359,527,11,0
2024-03-25 22:15:00,1.08359,1.08385,1.08359,1.08384,429,11,0
2024-03-25 22:30:00,1.08384,1.08395,1.08381,1.08391,274,11,0
2024-03-25 22:45:00,1.08391,1.08394,1.08383,1.08386,328,11,0
2024-03-25 23:00:00,1.08386,1.08389,1.08381,1.08385,147,11,0
2024-03-25 23:15:00,1.08385,1.08403,1.08379,1.08385,204,11,0
2024-03-25 23:30:00,1.08384,1.08388,1.08366,1.08372,190,11,0
2024-03-25 23:45:00,1.08373,1.08373,1.0835,1.08362,259,11,0
2024-03-26 00:00:00,1.08354,1.08371,1.08349,1.08369,65,15,0
2024-03-26 00:15:00,1.08369,1.08369,1.0832,1.08355,547,15,0
2024-03-26 00:30:00,1.08355,1.08366,1.08338,1.08355,3021,17,0
2024-03-26 00:45:00,1.08355,1.08371,1.08341,1.08358,758,15,0
2024-03-26 01:00:00,1.0836,1.08379,1.0836,1.08365,155,11,0
2024-03-26 01:15:00,1.08365,1.08367,1.08362,1.08363,91,11,0
2024-03-26 01:30:00,1.08364,1.08375,1.08363,1.08373,129,11,0
2024-03-26 01:45:00,1.08373,1.08376,1.08363,1.08366,115,11,0
2024-03-26 02:00:00,1.08366,1.08379,1.08357,1.08368,184,11,0
2024-03-26 02:15:00,1.08368,1.08375,1.08357,1.08371,109,11,0
2024-03-26 02:30:00,1.08371,1.08376,1.08369,1.08375,110,11,0
2024-03-26 02:45:00,1.08375,1.0838,1.08361,1.08366,165,11,0
2024-03-26 03:00:00,1.08366,1.0838,1.08355,1.08365,266,11,0
2024-03-26 03:15:00,1.08365,1.08381,1.08358,1.08379,220,11,0
2024-03-26 03:30:00,1.08379,1.084,1.08374,1.08395,230,11,0
2024-03-26 03:45:00,1.08396,1.08424,1.08394,1.08422,344,11,0
2024-03-26 04:00:00,1.08422,1.08425,1.08396,1.08416,290,11,0
2024-03-26 04:15:00,1.08416,1.08447,1.08394,1.08412,771,11,0
2024-03-26 04:30:00,1.08412,1.08417,1.08389,1.08398,644,11,0
2024-03-26 04:45:00,1.08398,1.08407,1.0838,1.084,487,11,0
2024-03-26 05:00:00,1.08401,1.08412,1.08393,1.08407,344,11,0
2024-03-26 05:15:00,1.08407,1.08432,1.08407,1.08432,217,11,0
2024-03-26 05:30:00,1.08432,1.08439,1.08419,1.08426,367,11,0
2024-03-26 05:45:00,1.08426,1.0843099999999999,1.08411,1.08421,354,11,0
2024-03-26 06:00:00,1.08421,1.08438,1.08401,1.08401,209,11,0
2024-03-26 06:15:00,1.08401,1.08418,1.084,1.08408,272,11,0
2024-03-26 06:30:00,1.08408,1.08411,1.08351,1.08353,370,11,0
2024-03-26 06:45:00,1.08353,1.08367,1.08353,1.08361,182,11,0
2024-03-26 07:00:00,1.08361,1.0838,1.08359,1.08378,269,11,0
2024-03-26 07:15:00,1.08378,1.08397,1.08369,1.08392,251,11,0
2024-03-26 07:30:00,1.08392,1.08403,1.08384,1.08393,282,11,0
2024-03-26 07:45:00,1.08393,1.08408,1.0838700000000001,1.08397,198,11,0
2024-03-26 08:00:00,1.08397,1.0842,1.08392,1.0842,307,11,0
2024-03-26 08:15:00,1.0842,1.0843,1.08409,1.08427,204,11,0
2024-03-26 08:30:00,1.08427,1.08441,1.08423,1.0844,331,11,0
2024-03-26 08:45:00,1.0844,1.08477,1.08439,1.08467,288,11,0
2024-03-26 09:00:00,1.08467,1.08489,1.08464,1.08481,276,11,0
2024-03-26 09:15:00,1.08481,1.0849199999999999,1.08456,1.08491,374,11,0
2024-03-26 09:30:00,1.0849199999999999,1.08515,1.0849,1.08496,379,11,0
2024-03-26 09:45:00,1.08496,1.08512,1.0848,1.08502,270,11,0
2024-03-26 10:00:00,1.08502,1.08524,1.08483,1.08503,527,11,0
2024-03-26 10:15:00,1.08503,1.08503,1.08458,1.0847,473,11,0
2024-03-26 10:30:00,1.0847,1.08489,1.0842,1.0844,789,11,0
2024-03-26 10:45:00,1.0844,1.0845,1.08392,1.08418,764,11,0
2024-03-26 11:00:00,1.08418,1.08425,1.0838,1.08405,1031,11,0
2024-03-26 11:15:00,1.08406,1.08456,1.08394,1.08452,898,11,0
2024-03-26 11:30:00,1.08451,1.08511,1.08451,1.0849,724,11,0
2024-03-26 11:45:00,1.08489,1.08499,1.08447,1.08491,674,11,0
2024-03-26 12:00:00,1.0849,1.085,1.08455,1.08467,988,11,0
2024-03-26 12:15:00,1.08467,1.0853,1.08449,1.08527,762,11,0
2024-03-26 12:30:00,1.08527,1.08552,1.08507,1.08518,846,11,0
2024-03-26 12:45:00,1.08518,1.08545,1.08512,1.08532,785,11,0
2024-03-26 13:00:00,1.08532,1.0859,1.08521,1.08582,771,11,0
2024-03-26 13:15:00,1.08582,1.08615,1.08567,1.0861399999999999,717,11,0
2024-03-26 13:30:00,1.0861399999999999,1.08638,1.08582,1.08589,655,11,0
2024-03-26 13:45:00,1.08589,1.08589,1.08544,1.08548,701,11,0
2024-03-26 14:00:00,1.08547,1.08587,1.08533,1.08557,631,11,0
2024-03-26 14:15:00,1.08557,1.08564,1.08526,1.08542,634,11,0
2024-03-26 14:30:00,1.08542,1.08593,1.08542,1.08578,654,11,0
2024-03-26 14:45:00,1.08577,1.08594,1.08561,1.08563,729,11,0
2024-03-26 15:00:00,1.08563,1.08577,1.08548,1.08576,603,11,0
2024-03-26 15:15:00,1.08576,1.08589,1.08485,1.08509,797,11,0
2024-03-26 15:30:00,1.08512,1.08557,1.08488,1.08503,1178,11,0
2024-03-26 15:45:00,1.08503,1.08527,1.08481,1.08515,987,11,0
2024-03-26 16:00:00,1.08515,1.0858,1.08505,1.0857,922,11,0
2024-03-26 16:15:00,1.0857,1.08581,1.08498,1.08519,711,11,0
2024-03-26 16:30:00,1.08521,1.08528,1.08463,1.085,917,11,0
2024-03-26 16:45:00,1.085,1.08532,1.08474,1.08524,812,11,0
2024-03-26 17:00:00,1.0852,1.0854300000000001,1.08474,1.0848,1071,11,0
2024-03-26 17:15:00,1.0848,1.0848200000000001,1.08407,1.08417,873,11,0
2024-03-26 17:30:00,1.08417,1.08456,1.08372,1.08424,896,11,0
2024-03-26 17:45:00,1.08423,1.08428,1.08376,1.08406,822,11,0
2024-03-26 18:00:00,1.08406,1.08411,1.08361,1.08369,625,11,0
2024-03-26 18:15:00,1.08369,1.08438,1.08363,1.08408,583,11,0
2024-03-26 18:30:00,1.08409,1.0841,1.08323,1.08325,779,11,0
2024-03-26 18:45:00,1.0832600000000001,1.08363,1.08247,1.08277,1462,11,0
2024-03-26 19:00:00,1.08277,1.08317,1.0827,1.08284,924,11,0
2024-03-26 19:15:00,1.08283,1.0829,1.08236,1.08275,505,11,0
2024-03-26 19:30:00,1.08275,1.08293,1.08272,1.08287,476,11,0
2024-03-26 19:45:00,1.08287,1.08317,1.08276,1.08276,548,11,0
2024-03-26 20:00:00,1.08276,1.08343,1.08261,1.08343,676,11,0
2024-03-26 20:15:00,1.08343,1.08344,1.08318,1.08337,323,11,0
2024-03-26 20:30:00,1.08337,1.08352,1.08327,1.08327,324,11,0
2024-03-26 20:45:00,1.08327,1.08328,1.08298,1.083,397,11,0
2024-03-26 21:00:00,1.083,1.08316,1.08292,1.08294,376,11,0
2024-03-26 21:15:00,1.08294,1.08328,1.08293,1.0832600000000001,310,11,0
2024-03-26 21:30:00,1.08327,1.08343,1.08321,1.08343,448,11,0
2024-03-26 21:45:00,1.08343,1.08343,1.08313,1.08323,426,11,0
2024-03-26 22:00:00,1.08323,1.08344,1.08315,1.08336,253,11,0
2024-03-26 22:15:00,1.08336,1.08344,1.0832600000000001,1.0832600000000001,207,11,0
2024-03-26 22:30:00,1.08327,1.08336,1.08311,1.08331,469,11,0
2024-03-26 22:45:00,1.08331,1.08335,1.08278,1.08278,574,11,0
2024-03-26 23:00:00,1.08279,1.08298,1.08278,1.08289,309,11,0
2024-03-26 23:15:00,1.08289,1.08303,1.08288,1.08301,129,11,0
2024-03-26 23:30:00,1.08301,1.0831,1.08293,1.08295,324,11,0
2024-03-26 23:45:00,1.08295,1.08313,1.08291,1.08308,261,11,0
2024-03-27 00:00:00,1.08297,1.08314,1.08286,1.0831,71,14,0
2024-03-27 00:15:00,1.0831,1.08318,1.08301,1.08315,168,15,0
2024-03-27 00:30:00,1.08316,1.08319,1.0830899999999999,1.08318,185,14,0
2024-03-27 00:45:00,1.08318,1.08319,1.08305,1.08316,376,15,0
2024-03-27 01:00:00,1.08324,1.08329,1.08311,1.08317,154,11,0
2024-03-27 01:15:00,1.08315,1.08322,1.08315,1.08317,101,11,0
2024-03-27 01:30:00,1.08318,1.08322,1.08314,1.08321,171,11,0
2024-03-27 01:45:00,1.08321,1.08324,1.08318,1.08322,88,11,0
2024-03-27 02:00:00,1.08322,1.08327,1.08319,1.08327,171,11,0
2024-03-27 02:15:00,1.08327,1.08327,1.08303,1.08304,170,11,0
2024-03-27 02:30:00,1.08305,1.08321,1.08297,1.08321,170,11,0
2024-03-27 02:45:00,1.08321,1.08323,1.08307,1.0832,215,11,0
2024-03-27 03:00:00,1.0832,1.08322,1.0830899999999999,1.08316,359,11,0
2024-03-27 03:15:00,1.08315,1.08316,1.08279,1.08295,327,11,0
2024-03-27 03:30:00,1.08295,1.08295,1.08267,1.08288,403,11,0
2024-03-27 03:45:00,1.08288,1.08305,1.08281,1.0829,384,11,0
2024-03-27 04:00:00,1.08289,1.08299,1.08284,1.08298,418,11,0
2024-03-27 04:15:00,1.08299,1.08304,1.0823,1.0824,547,11,0
2024-03-27 04:30:00,1.0824,1.08244,1.08198,1.08218,761,11,0
2024-03-27 04:45:00,1.08218,1.0823,1.08207,1.08227,547,11,0
2024-03-27 05:00:00,1.08228,1.08246,1.08227,1.08244,457,11,0
2024-03-27 05:15:00,1.08243,1.08246,1.08233,1.08245,315,11,0
2024-03-27 05:30:00,1.08245,1.08271,1.08241,1.08252,526,11,0
2024-03-27 05:45:00,1.08253,1.08273,1.0824799999999999,1.08253,398,11,0
2024-03-27 06:00:00,1.08252,1.08263,1.08235,1.08253,533,11,0
2024-03-27 06:15:00,1.08254,1.08274,1.08245,1.08266,648,11,0
2024-03-27 06:30:00,1.08266,1.08271,1.08244,1.08257,559,11,0
2024-03-27 06:45:00,1.08257,1.08266,1.0825,1.08257,306,11,0
2024-03-27 07:00:00,1.08258,1.08288,1.08258,1.08286,260,11,0
2024-03-27 07:15:00,1.08286,1.08295,1.08281,1.08291,206,11,0
2024-03-27 07:30:00,1.08291,1.08296,1.08284,1.0829,257,11,0
2024-03-27 07:45:00,1.08291,1.08299,1.08287,1.08295,206,11,0
2024-03-27 08:00:00,1.08294,1.08294,1.08279,1.0828,333,11,0
2024-03-27 08:15:00,1.08281,1.08281,1.08267,1.08273,224,11,0
2024-03-27 08:30:00,1.08273,1.08288,1.08272,1.08279,341,11,0
2024-03-27 08:45:00,1.08278,1.08287,1.0824799999999999,1.08258,332,11,0
2024-03-27 09:00:00,1.08258,1.08293,1.08241,1.08279,422,11,0
2024-03-27 09:15:00,1.08279,1.0829,1.08244,1.08256,431,11,0
2024-03-27 09:30:00,1.08256,1.08287,1.08254,1.08286,323,11,0
2024-03-27 09:45:00,1.08286,1.08321,1.08286,1.08316,435,11,0
2024-03-27 10:00:00,1.08316,1.08316,1.08278,1.08293,538,11,0
2024-03-27 10:15:00,1.08293,1.08332,1.08258,1.08269,612,11,0
2024-03-27 10:30:00,1.08269,1.08289,1.08235,1.08256,850,11,0
2024-03-27 10:45:00,1.08255,1.0827,1.08223,1.08257,768,11,0
2024-03-27 11:00:00,1.08258,1.08272,1.08209,1.08245,857,11,0
2024-03-27 11:15:00,1.08245,1.08257,1.08229,1.08236,609,11,0
2024-03-27 11:30:00,1.08237,1.08269,1.08232,1.08263,551,11,0
2024-03-27 11:45:00,1.08263,1.08299,1.08259,1.0828,642,11,0
2024-03-27 12:00:00,1.0828,1.08363,1.08269,1.08358,1166,11,0
2024-03-27 12:15:00,1.08358,1.08385,1.08345,1.08352,849,11,0
2024-03-27 12:30:00,1.08352,1.08354,1.083,1.083,907,11,0
2024-03-27 12:45:00,1.08299,1.08304,1.0826,1.08271,783,11,0
2024-03-27 13:00:00,1.08272,1.08292,1.08256,1.08277,652,11,0
2024-03-27 13:15:00,1.08277,1.08298,1.08255,1.08287,621,11,0
2024-03-27 13:30:00,1.08287,1.08337,1.08286,1.0831,706,11,0
2024-03-27 13:45:00,1.0831,1.08344,1.083,1.08323,627,11,0
2024-03-27 14:00:00,1.08323,1.0833,1.08291,1.08315,645,11,0
2024-03-27 14:15:00,1.08315,1.08334,1.08304,1.08322,592,11,0
2024-03-27 14:30:00,1.08322,1.08346,1.08284,1.08285,547,11,0
2024-03-27 14:45:00,1.08284,1.08285,1.08173,1.0820400000000001,559,11,0
2024-03-27 15:00:00,1.0820400000000001,1.08212,1.0814300000000001,1.08166,644,11,0
2024-03-27 15:15:00,1.08167,1.08194,1.08161,1.08165,697,11,0
2024-03-27 15:30:00,1.08164,1.08189,1.08152,1.08172,788,11,0
2024-03-27 15:45:00,1.08171,1.08199,1.0817,1.08182,680,11,0
2024-03-27 16:00:00,1.08182,1.08185,1.08146,1.08159,702,11,0
2024-03-27 16:15:00,1.0816,1.08184,1.08146,1.08169,772,11,0
2024-03-27 16:30:00,1.08169,1.08169,1.08102,1.08124,889,11,0
2024-03-27 16:45:00,1.08124,1.08188,1.08124,1.08163,883,11,0
2024-03-27 17:00:00,1.08165,1.08173,1.08133,1.08142,942,11,0
2024-03-27 17:15:00,1.08141,1.08182,1.08138,1.08153,989,11,0
2024-03-27 17:30:00,1.08153,1.08207,1.08153,1.08176,846,11,0
2024-03-27 17:45:00,1.08176,1.08189,1.08135,1.0814,792,11,0
2024-03-27 18:00:00,1.0814,1.082,1.08132,1.08199,795,11,0
2024-03-27 18:15:00,1.08198,1.0821,1.08169,1.08185,691,11,0
2024-03-27 18:30:00,1.08185,1.0822,1.08179,1.08193,776,11,0
2024-03-27 18:45:00,1.08193,1.08221,1.08175,1.08201,1023,11,0
2024-03-27 19:00:00,1.08199,1.08231,1.08196,1.08206,825,11,0
2024-03-27 19:15:00,1.08205,1.08208,1.08181,1.08206,726,11,0
2024-03-27 19:30:00,1.08206,1.08232,1.08203,1.08232,695,11,0
2024-03-27 19:45:00,1.08232,1.08252,1.08219,1.08227,507,11,0
2024-03-27 20:00:00,1.08226,1.08243,1.08168,1.0817,674,11,0
2024-03-27 20:15:00,1.08171,1.08208,1.08169,1.08199,451,11,0
2024-03-27 20:30:00,1.08199,1.08215,1.0818,1.08198,673,11,0
2024-03-27 20:45:00,1.08198,1.08213,1.08185,1.08188,564,11,0
2024-03-27 21:00:00,1.08188,1.08198,1.08177,1.08194,415,11,0
2024-03-27 21:15:00,1.08194,1.08201,1.08184,1.08194,511,11,0
2024-03-27 21:30:00,1.08193,1.08212,1.08191,1.0821,438,11,0
2024-03-27 21:45:00,1.0821,1.08227,1.08199,1.08217,585,11,0
2024-03-27 22:00:00,1.08217,1.08224,1.08199,1.08208,504,11,0
2024-03-27 22:15:00,1.08207,1.08228,1.08202,1.08228,370,11,0
2024-03-27 22:30:00,1.08228,1.08245,1.08225,1.08239,447,11,0
2024-03-27 22:45:00,1.08237,1.08269,1.08225,1.08267,722,11,0
2024-03-27 23:00:00,1.0826500000000001,1.08286,1.08256,1.08271,279,11,0
2024-03-27 23:15:00,1.08271,1.08278,1.08266,1.08272,151,11,0
2024-03-27 23:30:00,1.08272,1.08279,1.08266,1.08276,220,11,0
2024-03-27 23:45:00,1.08275,1.08278,1.0827,1.08274,155,11,0
2024-03-28 00:00:00,1.08222,1.08266,1.08212,1.08256,148,15,0
2024-03-28 00:15:00,1.08257,1.08269,1.0824799999999999,1.08261,338,15,0
2024-03-28 00:30:00,1.08268,1.08268,1.08246,1.08259,514,15,0
2024-03-28 00:45:00,1.08259,1.0826500000000001,1.08253,1.08263,105,15,0
2024-03-28 01:00:00,1.08262,1.08263,1.08118,1.08121,502,11,0
2024-03-28 01:15:00,1.08121,1.08163,1.08119,1.08161,243,11,0
2024-03-28 01:30:00,1.08161,1.08166,1.08128,1.08149,202,11,0
2024-03-28 01:45:00,1.0815,1.08152,1.08095,1.08129,268,11,0
2024-03-28 02:00:00,1.08129,1.08135,1.08106,1.08119,351,11,0
2024-03-28 02:15:00,1.08119,1.0814300000000001,1.08113,1.08128,246,11,0
2024-03-28 02:30:00,1.08128,1.08144,1.08121,1.08124,219,11,0
2024-03-28 02:45:00,1.08124,1.08133,1.08115,1.08121,357,11,0
2024-03-28 03:00:00,1.08121,1.08136,1.08074,1.08081,755,11,0
2024-03-28 03:15:00,1.08081,1.0814300000000001,1.08075,1.08133,452,11,0
2024-03-28 03:30:00,1.08133,1.08153,1.08133,1.08141,346,11,0
2024-03-28 03:45:00,1.08141,1.08196,1.08141,1.08169,560,11,0
2024-03-28 04:00:00,1.0817,1.08175,1.0815,1.08172,391,11,0
2024-03-28 04:15:00,1.08172,1.08181,1.08152,1.08175,389,11,0
2024-03-28 04:30:00,1.08175,1.0818699999999999,1.0814300000000001,1.08148,687,11,0
2024-03-28 04:45:00,1.08149,1.0818,1.08148,1.08175,535,11,0
2024-03-28 05:00:00,1.08175,1.08223,1.0817,1.08223,343,11,0
2024-03-28 05:15:00,1.08222,1.08246,1.08222,1.08241,522,11,0
2024-03-28 05:30:00,1.08241,1.08253,1.0822,1.08223,317,11,0
2024-03-28 05:45:00,1.08223,1.08226,1.08202,1.08215,534,11,0
2024-03-28 06:00:00,1.08216,1.08231,1.08205,1.08231,356,11,0
2024-03-28 06:15:00,1.08231,1.08237,1.08219,1.0823,314,11,0
2024-03-28 06:30:00,1.08231,1.08233,1.08219,1.08225,225,11,0
2024-03-28 06:45:00,1.08225,1.08226,1.08207,1.08211,210,11,0
2024-03-28 07:00:00,1.0821,1.0822,1.08197,1.08219,261,11,0
2024-03-28 07:15:00,1.08219,1.08237,1.08216,1.08229,191,11,0
2024-03-28 07:30:00,1.08229,1.0823,1.08213,1.08221,212,11,0
2024-03-28 07:45:00,1.0822,1.08234,1.0822,1.0823,191,11,0
2024-03-28 08:00:00,1.0823,1.08234,1.08219,1.0822,241,11,0
2024-03-28 08:15:00,1.0822,1.08233,1.08214,1.08231,233,11,0
2024-03-28 08:30:00,1.08231,1.08254,1.0823,1.08252,406,11,0
2024-03-28 08:45:00,1.08251,1.0826,1.0823,1.08232,484,11,0
2024-03-28 09:00:00,1.08233,1.08236,1.08205,1.08207,339,11,0
2024-03-28 09:15:00,1.08207,1.08214,1.08196,1.08207,383,11,0
2024-03-28 09:30:00,1.08207,1.0821,1.08177,1.08185,303,11,0
2024-03-28 09:45:00,1.08185,1.08186,1.08146,1.08175,425,11,0
2024-03-28 10:00:00,1.08175,1.08181,1.08109,1.08116,594,11,0
2024-03-28 10:15:00,1.08116,1.08125,1.08023,1.08037,736,11,0
2024-03-28 10:30:00,1.08037,1.08051,1.08007,1.08047,728,11,0
2024-03-28 10:45:00,1.08048,1.0805,1.07997,1.08001,673,11,0
2024-03-28 11:00:00,1.08002,1.08015,1.07894,1.07912,1046,11,0
2024-03-28 11:15:00,1.07912,1.07938,1.07894,1.07917,769,11,0
2024-03-28 11:30:00,1.07918,1.07937,1.0789900000000001,1.07908,731,11,0
2024-03-28 11:45:00,1.0790899999999999,1.07923,1.07896,1.07915,585,11,0
2024-03-28 12:00:00,1.07914,1.07916,1.07806,1.07807,814,11,0
2024-03-28 12:15:00,1.07807,1.07807,1.07766,1.07791,756,11,0
2024-03-28 12:30:00,1.0779,1.07816,1.07788,1.07796,527,11,0
2024-03-28 12:45:00,1.07796,1.07798,1.07745,1.07748,637,11,0
2024-03-28 13:00:00,1.07748,1.07809,1.07745,1.07801,691,11,0
2024-03-28 13:15:00,1.07801,1.07856,1.07801,1.0785,739,11,0
2024-03-28 13:30:00,1.07849,1.07923,1.07849,1.07903,749,11,0
2024-03-28 13:45:00,1.07903,1.07917,1.07881,1.07888,730,11,0
2024-03-28 14:00:00,1.07887,1.07915,1.07884,1.079,564,11,0
2024-03-28 14:15:00,1.079,1.07943,1.0789900000000001,1.07933,479,11,0
2024-03-28 14:30:00,1.07933,1.0794,1.07883,1.07885,520,11,0
2024-03-28 14:45:00,1.07885,1.07886,1.07822,1.07834,526,11,0
2024-03-28 15:00:00,1.07834,1.07892,1.0783,1.07875,598,11,0
2024-03-28 15:15:00,1.07875,1.0789,1.07849,1.07889,605,11,0
2024-03-28 15:30:00,1.07893,1.07948,1.07856,1.07948,1426,11,0
2024-03-28 15:45:00,1.07948,1.08083,1.07922,1.08077,1442,11,0
2024-03-28 16:00:00,1.08075,1.08173,1.0807,1.0808200000000001,1354,11,0
2024-03-28 16:15:00,1.08086,1.08092,1.08048,1.08071,818,11,0
2024-03-28 16:30:00,1.0807,1.08095,1.08023,1.08053,894,11,0
2024-03-28 16:45:00,1.08054,1.08153,1.08048,1.08116,1303,11,0
2024-03-28 17:00:00,1.08118,1.08181,1.08056,1.08062,1673,11,0
2024-03-28 17:15:00,1.08063,1.08071,1.0802100000000001,1.08038,945,11,0
2024-03-28 17:30:00,1.08041,1.0808,1.0803,1.08063,1079,11,0
2024-03-28 17:45:00,1.08062,1.08072,1.0796999999999999,1.07998,1062,11,0
2024-03-28 18:00:00,1.07996,1.07996,1.07932,1.07962,974,11,0
2024-03-28 18:15:00,1.07962,1.08022,1.07947,1.08009,804,11,0
2024-03-28 18:30:00,1.08009,1.08048,1.07995,1.08018,849,11,0
2024-03-28 18:45:00,1.08017,1.08068,1.07943,1.08008,1620,11,0
2024-03-28 19:00:00,1.08007,1.08007,1.07922,1.07959,1119,11,0
2024-03-28 19:15:00,1.07961,1.0803,1.0796000000000001,1.08022,786,11,0
2024-03-28 19:30:00,1.08022,1.08048,1.08003,1.08029,668,11,0
2024-03-28 19:45:00,1.08029,1.08047,1.0798,1.07989,682,11,0
2024-03-28 20:00:00,1.07987,1.08014,1.07976,1.07996,695,11,0
2024-03-28 20:15:00,1.07995,1.07997,1.07966,1.07979,462,11,0
2024-03-28 20:30:00,1.07978,1.0798,1.07951,1.07954,427,11,0
2024-03-28 20:45:00,1.07954,1.07979,1.07943,1.07957,429,11,0
2024-03-28 21:00:00,1.07957,1.07979,1.07924,1.07928,648,11,0
2024-03-28 21:15:00,1.07928,1.07935,1.07905,1.07913,486,11,0
2024-03-28 21:30:00,1.07913,1.07929,1.079,1.07911,299,11,0
2024-03-28 21:45:00,1.07911,1.07911,1.07853,1.07868,399,11,0
2024-03-28 22:00:00,1.07868,1.0788,1.07852,1.07852,449,11,0
2024-03-28 22:15:00,1.07852,1.0788,1.0784,1.07879,457,11,0
2024-03-28 22:30:00,1.07879,1.07886,1.07869,1.07872,337,11,0
2024-03-28 22:45:00,1.07872,1.07889,1.07862,1.07873,450,11,0
2024-03-28 23:00:00,1.07875,1.07875,1.07843,1.07861,272,11,0
2024-03-28 23:15:00,1.0786,1.0787,1.07856,1.0787,186,11,0
2024-03-28 23:30:00,1.0787,1.07881,1.07867,1.07873,189,11,0
2024-03-28 23:45:00,1.07872,1.07885,1.0786,1.07875,277,11,0
2024-03-29 00:00:00,1.07883,1.07891,1.07845,1.07883,150,18,0
2024-03-29 00:15:00,1.07882,1.07892,1.07858,1.07877,698,15,0
2024-03-29 00:30:00,1.07877,1.07893,1.07861,1.07881,741,15,0
2024-03-29 00:45:00,1.07881,1.0789,1.07863,1.07882,158,15,0
2024-03-29 01:00:00,1.07882,1.07936,1.07865,1.07905,775,13,0
2024-03-29 01:15:00,1.07903,1.07918,1.07867,1.07879,731,12,0
2024-03-29 01:30:00,1.07879,1.07902,1.07876,1.07891,340,11,0
2024-03-29 01:45:00,1.07891,1.07898,1.07874,1.07877,375,11,0
2024-03-29 02:00:00,1.07877,1.07894,1.07857,1.07873,253,11,0
2024-03-29 02:15:00,1.07873,1.07919,1.07873,1.07903,558,11,0
2024-03-29 02:30:00,1.07903,1.07903,1.0788,1.07895,623,11,0
2024-03-29 02:45:00,1.07895,1.07913,1.07892,1.07907,770,11,0
2024-03-29 03:00:00,1.07907,1.0790899999999999,1.07872,1.07879,756,11,0
2024-03-29 03:15:00,1.0788,1.0788,1.07845,1.07857,307,11,0
2024-03-29 03:30:00,1.07857,1.07869,1.07847,1.07869,900,11,0
2024-03-29 03:45:00,1.07867,1.07904,1.07834,1.07837,644,11,0
2024-03-29 04:00:00,1.07836,1.07843,1.07827,1.07832,249,11,0
2024-03-29 04:15:00,1.07832,1.07837,1.07803,1.07808,452,11,0
2024-03-29 04:30:00,1.07806,1.07808,1.07786,1.0778699999999999,431,11,0
2024-03-29 04:45:00,1.07788,1.07797,1.07754,1.07756,317,11,0
2024-03-29 05:00:00,1.07756,1.07765,1.0773,1.07762,426,11,0
2024-03-29 05:15:00,1.07762,1.07786,1.07745,1.07776,748,11,0
2024-03-29 05:30:00,1.0777700000000001,1.07789,1.07768,1.07783,643,11,0
2024-03-29 05:45:00,1.07783,1.0778699999999999,1.0776,1.07781,387,11,0
2024-03-29 06:00:00,1.07781,1.0778699999999999,1.07767,1.07772,327,11,0
2024-03-29 06:15:00,1.07773,1.07775,1.07748,1.0775,343,11,0
2024-03-29 06:30:00,1.0775,1.07753,1.07746,1.07746,188,11,0
2024-03-29 06:45:00,1.07746,1.0775,1.07738,1.07741,132,11,0
2024-03-29 07:00:00,1.07741,1.07753,1.07738,1.0775,97,11,0
2024-03-29 07:15:00,1.0775,1.07761,1.0775,1.07758,219,11,0
2024-03-29 07:30:00,1.07758,1.0776,1.07746,1.0775,275,11,0
2024-03-29 07:45:00,1.0775,1.07766,1.0775,1.07763,209,11,0
2024-03-29 08:00:00,1.07763,1.07773,1.07758,1.07759,214,11,0
2024-03-29 08:15:00,1.07759,1.07763,1.07734,1.07744,222,11,0
2024-03-29 08:30:00,1.07744,1.0775,1.07741,1.07748,273,11,0
2024-03-29 08:45:00,1.07748,1.0775,1.07745,1.07749,194,11,0
2024-03-29 09:00:00,1.07749,1.0775,1.07743,1.07745,188,11,0
2024-03-29 09:15:00,1.07745,1.07751,1.07741,1.07744,207,11,0
2024-03-29 09:30:00,1.07743,1.07766,1.07742,1.07757,205,11,0
2024-03-29 09:45:00,1.07757,1.07758,1.07751,1.07752,167,11,0
2024-03-29 10:00:00,1.07751,1.07774,1.07751,1.07772,189,11,0
2024-03-29 10:15:00,1.07772,1.07774,1.07765,1.07771,199,11,0
2024-03-29 10:30:00,1.07771,1.07811,1.07767,1.07806,374,11,0
2024-03-29 10:45:00,1.07807,1.07807,1.07674,1.0768,668,11,0
2024-03-29 11:00:00,1.0768,1.07711,1.07678,1.0771,302,11,0
2024-03-29 11:15:00,1.0771,1.07735,1.07704,1.07729,388,11,0
2024-03-29 11:30:00,1.0773,1.07746,1.07719,1.07741,590,11,0
2024-03-29 11:45:00,1.07741,1.07784,1.07739,1.07781,547,11,0
2024-03-29 12:00:00,1.07781,1.07783,1.07742,1.07742,269,11,0
2024-03-29 12:15:00,1.07744,1.07761,1.07725,1.07745,295,11,0
2024-03-29 12:30:00,1.07745,1.07776,1.07733,1.07774,751,11,0
2024-03-29 12:45:00,1.07776,1.07821,1.07766,1.0782,910,11,0
2024-03-29 13:00:00,1.07821,1.0784,1.07813,1.07823,609,11,0
2024-03-29 13:15:00,1.07823,1.07861,1.07813,1.07845,397,11,0
2024-03-29 13:30:00,1.07845,1.07879,1.07831,1.07836,553,11,0
2024-03-29 13:45:00,1.07836,1.07849,1.07812,1.07846,605,11,0
2024-03-29 14:00:00,1.07845,1.07877,1.07835,1.07862,835,11,0
2024-03-29 14:15:00,1.07862,1.0791,1.07859,1.07889,443,11,0
2024-03-29 14:30:00,1.07889,1.07898,1.07869,1.07869,551,11,0
2024-03-29 14:45:00,1.07871,1.07879,1.07859,1.07866,447,11,0
2024-03-29 15:00:00,1.07866,1.07875,1.07853,1.0786,460,11,0
2024-03-29 15:15:00,1.07862,1.0787,1.07785,1.07789,401,11,0
2024-03-29 15:30:00,1.07786,1.08049,1.07784,1.07979,834,11,0
2024-03-29 15:45:00,1.07979,1.07982,1.07925,1.07981,684,11,0
2024-03-29 16:00:00,1.07981,1.07993,1.07976,1.07993,379,11,0
2024-03-29 16:15:00,1.07993,1.08032,1.07972,1.07986,799,11,0
2024-03-29 16:30:00,1.07986,1.07988,1.07938,1.07944,734,11,0
2024-03-29 16:45:00,1.07944,1.07982,1.0794,1.07977,412,11,0
2024-03-29 17:00:00,1.07977,1.07991,1.07957,1.07972,683,11,0
2024-03-29 17:15:00,1.07972,1.07974,1.07954,1.07957,263,11,0
2024-03-29 17:30:00,1.07957,1.07964,1.07945,1.07962,247,11,0
2024-03-29 17:45:00,1.07962,1.07966,1.07939,1.07957,409,11,0
2024-03-29 18:00:00,1.07957,1.07957,1.0787,1.07893,1223,11,0
2024-03-29 18:15:00,1.07893,1.07921,1.07882,1.07911,568,11,0
2024-03-29 18:30:00,1.07913,1.07917,1.07889,1.07896,800,11,0
2024-03-29 18:45:00,1.07895,1.07921,1.07885,1.07919,529,11,0
2024-03-29 19:00:00,1.07919,1.07924,1.07879,1.07881,424,11,0
2024-03-29 19:15:00,1.0788,1.0789,1.07875,1.07878,135,11,0
2024-03-29 19:30:00,1.07877,1.0788,1.07867,1.07867,557,11,0
2024-03-29 19:45:00,1.07867,1.07879,1.07867,1.07877,825,11,0
2024-03-29 20:00:00,1.07877,1.07888,1.07871,1.07876,362,11,0
2024-03-29 20:15:00,1.07876,1.07886,1.07874,1.07876,506,11,0
2024-03-29 20:30:00,1.07876,1.07887,1.07873,1.07881,390,11,0
2024-03-29 20:45:00,1.07881,1.07891,1.07874,1.07883,221,11,0
2024-03-29 21:00:00,1.07882,1.07898,1.07875,1.07887,895,11,0
2024-03-29 21:15:00,1.07887,1.07903,1.07886,1.07894,644,11,0
2024-03-29 21:30:00,1.07895,1.07903,1.0789,1.07898,771,11,0
2024-03-29 21:45:00,1.07898,1.07901,1.07886,1.07888,212,11,0
2024-03-29 22:00:00,1.0789,1.07901,1.07881,1.07894,252,11,0
2024-03-29 22:15:00,1.07894,1.07929,1.0789,1.07922,529,11,0
2024-03-29 22:30:00,1.07922,1.07931,1.07915,1.07923,508,11,0
2024-03-29 22:45:00,1.07916,1.07925,1.07897,1.07904,274,11,0
2024-03-29 23:00:00,1.07904,1.07921,1.07878,1.07913,315,11,0
2024-03-29 23:15:00,1.07914,1.0795,1.07897,1.07935,1114,15,0
2024-03-29 23:30:00,1.07935,1.07944,1.079,1.07929,780,11,0
2024-03-29 23:45:00,1.07929,1.07942,1.07866,1.07918,35,15,0
