timestamp_utc,open,high,low,close,tick_volume,spread,real_volume
2025-01-01 21:00:00,1.03544,1.0358,1.03507,1.03568,909,16,0
2025-01-01 22:00:00,1.03561,1.0357,1.03458,1.03502,1327,12,0
2025-01-01 23:00:00,1.03502,1.03558,1.03466,1.03515,1332,12,0
2025-01-02 00:00:00,1.03515,1.03602,1.03432,1.03572,2628,12,0
2025-01-02 01:00:00,1.03572,1.03707,1.0357,1.03702,1481,12,0
2025-01-02 02:00:00,1.03702,1.03736,1.03676,1.0371,1008,12,0
2025-01-02 03:00:00,1.03711,1.03751,1.03659,1.03687,1120,12,0
2025-01-02 04:00:00,1.03687,1.037,1.03613,1.03632,1184,12,0
2025-01-02 05:00:00,1.03634,1.03643,1.03594,1.03632,1572,12,0
2025-01-02 06:00:00,1.03632,1.03718,1.03617,1.03622,2846,12,0
2025-01-02 07:00:00,1.03622,1.03704,1.03457,1.03622,4898,12,0
2025-01-02 08:00:00,1.03623,1.03699,1.0349,1.03511,3521,12,0
2025-01-02 09:00:00,1.03511,1.03563,1.03131,1.03162,4612,12,0
2025-01-02 10:00:00,1.03162,1.03338,1.03145,1.03316,3833,12,0
2025-01-02 11:00:00,1.03316,1.03338,1.03142,1.03176,4005,12,0
2025-01-02 12:00:00,1.03176,1.03291,1.03108,1.03128,6065,12,0
2025-01-02 13:00:00,1.03129,1.03233,1.03014,1.03031,5869,12,0
2025-01-02 14:00:00,1.0303,1.03083,1.02718,1.02736,7751,12,0
2025-01-02 15:00:00,1.02736,1.02758,1.02238,1.02607,9093,12,0
2025-01-02 16:00:00,1.02607,1.02674,1.02507,1.02643,4309,12,0
2025-01-02 17:00:00,1.02643,1.02656,1.02552,1.02558,2813,12,0
2025-01-02 18:00:00,1.02559,1.02591,1.02473,1.02506,2060,12,0
2025-01-02 19:00:00,1.02505,1.02639,1.025,1.02609,1372,12,0
2025-01-02 20:00:00,1.02608,1.02678,1.02608,1.02668,763,12,0
2025-01-02 21:00:00,1.02598,1.02665,1.02576,1.02646,1504,16,0
2025-01-02 22:00:00,1.02646,1.02675,1.02641,1.02672,1075,12,0
2025-01-02 23:00:00,1.02672,1.02729,1.02653,1.02724,1354,12,0
2025-01-03 00:00:00,1.02724,1.02725,1.02658,1.0267,1583,12,0
2025-01-03 01:00:00,1.0267,1.02741,1.02661,1.02716,1419,12,0
2025-01-03 02:00:00,1.02717,1.02739,1.02681,1.02702,1128,12,0
2025-01-03 03:00:00,1.02702,1.02704,1.02665,1.02691,912,12,0
2025-01-03 04:00:00,1.02692,1.0273,1.0264,1.02711,1319,12,0
2025-01-03 05:00:00,1.02711,1.02789,1.02709,1.02787,1310,12,0
2025-01-03 06:00:00,1.02787,1.02841,1.02681,1.02802,4304,12,0
2025-01-03 07:00:00,1.02802,1.02875,1.02722,1.02798,3825,12,0
2025-01-03 08:00:00,1.02798,1.02993,1.02796,1.02897,3492,12,0
2025-01-03 09:00:00,1.02897,1.02934,1.02786,1.02808,2637,12,0
2025-01-03 10:00:00,1.02807,1.03023,1.02807,1.02967,2728,12,0
2025-01-03 11:00:00,1.02966,1.03004,1.02936,1.0295,2883,12,0
2025-01-03 12:00:00,1.02952,1.02996,1.02908,1.02926,3084,12,0
2025-01-03 13:00:00,1.02926,1.03018,1.02874,1.02998,3496,12,0
2025-01-03 14:00:00,1.02956,1.03052,1.02725,1.02886,6699,12,0
2025-01-03 15:00:00,1.02886,1.02993,1.02828,1.02903,3603,12,0
2025-01-03 16:00:00,1.02903,1.03051,1.02903,1.02974,2725,12,0
2025-01-03 17:00:00,1.02974,1.03014,1.02918,1.02967,1974,12,0
2025-01-03 18:00:00,1.02967,1.03055,1.02932,1.03006,1596,12,0
2025-01-03 19:00:00,1.03005,1.0307,1.02982,1.03051,1620,12,0
2025-01-03 20:00:00,1.03051,1.03093,1.03041,1.03074,770,12,0
2025-01-05 21:00:00,1.03066,1.03069,1.02968,1.03014,604,16,0
2025-01-05 22:00:00,1.03005,1.03073,1.03005,1.03046,1089,12,0
2025-01-05 23:00:00,1.03046,1.03047,1.02947,1.03024,2154,12,0
2025-01-06 00:00:00,1.03024,1.0313,1.03006,1.03115,2237,12,0
2025-01-06 01:00:00,1.03115,1.03171,1.03101,1.03154,2061,12,0
2025-01-06 02:00:00,1.03154,1.03177,1.03125,1.03158,1469,12,0
2025-01-06 03:00:00,1.03158,1.0317,1.03122,1.03145,984,12,0
2025-01-06 04:00:00,1.03145,1.03176,1.03078,1.03083,1353,12,0
2025-01-06 05:00:00,1.03083,1.0316,1.03071,1.03121,1915,12,0
2025-01-06 06:00:00,1.0312,1.03277,1.03093,1.03266,2609,12,0
2025-01-06 07:00:00,1.03266,1.03518,1.0326,1.03495,4011,12,0
2025-01-06 08:00:00,1.03496,1.03682,1.03395,1.03549,5756,12,0
2025-01-06 09:00:00,1.03549,1.03574,1.03345,1.03345,2996,12,0
2025-01-06 10:00:00,1.03345,1.04323,1.0328,1.04211,10576,12,0
2025-01-06 11:00:00,1.04213,1.04301,1.03916,1.04102,6578,12,0
2025-01-06 12:00:00,1.04104,1.04363,1.04038,1.04163,7326,12,0
2025-01-06 13:00:00,1.04161,1.04231,1.03521,1.0392,9512,12,0
2025-01-06 14:00:00,1.03919,1.03982,1.03708,1.03928,9146,12,0
2025-01-06 15:00:00,1.03929,1.04023,1.03848,1.03963,5514,12,0
2025-01-06 16:00:00,1.03963,1.03963,1.03786,1.03868,3355,12,0
2025-01-06 17:00:00,1.03869,1.03886,1.03765,1.03813,2922,12,0
2025-01-06 18:00:00,1.03814,1.03913,1.03782,1.03876,2851,12,0
2025-01-06 19:00:00,1.03877,1.03914,1.03852,1.03871,2278,12,0
2025-01-06 20:00:00,1.03875,1.03916,1.03855,1.03881,1071,12,0
2025-01-06 21:00:00,1.03851,1.03948,1.03832,1.03891,1026,16,0
2025-01-06 22:00:00,1.03891,1.03898,1.0381,1.03828,899,12,0
2025-01-06 23:00:00,1.03827,1.03847,1.03764,1.03838,1941,12,0
2025-01-07 00:00:00,1.03838,1.03842,1.03755,1.03805,2317,12,0
2025-01-07 01:00:00,1.03805,1.03848,1.03793,1.03817,1775,12,0
2025-01-07 02:00:00,1.03817,1.03924,1.03795,1.03922,1289,12,0
2025-01-07 03:00:00,1.03922,1.03939,1.03898,1.03912,1207,12,0
2025-01-07 04:00:00,1.03912,1.04027,1.03903,1.03962,1819,12,0
2025-01-07 05:00:00,1.03962,1.04036,1.03957,1.03967,2007,12,0
2025-01-07 06:00:00,1.03967,1.04239,1.03967,1.0414,4069,12,0
2025-01-07 07:00:00,1.0414,1.04248,1.04024,1.04246,4876,12,0
2025-01-07 08:00:00,1.04245,1.04338,1.04235,1.0427,3775,12,0
2025-01-07 09:00:00,1.0427,1.04339,1.04162,1.04274,4193,12,0
2025-01-07 10:00:00,1.04274,1.04278,1.04046,1.04128,3575,12,0
2025-01-07 11:00:00,1.04128,1.04165,1.03865,1.03886,4452,12,0
2025-01-07 12:00:00,1.03887,1.04046,1.0386,1.03959,4467,12,0
2025-01-07 13:00:00,1.03959,1.03969,1.03887,1.03924,4855,12,0
2025-01-07 14:00:00,1.03789,1.03813,1.03546,1.03718,8796,12,0
2025-01-07 15:00:00,1.03722,1.0381,1.0362,1.03678,6758,12,0
2025-01-07 16:00:00,1.03678,1.03732,1.03531,1.03664,4632,12,0
2025-01-07 17:00:00,1.03664,1.03688,1.03487,1.03538,3405,12,0
2025-01-07 18:00:00,1.03538,1.03591,1.03516,1.03547,2257,12,0
2025-01-07 19:00:00,1.03545,1.03554,1.03435,1.03438,2118,12,0
2025-01-07 20:00:00,1.03438,1.03438,1.03378,1.03389,1026,12,0
2025-01-07 21:00:00,1.03384,1.03418,1.03382,1.03409,805,36,0
2025-01-07 22:00:00,1.03409,1.03443,1.03385,1.03409,738,12,0
2025-01-07 23:00:00,1.03409,1.03488,1.03409,1.03462,1510,12,0
2025-01-08 00:00:00,1.03462,1.03525,1.03447,1.03524,1495,12,0
2025-01-08 01:00:00,1.03524,1.03543,1.03507,1.03536,1075,12,0
2025-01-08 02:00:00,1.03536,1.03536,1.03457,1.03471,1035,12,0
2025-01-08 03:00:00,1.03472,1.03515,1.03467,1.03506,967,12,0
2025-01-08 04:00:00,1.03506,1.03552,1.03488,1.03544,1082,12,0
2025-01-08 05:00:00,1.03543,1.03569,1.03455,1.03509,1419,12,0
2025-01-08 06:00:00,1.03508,1.03511,1.03278,1.03318,4019,12,0
2025-01-08 07:00:00,1.03318,1.0339,1.03174,1.03183,5026,12,0
2025-01-08 08:00:00,1.03182,1.03258,1.03147,1.03189,4056,12,0
2025-01-08 09:00:00,1.03189,1.03208,1.03095,1.03183,3660,12,0
2025-01-08 10:00:00,1.03183,1.03193,1.02726,1.02971,7564,12,0
2025-01-08 11:00:00,1.02971,1.02996,1.02802,1.02821,5472,12,0
2025-01-08 12:00:00,1.02821,1.03038,1.02803,1.03028,9195,12,0
2025-01-08 13:00:00,1.03029,1.03069,1.02884,1.02909,6583,12,0
2025-01-08 14:00:00,1.02909,1.03094,1.02909,1.03009,6116,12,0
2025-01-08 15:00:00,1.0301,1.0314,1.02939,1.03119,4947,12,0
2025-01-08 16:00:00,1.03119,1.03128,1.02976,1.03047,3784,12,0
2025-01-08 17:00:00,1.03048,1.03153,1.03048,1.0312,3185,12,0
2025-01-08 18:00:00,1.03119,1.03237,1.03077,1.03084,3318,12,0
2025-01-08 19:00:00,1.03084,1.03161,1.03072,1.03155,2010,12,0
2025-01-08 20:00:00,1.03155,1.03187,1.03133,1.03176,921,12,0
2025-01-08 21:00:00,1.03128,1.03166,1.03128,1.03164,233,36,0
2025-01-08 22:00:00,1.03164,1.03181,1.03126,1.03126,664,12,0
2025-01-08 23:00:00,1.03126,1.03141,1.03041,1.03125,1694,12,0
2025-01-09 00:00:00,1.03125,1.03168,1.03108,1.03137,1596,12,0
2025-01-09 01:00:00,1.03137,1.03194,1.03136,1.03159,1095,12,0
2025-01-09 02:00:00,1.03159,1.03209,1.03103,1.03104,1289,12,0
2025-01-09 03:00:00,1.03103,1.03116,1.03049,1.03085,1148,12,0
2025-01-09 04:00:00,1.03086,1.03119,1.03047,1.03061,1233,12,0
2025-01-09 05:00:00,1.03061,1.03077,1.02963,1.02993,2299,12,0
2025-01-09 06:00:00,1.02994,1.03077,1.0287,1.02903,4760,12,0
2025-01-09 07:00:00,1.02903,1.03072,1.0283,1.03072,5081,12,0
2025-01-09 08:00:00,1.03072,1.03171,1.03026,1.03052,4118,12,0
2025-01-09 09:00:00,1.03052,1.03119,1.0299,1.03025,3928,12,0
2025-01-09 10:00:00,1.03024,1.03038,1.02962,1.03005,3537,12,0
2025-01-09 11:00:00,1.03005,1.03045,1.02952,1.03028,2897,12,0
2025-01-09 12:00:00,1.03027,1.03182,1.03003,1.03074,3873,12,0
2025-01-09 13:00:00,1.03074,1.03142,1.03045,1.03068,3696,12,0
2025-01-09 14:00:00,1.03068,1.0309,1.02942,1.02988,3380,12,0
2025-01-09 15:00:00,1.02987,1.03005,1.02904,1.02969,2769,12,0
2025-01-09 16:00:00,1.02967,1.03013,1.02931,1.02968,2152,12,0
2025-01-09 17:00:00,1.02966,1.03019,1.02934,1.02995,1288,12,0
2025-01-09 18:00:00,1.02995,1.03015,1.02971,1.02974,928,12,0
2025-01-09 19:00:00,1.02975,1.03031,1.02975,1.03005,754,12,0
2025-01-09 20:00:00,1.03005,1.03006,1.02985,1.02997,540,12,0
2025-01-09 21:00:00,1.02955,1.03001,1.0295,1.02999,624,25,0
2025-01-09 22:00:00,1.03009,1.03013,1.02949,1.02958,722,12,0
2025-01-09 23:00:00,1.02958,1.02998,1.02915,1.02948,1442,12,0
2025-01-10 00:00:00,1.02948,1.03039,1.0293,1.03014,1604,12,0
2025-01-10 01:00:00,1.03014,1.03032,1.02976,1.03013,1009,12,0
2025-01-10 02:00:00,1.0301,1.03027,1.0297,1.02978,782,12,0
2025-01-10 03:00:00,1.02978,1.02993,1.02929,1.02943,912,12,0
2025-01-10 04:00:00,1.02943,1.02968,1.0284,1.02849,1197,12,0
2025-01-10 05:00:00,1.02849,1.02878,1.02805,1.02812,1743,12,0
2025-01-10 06:00:00,1.02812,1.02966,1.02806,1.02964,2732,12,0
2025-01-10 07:00:00,1.02965,1.03114,1.02921,1.0302,4020,12,0
2025-01-10 08:00:00,1.0302,1.03052,1.02984,1.02994,3492,12,0
2025-01-10 09:00:00,1.02993,1.03052,1.02992,1.03016,2664,12,0
2025-01-10 10:00:00,1.03016,1.03047,1.02982,1.03012,2463,12,0
2025-01-10 11:00:00,1.03012,1.03088,1.02985,1.03049,3063,12,0
2025-01-10 12:00:00,1.03049,1.03112,1.02118,1.02559,7524,12,0
2025-01-10 13:00:00,1.02558,1.02722,1.02438,1.02534,7462,12,0
2025-01-10 14:00:00,1.02531,1.02778,1.02356,1.02498,9966,12,0
2025-01-10 15:00:00,1.02498,1.02506,1.02269,1.02369,7280,12,0
2025-01-10 16:00:00,1.02368,1.025,1.02322,1.02439,4835,12,0
2025-01-10 17:00:00,1.02438,1.02454,1.02352,1.02409,3332,12,0
2025-01-10 18:00:00,1.0241,1.02483,1.02343,1.02447,3117,12,0
2025-01-10 19:00:00,1.02447,1.02454,1.02365,1.02439,2579,12,0
2025-01-10 20:00:00,1.02438,1.02483,1.02409,1.02415,1235,12,0
2025-01-12 21:00:00,1.02298,1.02449,1.02298,1.02448,1002,41,0
2025-01-12 22:00:00,1.02458,1.02462,1.02384,1.02425,975,12,0
2025-01-12 23:00:00,1.02425,1.02445,1.02359,1.02418,1710,12,0
2025-01-13 00:00:00,1.02418,1.02494,1.02386,1.02411,2490,12,0
2025-01-13 01:00:00,1.02411,1.02446,1.02379,1.02395,1686,12,0
2025-01-13 02:00:00,1.02395,1.02398,1.02121,1.02148,2229,12,0
2025-01-13 03:00:00,1.02147,1.02194,1.02068,1.02112,1712,12,0
2025-01-13 04:00:00,1.02112,1.02199,1.02097,1.0219,1684,12,0
2025-01-13 05:00:00,1.0219,1.02245,1.02139,1.0217,2228,12,0
2025-01-13 06:00:00,1.02168,1.02231,1.02068,1.02147,4059,12,0
2025-01-13 07:00:00,1.02148,1.02308,1.0213,1.0221,5791,12,0
2025-01-13 08:00:00,1.0221,1.02234,1.01771,1.01927,7219,12,0
2025-01-13 09:00:00,1.01926,1.02067,1.0192,1.02014,4289,12,0
2025-01-13 10:00:00,1.02014,1.02034,1.01854,1.01952,4276,12,0
2025-01-13 11:00:00,1.01953,1.02055,1.01872,1.02021,4694,12,0
2025-01-13 12:00:00,1.02022,1.022,1.01959,1.02078,5445,12,0
2025-01-13 13:00:00,1.02078,1.02121,1.01997,1.02075,5377,12,0
2025-01-13 14:00:00,1.02075,1.02083,1.01952,1.01964,5927,12,0
2025-01-13 15:00:00,1.01962,1.02169,1.01911,1.02076,4326,12,0
2025-01-13 16:00:00,1.02076,1.02189,1.02064,1.02174,3482,12,0
2025-01-13 17:00:00,1.02174,1.02209,1.02116,1.02154,2425,12,0
2025-01-13 18:00:00,1.02154,1.02156,1.02066,1.02066,2096,12,0
2025-01-13 19:00:00,1.02066,1.0217,1.02063,1.02161,1738,12,0
2025-01-13 20:00:00,1.02161,1.02421,1.02157,1.0242,1649,12,0
2025-01-13 21:00:00,1.02416,1.02718,1.02371,1.0258,1573,36,0
2025-01-13 22:00:00,1.0258,1.02771,1.02503,1.02632,2435,12,0
2025-01-13 23:00:00,1.02632,1.02632,1.02451,1.02475,2135,12,0
2025-01-14 00:00:00,1.02472,1.02496,1.02405,1.02486,2841,12,0
2025-01-14 01:00:00,1.02486,1.02498,1.02377,1.02442,1738,12,0
2025-01-14 02:00:00,1.02442,1.02547,1.02432,1.02479,1409,12,0
2025-01-14 03:00:00,1.02479,1.02545,1.02446,1.02498,924,12,0
2025-01-14 04:00:00,1.02498,1.02512,1.02416,1.02442,1435,12,0
2025-01-14 05:00:00,1.02442,1.02527,1.02442,1.02521,2061,12,0
2025-01-14 06:00:00,1.02521,1.02655,1.02492,1.02538,5050,12,0
2025-01-14 07:00:00,1.02538,1.02742,1.02524,1.02608,5632,12,0
2025-01-14 08:00:00,1.0261,1.02659,1.02528,1.02589,4552,12,0
2025-01-14 09:00:00,1.02587,1.02631,1.02512,1.02593,3548,12,0
2025-01-14 10:00:00,1.02594,1.02626,1.02518,1.02535,2731,12,0
2025-01-14 11:00:00,1.02535,1.02545,1.02388,1.02475,3803,12,0
2025-01-14 12:00:00,1.02473,1.02728,1.02408,1.02526,8637,12,0
2025-01-14 13:00:00,1.02525,1.02743,1.02428,1.02674,6971,12,0
2025-01-14 14:00:00,1.02674,1.02952,1.02624,1.02943,7119,12,0
2025-01-14 15:00:00,1.0294,1.03037,1.02822,1.02909,5958,12,0
2025-01-14 16:00:00,1.02909,1.02909,1.02783,1.02875,3334,12,0
2025-01-14 17:00:00,1.02875,1.02996,1.02861,1.02985,2324,12,0
2025-01-14 18:00:00,1.02985,1.03049,1.02956,1.02974,1781,12,0
2025-01-14 19:00:00,1.02974,1.03078,1.02958,1.03012,2111,12,0
2025-01-14 20:00:00,1.03012,1.03071,1.03,1.03061,1140,12,0
2025-01-14 21:00:00,1.03,1.03068,1.02997,1.03054,554,36,0
2025-01-14 22:00:00,1.03061,1.03078,1.03018,1.03055,709,13,0
2025-01-14 23:00:00,1.03055,1.03055,1.02991,1.03005,1327,12,0
2025-01-15 00:00:00,1.03005,1.03042,1.02972,1.02995,1433,12,0
2025-01-15 01:00:00,1.02994,1.03008,1.02947,1.02965,1139,12,0
2025-01-15 02:00:00,1.02965,1.03017,1.02958,1.03013,973,12,0
2025-01-15 03:00:00,1.03013,1.03019,1.02969,1.03018,935,12,0
2025-01-15 04:00:00,1.03019,1.03046,1.02919,1.02925,1458,12,0
2025-01-15 05:00:00,1.02925,1.02981,1.02912,1.02955,1367,12,0
2025-01-15 06:00:00,1.02957,1.03074,1.0286,1.03054,4803,12,0
2025-01-15 07:00:00,1.03053,1.03168,1.02935,1.02959,4523,12,0
2025-01-15 08:00:00,1.02959,1.03124,1.02954,1.03092,3542,12,0
2025-01-15 09:00:00,1.03091,1.03135,1.03002,1.0307,3049,12,0
2025-01-15 10:00:00,1.0307,1.03118,1.02989,1.03006,2914,12,0
2025-01-15 11:00:00,1.03006,1.03059,1.02928,1.02992,3373,12,0
2025-01-15 12:00:00,1.02993,1.03539,1.02955,1.03438,7587,12,0
2025-01-15 13:00:00,1.03448,1.0345,1.03246,1.03265,6499,12,0
2025-01-15 14:00:00,1.03261,1.03304,1.02982,1.03055,6866,12,0
2025-01-15 15:00:00,1.03055,1.03073,1.02578,1.02806,6354,12,0
2025-01-15 16:00:00,1.02806,1.02926,1.02804,1.0285,3455,12,0
2025-01-15 17:00:00,1.0285,1.02923,1.02837,1.02915,2419,12,0
2025-01-15 18:00:00,1.02915,1.02939,1.02886,1.02926,1647,12,0
2025-01-15 19:00:00,1.02926,1.02983,1.02898,1.02953,1730,12,0
2025-01-15 20:00:00,1.02953,1.02957,1.02864,1.02883,900,12,0
2025-01-15 21:00:00,1.02852,1.02933,1.02838,1.02916,1193,36,0
2025-01-15 22:00:00,1.02916,1.0295,1.02901,1.02946,763,13,0
2025-01-15 23:00:00,1.02946,1.02993,1.0284,1.02984,2285,12,0
2025-01-16 00:00:00,1.02984,1.0299,1.02871,1.02888,3008,12,0
2025-01-16 01:00:00,1.02891,1.02924,1.02841,1.02864,2535,12,0
2025-01-16 02:00:00,1.02866,1.02885,1.02841,1.02884,1193,12,0
2025-01-16 03:00:00,1.02884,1.02933,1.02847,1.02864,1100,12,0
2025-01-16 04:00:00,1.02863,1.02867,1.02803,1.02818,1333,12,0
2025-01-16 05:00:00,1.02819,1.02891,1.02816,1.02883,1941,12,0
2025-01-16 06:00:00,1.02883,1.03007,1.02855,1.02969,3715,12,0
2025-01-16 07:00:00,1.02969,1.02992,1.02872,1.02954,3969,12,0
2025-01-16 08:00:00,1.02954,1.02982,1.0281,1.02855,3659,12,0
2025-01-16 09:00:00,1.02856,1.02957,1.02823,1.02849,2665,12,0
2025-01-16 10:00:00,1.02849,1.02914,1.02833,1.02895,2750,12,0
2025-01-16 11:00:00,1.02895,1.02895,1.02633,1.02713,3939,12,0
2025-01-16 12:00:00,1.02713,1.02845,1.02602,1.02809,7019,12,0
2025-01-16 13:00:00,1.02808,1.02834,1.02673,1.02787,5733,12,0
2025-01-16 14:00:00,1.02786,1.03051,1.02736,1.03003,8811,12,0
2025-01-16 15:00:00,1.03003,1.03111,1.02854,1.03017,6819,12,0
2025-01-16 16:00:00,1.03017,1.03145,1.02937,1.02959,4504,12,0
2025-01-16 17:00:00,1.02959,1.03023,1.02928,1.02997,2486,12,0
2025-01-16 18:00:00,1.02997,1.03071,1.02969,1.03011,2670,12,0
2025-01-16 19:00:00,1.03011,1.03031,1.02965,1.02996,1759,12,0
2025-01-16 20:00:00,1.02992,1.03021,1.02961,1.03008,1051,12,0
2025-01-16 21:00:00,1.02956,1.0302,1.02924,1.02999,665,36,0
2025-01-16 22:00:00,1.02999,1.03037,1.02995,1.03008,642,12,0
2025-01-16 23:00:00,1.03008,1.03061,1.02974,1.03041,1684,12,0
2025-01-17 00:00:00,1.03041,1.03088,1.03008,1.03045,1785,12,0
2025-01-17 01:00:00,1.03045,1.03085,1.03023,1.03027,1732,12,0
2025-01-17 02:00:00,1.03027,1.03042,1.02992,1.03,1044,12,0
2025-01-17 03:00:00,1.03,1.03004,1.02912,1.0293,1055,12,0
2025-01-17 04:00:00,1.0293,1.02945,1.02868,1.02927,1288,12,0
2025-01-17 05:00:00,1.02927,1.02933,1.02845,1.02898,1279,12,0
2025-01-17 06:00:00,1.02896,1.02905,1.02768,1.02838,3945,12,0
2025-01-17 07:00:00,1.02838,1.02983,1.02838,1.02963,3592,12,0
2025-01-17 08:00:00,1.02963,1.03034,1.02886,1.0296,3753,12,0
2025-01-17 09:00:00,1.0296,1.03055,1.02959,1.03032,2762,12,0
2025-01-17 10:00:00,1.03032,1.03095,1.02983,1.0304,3088,12,0
2025-01-17 11:00:00,1.0304,1.0306,1.02897,1.02923,4137,12,0
2025-01-17 12:00:00,1.02925,1.02991,1.02848,1.02896,5428,12,0
2025-01-17 13:00:00,1.02896,1.03018,1.02645,1.02979,7779,12,0
2025-01-17 14:00:00,1.02979,1.03301,1.02947,1.02984,8442,12,0
2025-01-17 15:00:00,1.02985,1.02997,1.02811,1.02855,4871,12,0
2025-01-17 16:00:00,1.02855,1.02905,1.02781,1.02803,3502,12,0
2025-01-17 17:00:00,1.02803,1.02915,1.02784,1.02804,2524,12,0
2025-01-17 18:00:00,1.02804,1.02836,1.02721,1.02756,2259,12,0
2025-01-17 19:00:00,1.02756,1.0281,1.02731,1.02747,2614,12,0
2025-01-17 20:00:00,1.02743,1.02746,1.02674,1.02686,1193,12,0
2025-01-19 21:00:00,1.0277,1.02795,1.02724,1.02766,835,41,0
2025-01-19 22:00:00,1.02766,1.028,1.02656,1.02799,1315,12,0
2025-01-19 23:00:00,1.02799,1.02895,1.02775,1.02856,1791,12,0
2025-01-20 00:00:00,1.02856,1.02921,1.02785,1.02902,2069,12,0
2025-01-20 01:00:00,1.02902,1.02918,1.02862,1.02905,1751,12,0
2025-01-20 02:00:00,1.02905,1.03058,1.02903,1.03055,1693,12,0
2025-01-20 03:00:00,1.03055,1.03066,1.03013,1.03038,1257,12,0
2025-01-20 04:00:00,1.03038,1.03058,1.03011,1.03018,1068,12,0
2025-01-20 05:00:00,1.03018,1.03183,1.02987,1.03097,2135,12,0
2025-01-20 06:00:00,1.03097,1.03179,1.03052,1.03162,3249,12,0
2025-01-20 07:00:00,1.03158,1.0317,1.03063,1.03093,4301,12,0
2025-01-20 08:00:00,1.03092,1.03164,1.03044,1.03057,3993,12,0
2025-01-20 09:00:00,1.03058,1.03216,1.03058,1.03144,2812,12,0
2025-01-20 10:00:00,1.03145,1.03259,1.03124,1.03254,2612,12,0
2025-01-20 11:00:00,1.03254,1.03259,1.03144,1.03196,2895,12,0
2025-01-20 12:00:00,1.03194,1.03995,1.03073,1.03974,10687,12,0
2025-01-20 13:00:00,1.03974,1.04297,1.03789,1.04145,10371,12,0
2025-01-20 14:00:00,1.04141,1.04293,1.03841,1.03999,7909,12,0
2025-01-20 15:00:00,1.04,1.04052,1.03899,1.03978,3846,12,0
2025-01-20 16:00:00,1.03978,1.04019,1.03528,1.03849,6092,12,0
2025-01-20 17:00:00,1.03849,1.03961,1.03827,1.03961,1565,12,0
2025-01-20 18:00:00,1.0396,1.04228,1.039,1.042,1858,12,0
2025-01-20 19:00:00,1.042,1.04338,1.04113,1.04155,2755,12,0
2025-01-20 20:00:00,1.04155,1.04189,1.04093,1.04144,1319,12,0
2025-01-20 21:00:00,1.04136,1.04169,1.0409,1.04116,508,38,0
2025-01-20 22:00:00,1.04119,1.0425,1.04105,1.04203,2572,12,0
2025-01-20 23:00:00,1.04203,1.04338,1.03515,1.03618,7206,12,0
2025-01-21 00:00:00,1.03618,1.03972,1.03551,1.03696,8603,12,0
2025-01-21 01:00:00,1.03696,1.03897,1.03685,1.03869,3968,12,0
2025-01-21 02:00:00,1.0387,1.04005,1.03847,1.03868,3126,12,0
2025-01-21 03:00:00,1.03869,1.03984,1.03844,1.03893,1879,12,0
2025-01-21 04:00:00,1.03893,1.03916,1.03768,1.03782,1693,12,0
2025-01-21 05:00:00,1.03782,1.03809,1.03659,1.03682,2751,12,0
2025-01-21 06:00:00,1.03683,1.03856,1.03644,1.03728,4045,12,0
2025-01-21 07:00:00,1.03728,1.03728,1.03495,1.03601,4528,12,0
2025-01-21 08:00:00,1.03601,1.03631,1.03411,1.03528,5270,12,0
2025-01-21 09:00:00,1.03529,1.03589,1.03426,1.03523,4599,12,0
2025-01-21 10:00:00,1.03523,1.03575,1.03422,1.03528,3750,12,0
2025-01-21 11:00:00,1.03528,1.03576,1.03451,1.03536,4972,12,0
2025-01-21 12:00:00,1.03536,1.03774,1.03521,1.03771,5240,12,0
2025-01-21 13:00:00,1.03772,1.0398,1.03721,1.03875,6762,12,0
2025-01-21 14:00:00,1.03869,1.04099,1.03779,1.04,7524,12,0
2025-01-21 15:00:00,1.03999,1.04223,1.03977,1.04219,4999,12,0
2025-01-21 16:00:00,1.04219,1.04295,1.04205,1.04207,3684,12,0
2025-01-21 17:00:00,1.04207,1.04348,1.04192,1.04285,2623,12,0
2025-01-21 18:00:00,1.04285,1.04299,1.04155,1.04173,2111,12,0
2025-01-21 19:00:00,1.04173,1.0421,1.04151,1.04195,1660,12,0
2025-01-21 20:00:00,1.0419,1.04281,1.04182,1.04272,1103,12,0
2025-01-21 21:00:00,1.04258,1.04322,1.04227,1.04259,912,36,0
2025-01-21 22:00:00,1.04259,1.04269,1.03915,1.0405,3388,12,0
2025-01-21 23:00:00,1.04051,1.04238,1.0405,1.04224,2194,12,0
2025-01-22 00:00:00,1.04224,1.04225,1.04069,1.0409,2193,12,0
2025-01-22 01:00:00,1.0409,1.04158,1.04055,1.04131,1685,12,0
2025-01-22 02:00:00,1.04131,1.04151,1.04094,1.04114,1117,12,0
2025-01-22 03:00:00,1.04114,1.04207,1.04107,1.04165,977,12,0
2025-01-22 04:00:00,1.04165,1.04173,1.04077,1.04151,1291,12,0
2025-01-22 05:00:00,1.04151,1.04179,1.03991,1.04032,2309,12,0
2025-01-22 06:00:00,1.04032,1.04193,1.04027,1.04111,3524,12,0
2025-01-22 07:00:00,1.04111,1.04235,1.04089,1.04224,4986,12,0
2025-01-22 08:00:00,1.04224,1.04468,1.04193,1.04461,4860,12,0
2025-01-22 09:00:00,1.0446,1.04568,1.04421,1.04493,3963,12,0
2025-01-22 10:00:00,1.04493,1.04558,1.04399,1.04424,2714,12,0
2025-01-22 11:00:00,1.04423,1.04423,1.04305,1.04374,3259,12,0
2025-01-22 12:00:00,1.04374,1.04452,1.04216,1.0431,4527,12,0
2025-01-22 13:00:00,1.04308,1.04318,1.04137,1.04239,5554,12,0
2025-01-22 14:00:00,1.04239,1.04245,1.0414,1.04194,5201,12,0
2025-01-22 15:00:00,1.04192,1.04224,1.04116,1.0419,3645,12,0
2025-01-22 16:00:00,1.0419,1.042,1.04114,1.04164,2600,12,0
2025-01-22 17:00:00,1.04164,1.04206,1.04111,1.04154,1992,12,0
2025-01-22 18:00:00,1.04155,1.04223,1.04148,1.04195,1681,12,0
2025-01-22 19:00:00,1.04195,1.04224,1.04105,1.04114,1787,12,0
2025-01-22 20:00:00,1.04114,1.04125,1.04061,1.04083,950,12,0
2025-01-22 21:00:00,1.04008,1.04102,1.04008,1.04069,398,36,0
2025-01-22 22:00:00,1.04077,1.04088,1.04049,1.04073,738,12,0
2025-01-22 23:00:00,1.04073,1.04113,1.04062,1.04098,1319,12,0
2025-01-23 00:00:00,1.04098,1.04153,1.04013,1.04029,2671,12,0
2025-01-23 01:00:00,1.04029,1.04057,1.03962,1.04032,2087,12,0
2025-01-23 02:00:00,1.04032,1.04086,1.04025,1.04084,1191,12,0
2025-01-23 03:00:00,1.04084,1.04121,1.04082,1.04101,1129,12,0
2025-01-23 04:00:00,1.04101,1.0411,1.04035,1.04047,1487,12,0
2025-01-23 05:00:00,1.04047,1.04115,1.04023,1.04026,1779,12,0
2025-01-23 06:00:00,1.04026,1.04049,1.03894,1.03996,4129,12,0
2025-01-23 07:00:00,1.03995,1.04017,1.03896,1.03934,3627,12,0
2025-01-23 08:00:00,1.03934,1.04143,1.03926,1.0411,3614,12,0
2025-01-23 09:00:00,1.0411,1.04197,1.04094,1.04106,2878,12,0
2025-01-23 10:00:00,1.04106,1.04134,1.04006,1.04028,3088,12,0
2025-01-23 11:00:00,1.04028,1.04055,1.03935,1.0403,3269,12,0
2025-01-23 12:00:00,1.0403,1.04144,1.03967,1.04099,5488,12,0
2025-01-23 13:00:00,1.04101,1.04173,1.04051,1.04081,4341,12,0
2025-01-23 14:00:00,1.04082,1.04091,1.03863,1.03967,5143,12,0
2025-01-23 15:00:00,1.03966,1.04286,1.03713,1.04189,9717,12,0
2025-01-23 16:00:00,1.04189,1.04375,1.04132,1.04348,3995,12,0
2025-01-23 17:00:00,1.04348,1.04365,1.04213,1.04233,2472,12,0
2025-01-23 18:00:00,1.04233,1.04262,1.04191,1.04224,2501,12,0
2025-01-23 19:00:00,1.04224,1.04286,1.04153,1.04169,2524,12,0
2025-01-23 20:00:00,1.0417,1.04188,1.04121,1.04132,975,12,0
2025-01-23 21:00:00,1.04107,1.04166,1.04107,1.04152,726,36,0
2025-01-23 22:00:00,1.04152,1.04172,1.04138,1.04151,780,12,0
2025-01-23 23:00:00,1.04151,1.04225,1.04127,1.04187,1980,12,0
2025-01-24 00:00:00,1.04186,1.04197,1.04108,1.04152,1801,12,0
2025-01-24 01:00:00,1.04153,1.04488,1.04153,1.04483,4915,12,0
2025-01-24 02:00:00,1.04479,1.04533,1.0436,1.04453,3904,12,0
2025-01-24 03:00:00,1.04454,1.04508,1.04428,1.04468,2175,12,0
2025-01-24 04:00:00,1.04468,1.04533,1.04429,1.04508,2064,12,0
2025-01-24 05:00:00,1.04508,1.04696,1.04487,1.04567,4455,12,0
2025-01-24 06:00:00,1.04567,1.04643,1.04467,1.04606,5109,12,0
2025-01-24 07:00:00,1.04604,1.04945,1.04573,1.04927,6822,12,0
2025-01-24 08:00:00,1.04929,1.05145,1.04903,1.04938,5717,12,0
2025-01-24 09:00:00,1.04938,1.04973,1.04854,1.04884,3428,12,0
2025-01-24 10:00:00,1.04885,1.04926,1.04804,1.04854,2848,12,0
2025-01-24 11:00:00,1.04854,1.04871,1.04728,1.04731,2986,12,0
2025-01-24 12:00:00,1.04732,1.04793,1.04631,1.0468,4155,12,0
2025-01-24 13:00:00,1.0468,1.04932,1.04666,1.04909,5617,12,0
2025-01-24 14:00:00,1.04909,1.052,1.04888,1.05157,7191,12,0
2025-01-24 15:00:00,1.05157,1.05198,1.05051,1.05141,4742,12,0
2025-01-24 16:00:00,1.0514,1.05209,1.05093,1.05105,3064,12,0
2025-01-24 17:00:00,1.05105,1.05112,1.04934,1.04945,2224,12,0
2025-01-24 18:00:00,1.04945,1.0498,1.04914,1.04947,1755,12,0
2025-01-24 19:00:00,1.04947,1.04957,1.04876,1.04938,1754,12,0
2025-01-24 20:00:00,1.04939,1.04966,1.04925,1.04937,821,12,0
2025-01-26 21:00:00,1.04758,1.04833,1.04758,1.04816,711,41,0
2025-01-26 22:00:00,1.04816,1.04846,1.04644,1.04668,1991,12,0
2025-01-26 23:00:00,1.04668,1.04757,1.04645,1.04721,2148,12,0
2025-01-27 00:00:00,1.04721,1.04782,1.04606,1.04622,3305,12,0
2025-01-27 01:00:00,1.04622,1.0466,1.04583,1.04653,2199,12,0
2025-01-27 02:00:00,1.04653,1.0477,1.04626,1.04678,2634,12,0
2025-01-27 03:00:00,1.04679,1.04683,1.04591,1.04628,1983,12,0
2025-01-27 04:00:00,1.04628,1.04643,1.04552,1.04622,1924,12,0
2025-01-27 05:00:00,1.04622,1.04645,1.04561,1.04586,2396,12,0
2025-01-27 06:00:00,1.04586,1.04706,1.04532,1.04565,4118,12,0
2025-01-27 07:00:00,1.04563,1.04882,1.04538,1.04872,5470,12,0
2025-01-27 08:00:00,1.04871,1.04931,1.04745,1.04881,6179,12,0
2025-01-27 09:00:00,1.04882,1.05085,1.04882,1.05048,5984,12,0
2025-01-27 10:00:00,1.05047,1.05177,1.05039,1.05125,5118,12,0
2025-01-27 11:00:00,1.05124,1.05272,1.05084,1.05206,4600,12,0
2025-01-27 12:00:00,1.05207,1.05325,1.05091,1.05193,6647,12,0
2025-01-27 13:00:00,1.05193,1.05239,1.05071,1.05084,5542,12,0
2025-01-27 14:00:00,1.05084,1.05093,1.04933,1.04985,5678,12,0
2025-01-27 15:00:00,1.04985,1.0507,1.04886,1.04903,4928,12,0
2025-01-27 16:00:00,1.04903,1.04941,1.04843,1.04882,3812,12,0
2025-01-27 17:00:00,1.0488,1.04936,1.04812,1.04843,3473,12,0
2025-01-27 18:00:00,1.04843,1.04921,1.04785,1.04921,3014,12,0
2025-01-27 19:00:00,1.04921,1.04936,1.04867,1.04874,2345,12,0
2025-01-27 20:00:00,1.04874,1.04916,1.04853,1.04909,974,12,0
2025-01-27 21:00:00,1.04856,1.04925,1.04856,1.04874,746,36,0
2025-01-27 22:00:00,1.04883,1.04888,1.04279,1.04363,5606,12,0
2025-01-27 23:00:00,1.04363,1.04512,1.04318,1.04448,4092,12,0
2025-01-28 00:00:00,1.04448,1.0456,1.04293,1.04371,3396,12,0
2025-01-28 01:00:00,1.04371,1.0441,1.04239,1.04331,4220,12,0
2025-01-28 02:00:00,1.0433,1.04389,1.04283,1.04286,2349,12,0
2025-01-28 03:00:00,1.04287,1.04341,1.0425,1.04332,1768,12,0
2025-01-28 04:00:00,1.04332,1.04384,1.04328,1.04357,1743,12,0
2025-01-28 05:00:00,1.04359,1.04437,1.04331,1.04368,1843,12,0
2025-01-28 06:00:00,1.04364,1.04424,1.04275,1.04335,4147,12,0
2025-01-28 07:00:00,1.04337,1.04352,1.04186,1.04246,5331,12,0
2025-01-28 08:00:00,1.04246,1.04436,1.04218,1.04346,4682,12,0
2025-01-28 09:00:00,1.04345,1.04367,1.04242,1.04243,3477,12,0
2025-01-28 10:00:00,1.04242,1.04321,1.04221,1.04227,3009,12,0
2025-01-28 11:00:00,1.04227,1.04249,1.04131,1.04196,4401,12,0
2025-01-28 12:00:00,1.04196,1.04308,1.04167,1.04242,4867,12,0
2025-01-28 13:00:00,1.04242,1.04407,1.04235,1.04311,5238,12,0
2025-01-28 14:00:00,1.0431,1.04391,1.04203,1.04236,5452,12,0
2025-01-28 15:00:00,1.04236,1.04322,1.04219,1.04255,4658,12,0
2025-01-28 16:00:00,1.04255,1.0434,1.0424,1.04273,2824,12,0
2025-01-28 17:00:00,1.04273,1.04377,1.04225,1.04259,3230,12,0
2025-01-28 18:00:00,1.04259,1.04361,1.0422,1.04343,2376,12,0
2025-01-28 19:00:00,1.04344,1.04348,1.04289,1.0431,2258,12,0
2025-01-28 20:00:00,1.04308,1.04334,1.04294,1.04299,797,12,0
2025-01-28 21:00:00,1.04247,1.04282,1.04203,1.04273,428,36,0
2025-01-28 22:00:00,1.0428,1.04294,1.04259,1.04266,687,12,0
2025-01-28 23:00:00,1.04266,1.04339,1.04262,1.04296,1872,12,0
2025-01-29 00:00:00,1.04296,1.04335,1.04265,1.04267,1809,12,0
2025-01-29 01:00:00,1.04266,1.04352,1.04252,1.04334,1666,12,0
2025-01-29 02:00:00,1.04333,1.04386,1.04306,1.04369,1738,12,0
2025-01-29 03:00:00,1.04369,1.0442,1.04369,1.04379,1484,12,0
2025-01-29 04:00:00,1.04378,1.04403,1.04348,1.04397,1476,12,0
2025-01-29 05:00:00,1.04399,1.0443,1.04359,1.04367,2209,12,0
2025-01-29 06:00:00,1.04364,1.04372,1.04126,1.04154,3651,12,0
2025-01-29 07:00:00,1.04164,1.04298,1.04162,1.04236,4089,12,0
2025-01-29 08:00:00,1.04235,1.04241,1.04013,1.04032,4104,12,0
2025-01-29 09:00:00,1.04032,1.04079,1.03942,1.04031,3890,12,0
2025-01-29 10:00:00,1.04031,1.04077,1.03966,1.04009,3163,12,0
2025-01-29 11:00:00,1.04009,1.04043,1.0393,1.04034,3830,12,0
2025-01-29 12:00:00,1.04034,1.04052,1.03817,1.0387,5390,12,0
2025-01-29 13:00:00,1.0387,1.0401,1.03856,1.04008,4973,12,0
2025-01-29 14:00:00,1.04007,1.04266,1.03941,1.04188,6038,12,0
2025-01-29 15:00:00,1.04188,1.04234,1.04107,1.04152,5167,12,0
2025-01-29 16:00:00,1.04152,1.0428,1.04146,1.04206,4118,12,0
2025-01-29 17:00:00,1.04206,1.0424,1.04147,1.04192,2816,12,0
2025-01-29 18:00:00,1.04189,1.04281,1.03874,1.04155,11121,12,0
2025-01-29 19:00:00,1.04155,1.0425,1.04046,1.04098,6116,12,0
2025-01-29 20:00:00,1.04096,1.0421,1.04082,1.04196,1441,12,0
2025-01-29 21:00:00,1.04179,1.04206,1.0416,1.04196,659,36,0
2025-01-29 22:00:00,1.04207,1.04267,1.04178,1.04239,1497,12,0
2025-01-29 23:00:00,1.04239,1.04283,1.04233,1.04254,1686,12,0
2025-01-30 00:00:00,1.04254,1.04256,1.04182,1.04195,1990,12,0
2025-01-30 01:00:00,1.04195,1.04262,1.04192,1.04224,1723,12,0
2025-01-30 02:00:00,1.04224,1.04258,1.04215,1.04245,1510,12,0
2025-01-30 03:00:00,1.04245,1.04271,1.0417,1.04185,1781,12,0
2025-01-30 04:00:00,1.04185,1.04215,1.04169,1.04214,1674,12,0
2025-01-30 05:00:00,1.04215,1.04221,1.04101,1.04134,2066,12,0
2025-01-30 06:00:00,1.04133,1.04234,1.04089,1.04232,2904,12,0
2025-01-30 07:00:00,1.0426,1.04284,1.04155,1.04212,4094,12,0
2025-01-30 08:00:00,1.04212,1.0422,1.04015,1.04069,4720,12,0
2025-01-30 09:00:00,1.0407,1.04116,1.03951,1.04002,3835,12,0
2025-01-30 10:00:00,1.04001,1.04001,1.03906,1.03911,3291,12,0
2025-01-30 11:00:00,1.03911,1.04054,1.03897,1.04028,3676,12,0
2025-01-30 12:00:00,1.04031,1.04592,1.04006,1.04556,7785,12,0
2025-01-30 13:00:00,1.04553,1.04671,1.04188,1.04276,8615,12,0
2025-01-30 14:00:00,1.04281,1.04417,1.04264,1.04307,5872,12,0
2025-01-30 15:00:00,1.04308,1.04342,1.04165,1.04192,4204,12,0
2025-01-30 16:00:00,1.04192,1.04229,1.04089,1.04164,3472,12,0
2025-01-30 17:00:00,1.04164,1.0425,1.0415,1.04245,2090,12,0
2025-01-30 18:00:00,1.04245,1.04293,1.04224,1.04273,1798,12,0
2025-01-30 19:00:00,1.04274,1.04316,1.03854,1.04068,6005,12,0
2025-01-30 20:00:00,1.04069,1.04135,1.03865,1.03912,3557,12,0
2025-01-30 21:00:00,1.03772,1.03938,1.03772,1.03865,695,36,0
2025-01-30 22:00:00,1.03865,1.03978,1.03844,1.03963,1551,12,0
2025-01-30 23:00:00,1.03963,1.04019,1.03844,1.0386,1910,12,0
2025-01-31 00:00:00,1.0386,1.0392,1.03763,1.03883,3086,12,0
2025-01-31 01:00:00,1.03882,1.03944,1.03861,1.03891,2182,12,0
2025-01-31 02:00:00,1.03891,1.03909,1.03831,1.03844,1741,12,0
2025-01-31 03:00:00,1.03844,1.03892,1.03822,1.03868,1532,12,0
2025-01-31 04:00:00,1.03868,1.03902,1.0384,1.03882,1738,12,0
2025-01-31 05:00:00,1.03882,1.03948,1.03868,1.03938,1943,12,0
2025-01-31 06:00:00,1.03939,1.04123,1.03906,1.04035,4221,12,0
2025-01-31 07:00:00,1.04035,1.04062,1.03802,1.03837,4498,12,0
2025-01-31 08:00:00,1.03836,1.03845,1.03647,1.0383,5786,12,0
2025-01-31 09:00:00,1.03831,1.03834,1.03731,1.03757,3981,12,0
2025-01-31 10:00:00,1.03757,1.03795,1.03714,1.03752,3050,12,0
2025-01-31 11:00:00,1.03752,1.0385,1.0374,1.03819,3154,12,0
2025-01-31 12:00:00,1.03818,1.03948,1.03762,1.03817,6097,12,0
2025-01-31 13:00:00,1.03818,1.0382,1.03661,1.03681,5711,12,0
2025-01-31 14:00:00,1.03685,1.04,1.03596,1.03959,6129,12,0
2025-01-31 15:00:00,1.03959,1.0407,1.03855,1.03992,5259,12,0
2025-01-31 16:00:00,1.03992,1.04333,1.03896,1.04195,7950,12,0
2025-01-31 17:00:00,1.04195,1.04211,1.03606,1.03693,8924,12,0
2025-01-31 18:00:00,1.03691,1.03787,1.03639,1.03756,5674,12,0
2025-01-31 19:00:00,1.03757,1.03814,1.03624,1.0373,5427,12,0
2025-01-31 20:00:00,1.0373,1.03864,1.03496,1.03573,5163,12,0
2025-02-02 21:00:00,1.02368,1.02561,1.02354,1.02487,1741,41,0
2025-02-02 22:00:00,1.02502,1.02699,1.02338,1.02466,6933,12,0
2025-02-02 23:00:00,1.02466,1.02667,1.02099,1.02315,8698,12,0
2025-02-03 00:00:00,1.02314,1.02517,1.02214,1.02372,6159,12,0
2025-02-03 01:00:00,1.02371,1.02373,1.02202,1.0223,5471,12,0
2025-02-03 02:00:00,1.0223,1.02244,1.02116,1.02209,3581,12,0
2025-02-03 03:00:00,1.02208,1.02393,1.02198,1.0226,5194,12,0
2025-02-03 04:00:00,1.0226,1.02427,1.02251,1.02398,3248,12,0
2025-02-03 05:00:00,1.02398,1.02511,1.02389,1.02425,3815,12,0
2025-02-03 06:00:00,1.02425,1.0249,1.02213,1.0224,5746,12,0
2025-02-03 07:00:00,1.02243,1.02506,1.02122,1.02432,6782,12,0
2025-02-03 08:00:00,1.02429,1.02537,1.02249,1.02298,4683,12,0
2025-02-03 09:00:00,1.02298,1.0244,1.02293,1.02431,4212,12,0
2025-02-03 10:00:00,1.0243,1.02553,1.02358,1.02517,3955,12,0
2025-02-03 11:00:00,1.02517,1.02777,1.02505,1.02571,5589,12,0
2025-02-03 12:00:00,1.02573,1.02873,1.02571,1.02632,6583,12,0
2025-02-03 13:00:00,1.02634,1.02654,1.02466,1.02502,6321,12,0
2025-02-03 14:00:00,1.02503,1.03351,1.02433,1.03154,10916,12,0
2025-02-03 15:00:00,1.03155,1.0321,1.02722,1.02756,6692,12,0
2025-02-03 16:00:00,1.02755,1.0302,1.02709,1.02792,4822,13,0
2025-02-03 17:00:00,1.02788,1.02872,1.02696,1.02779,3929,13,0
2025-02-03 18:00:00,1.02779,1.02964,1.02778,1.02839,2992,12,0
2025-02-03 19:00:00,1.02843,1.02986,1.02822,1.02949,2827,12,0
2025-02-03 20:00:00,1.02949,1.03494,1.02923,1.0339,5093,12,0
2025-02-03 21:00:00,1.0341,1.03457,1.03318,1.03416,812,36,0
2025-02-03 22:00:00,1.03416,1.03511,1.03259,1.03276,3043,12,0
2025-02-03 23:00:00,1.03276,1.03303,1.03156,1.03173,2646,12,0
2025-02-04 00:00:00,1.03173,1.03221,1.03079,1.03214,3650,12,0
2025-02-04 01:00:00,1.03214,1.03234,1.03158,1.03214,2640,12,0
2025-02-04 02:00:00,1.03214,1.03235,1.03111,1.0314,2292,12,0
2025-02-04 03:00:00,1.0314,1.03145,1.03051,1.03052,1966,12,0
2025-02-04 04:00:00,1.03052,1.03052,1.02715,1.02926,6585,12,0
2025-02-04 05:00:00,1.02925,1.03071,1.02916,1.03061,3300,12,0
2025-02-04 06:00:00,1.03059,1.03164,1.02993,1.0311,3894,12,0
2025-02-04 07:00:00,1.0311,1.0335,1.03084,1.03338,6089,12,0
2025-02-04 08:00:00,1.03337,1.03489,1.03316,1.03381,3996,12,0
2025-02-04 09:00:00,1.0338,1.03427,1.03248,1.03344,3107,12,0
2025-02-04 10:00:00,1.03345,1.03346,1.03214,1.03215,2786,12,0
2025-02-04 11:00:00,1.03215,1.03278,1.03197,1.03247,3576,12,0
2025-02-04 12:00:00,1.03246,1.03401,1.03233,1.03397,4172,12,0
2025-02-04 13:00:00,1.034,1.03657,1.03396,1.03594,5876,12,0
2025-02-04 14:00:00,1.03595,1.03854,1.0357,1.03797,8289,12,0
2025-02-04 15:00:00,1.03796,1.03869,1.03728,1.03778,4314,12,0
2025-02-04 16:00:00,1.03776,1.03782,1.03651,1.0376,3353,12,0
2025-02-04 17:00:00,1.0376,1.03856,1.03738,1.03805,2048,12,0
2025-02-04 18:00:00,1.03805,1.03848,1.03766,1.03807,2100,12,0
2025-02-04 19:00:00,1.03811,1.03853,1.03788,1.03847,1712,12,0
2025-02-04 20:00:00,1.03848,1.0387,1.03772,1.03785,990,12,0
2025-02-04 21:00:00,1.03712,1.03789,1.03712,1.03766,845,27,0
2025-02-04 22:00:00,1.03774,1.03797,1.03702,1.03709,1279,12,0
2025-02-04 23:00:00,1.0371,1.03814,1.03688,1.03783,1883,12,0
2025-02-05 00:00:00,1.03782,1.03861,1.0372,1.03727,2722,12,0
2025-02-05 01:00:00,1.03726,1.03843,1.03723,1.0384,2349,12,0
2025-02-05 02:00:00,1.0384,1.03855,1.03787,1.03788,1654,12,0
2025-02-05 03:00:00,1.03788,1.03817,1.03757,1.03781,1487,12,0
2025-02-05 04:00:00,1.03781,1.03782,1.03725,1.03771,1754,12,0
2025-02-05 05:00:00,1.03771,1.03935,1.03735,1.03845,2184,12,0
2025-02-05 06:00:00,1.03843,1.0409,1.03814,1.0402,3347,12,0
2025-02-05 07:00:00,1.04012,1.04081,1.03895,1.04032,4113,12,0
2025-02-05 08:00:00,1.04033,1.04168,1.04009,1.04033,3604,12,0
2025-02-05 09:00:00,1.04032,1.04298,1.04012,1.04244,3103,12,0
2025-02-05 10:00:00,1.04245,1.04248,1.0411,1.04141,2535,12,0
2025-02-05 11:00:00,1.0414,1.04214,1.04102,1.04187,2641,12,0
2025-02-05 12:00:00,1.04186,1.04251,1.04009,1.04071,4235,12,0
2025-02-05 13:00:00,1.04073,1.04257,1.04055,1.0422,4071,12,0
2025-02-05 14:00:00,1.04213,1.04419,1.04146,1.04216,5704,12,0
2025-02-05 15:00:00,1.04217,1.04241,1.04097,1.04174,3638,12,0
2025-02-05 16:00:00,1.04175,1.04232,1.04097,1.04192,2284,12,0
2025-02-05 17:00:00,1.04192,1.0421,1.04136,1.04148,1874,12,0
2025-02-05 18:00:00,1.04149,1.04163,1.0404,1.04065,2042,12,0
2025-02-05 19:00:00,1.04066,1.04066,1.04006,1.04042,1713,12,0
2025-02-05 20:00:00,1.04041,1.04061,1.03963,1.04016,1062,12,0
2025-02-05 21:00:00,1.03992,1.04035,1.03992,1.04022,481,36,0
2025-02-05 22:00:00,1.04032,1.04046,1.03967,1.0398,1031,12,0
2025-02-05 23:00:00,1.03981,1.04016,1.03943,1.03969,1704,12,0
2025-02-06 00:00:00,1.0397,1.0404,1.03947,1.04021,2218,12,0
2025-02-06 01:00:00,1.04019,1.04049,1.03902,1.03945,2013,12,0
2025-02-06 02:00:00,1.03945,1.03957,1.03889,1.03915,1526,12,0
2025-02-06 03:00:00,1.03915,1.03932,1.03845,1.03864,1464,12,0
2025-02-06 04:00:00,1.03865,1.03898,1.03853,1.03858,1607,12,0
2025-02-06 05:00:00,1.03859,1.03919,1.0385,1.03896,1709,12,0
2025-02-06 06:00:00,1.03895,1.0391,1.03773,1.03795,2593,12,0
2025-02-06 07:00:00,1.03794,1.03803,1.03555,1.03644,3480,12,0
2025-02-06 08:00:00,1.03644,1.03673,1.03556,1.03587,2778,12,0
2025-02-06 09:00:00,1.03587,1.03658,1.03552,1.03619,2477,12,0
2025-02-06 10:00:00,1.03619,1.03671,1.03574,1.03614,2556,12,0
2025-02-06 11:00:00,1.03615,1.0363,1.03518,1.03612,4025,12,0
2025-02-06 12:00:00,1.03611,1.03666,1.03529,1.036,4045,12,0
2025-02-06 13:00:00,1.03597,1.03742,1.03592,1.03617,3626,12,0
2025-02-06 14:00:00,1.03617,1.03759,1.03604,1.03689,4272,12,0
2025-02-06 15:00:00,1.03688,1.03755,1.03662,1.03664,2963,12,0
2025-02-06 16:00:00,1.03664,1.038,1.03651,1.03787,1974,12,0
2025-02-06 17:00:00,1.03786,1.03959,1.03737,1.03889,2734,12,0
2025-02-06 18:00:00,1.03889,1.03908,1.03797,1.03845,1710,13,0
2025-02-06 19:00:00,1.03841,1.03902,1.03832,1.03884,1460,12,0
2025-02-06 20:00:00,1.03879,1.03887,1.03825,1.03826,884,12,0
2025-02-06 21:00:00,1.03818,1.0384,1.03801,1.03818,471,36,0
2025-02-06 22:00:00,1.03818,1.03863,1.03818,1.03846,1373,12,0
2025-02-06 23:00:00,1.03846,1.03905,1.03767,1.03771,2034,12,0
2025-02-07 00:00:00,1.0377,1.03862,1.03737,1.03833,2862,12,0
2025-02-07 01:00:00,1.03833,1.03855,1.03803,1.03836,2334,12,0
2025-02-07 02:00:00,1.03836,1.03844,1.03766,1.03791,1798,12,0
2025-02-07 03:00:00,1.03791,1.03829,1.03751,1.03806,1723,12,0
2025-02-07 04:00:00,1.03805,1.03809,1.03733,1.03746,1818,12,0
2025-02-07 05:00:00,1.03746,1.03768,1.0372,1.03755,2251,12,0
2025-02-07 06:00:00,1.03754,1.03896,1.03737,1.03886,2720,12,0
2025-02-07 07:00:00,1.03886,1.03994,1.03848,1.03971,3192,12,0
2025-02-07 08:00:00,1.03971,1.03985,1.03892,1.03905,2870,12,0
2025-02-07 09:00:00,1.03905,1.03908,1.03784,1.03809,2531,12,0
2025-02-07 10:00:00,1.03809,1.03836,1.03767,1.03819,2300,12,0
2025-02-07 11:00:00,1.03819,1.03819,1.03678,1.03739,2788,12,0
2025-02-07 12:00:00,1.03738,1.04084,1.03484,1.03632,8883,12,0
2025-02-07 13:00:00,1.03631,1.03883,1.03602,1.03857,6443,12,0
2025-02-07 14:00:00,1.03849,1.03871,1.03267,1.03543,8720,12,0
2025-02-07 15:00:00,1.03544,1.03546,1.03208,1.03275,9662,12,0
2025-02-07 16:00:00,1.03274,1.03601,1.03045,1.03212,8073,12,0
2025-02-07 17:00:00,1.03212,1.03353,1.03203,1.03246,2579,13,0
2025-02-07 18:00:00,1.03246,1.03363,1.03231,1.03318,2414,13,0
2025-02-07 19:00:00,1.03317,1.0338,1.03208,1.03273,1964,12,0
2025-02-07 20:00:00,1.03273,1.03318,1.03222,1.03271,1610,12,0
2025-02-09 21:00:00,1.02968,1.03007,1.02763,1.0289,1484,37,0
2025-02-09 22:00:00,1.02909,1.0313,1.02909,1.0309,2435,12,0
2025-02-09 23:00:00,1.03091,1.03179,1.03086,1.03096,2495,12,0
2025-02-10 00:00:00,1.03096,1.03141,1.02995,1.03027,3134,12,0
2025-02-10 01:00:00,1.03027,1.03064,1.02981,1.0299,2098,12,0
2025-02-10 02:00:00,1.0299,1.03111,1.0299,1.0311,1793,12,0
2025-02-10 03:00:00,1.0311,1.03152,1.03106,1.03126,1427,12,0
2025-02-10 04:00:00,1.03126,1.03211,1.03125,1.03155,1628,12,0
2025-02-10 05:00:00,1.03155,1.03195,1.03115,1.03185,2057,12,0
2025-02-10 06:00:00,1.03185,1.03251,1.03093,1.03122,3582,12,0
2025-02-10 07:00:00,1.03122,1.03224,1.0306,1.03216,4718,12,0
2025-02-10 08:00:00,1.03216,1.03342,1.03202,1.03261,3781,12,0
2025-02-10 09:00:00,1.03261,1.0333,1.03228,1.03293,2627,12,0
2025-02-10 10:00:00,1.03294,1.03359,1.03196,1.03201,2817,12,0
2025-02-10 11:00:00,1.032,1.03213,1.03079,1.03131,3559,12,0
2025-02-10 12:00:00,1.03132,1.03259,1.03132,1.0321,3640,12,0
2025-02-10 13:00:00,1.0321,1.0323,1.03035,1.03107,4569,12,0
2025-02-10 14:00:00,1.03107,1.03193,1.03101,1.03146,3978,12,0
2025-02-10 15:00:00,1.03146,1.03176,1.03039,1.0311,3648,12,0
2025-02-10 16:00:00,1.0311,1.03141,1.0306,1.03119,2466,12,0
2025-02-10 17:00:00,1.03119,1.03155,1.03054,1.03066,1987,12,0
2025-02-10 18:00:00,1.03066,1.03104,1.03046,1.03062,1654,12,0
2025-02-10 19:00:00,1.03062,1.03079,1.03044,1.03062,1194,12,0
2025-02-10 20:00:00,1.03062,1.03079,1.03045,1.0306,578,12,0
2025-02-10 21:00:00,1.03014,1.0308,1.03012,1.03054,966,36,0
2025-02-10 22:00:00,1.03054,1.03073,1.02978,1.03,1813,12,0
2025-02-10 23:00:00,1.02999,1.03062,1.0299,1.03041,1395,12,0
2025-02-11 00:00:00,1.03041,1.03041,1.02994,1.03015,2093,12,0
2025-02-11 01:00:00,1.03015,1.03023,1.02915,1.02924,2184,12,0
2025-02-11 02:00:00,1.02924,1.03001,1.02915,1.02975,1887,12,0
2025-02-11 03:00:00,1.02975,1.03037,1.02969,1.03036,1834,12,0
2025-02-11 04:00:00,1.03036,1.03054,1.03014,1.03041,1334,12,0
2025-02-11 05:00:00,1.03041,1.031,1.03035,1.03046,2312,12,0
2025-02-11 06:00:00,1.03047,1.03072,1.03004,1.03025,2904,12,0
2025-02-11 07:00:00,1.03025,1.03192,1.02991,1.03177,3561,12,0
2025-02-11 08:00:00,1.03177,1.03214,1.0312,1.03173,3312,12,0
2025-02-11 09:00:00,1.03173,1.03245,1.03139,1.03155,2766,12,0
2025-02-11 10:00:00,1.03155,1.03221,1.03152,1.03212,2196,12,0
2025-02-11 11:00:00,1.03212,1.03279,1.03198,1.03214,2838,12,0
2025-02-11 12:00:00,1.03216,1.03255,1.0316,1.03219,3513,12,0
2025-02-11 13:00:00,1.03218,1.03365,1.03213,1.03318,3924,12,0
2025-02-11 14:00:00,1.03318,1.03427,1.03275,1.03394,4930,12,0
2025-02-11 15:00:00,1.03393,1.03507,1.03384,1.03451,4121,12,0
2025-02-11 16:00:00,1.03451,1.0348,1.03428,1.03447,2057,12,0
2025-02-11 17:00:00,1.03447,1.03507,1.03439,1.03448,1813,12,0
2025-02-11 18:00:00,1.03448,1.0381,1.03414,1.03577,3106,12,0
2025-02-11 19:00:00,1.03577,1.03669,1.0357,1.03624,2711,13,0
2025-02-11 20:00:00,1.03623,1.03635,1.03582,1.03603,1079,13,0
2025-02-11 21:00:00,1.03577,1.03627,1.03576,1.03606,378,36,0
2025-02-11 22:00:00,1.03608,1.0367,1.03592,1.03627,1249,12,0
2025-02-11 23:00:00,1.03628,1.03637,1.03557,1.03568,1671,12,0
2025-02-12 00:00:00,1.03567,1.03636,1.03533,1.03599,2556,12,0
2025-02-12 01:00:00,1.03599,1.03673,1.03598,1.03619,2259,12,0
2025-02-12 02:00:00,1.0362,1.03651,1.0358,1.03614,2188,12,0
2025-02-12 03:00:00,1.03614,1.0363,1.03554,1.03556,1849,12,0
2025-02-12 04:00:00,1.03556,1.03588,1.03542,1.03578,1818,12,0
2025-02-12 05:00:00,1.03579,1.03596,1.03562,1.03584,2089,12,0
2025-02-12 06:00:00,1.03584,1.03786,1.03582,1.03753,3285,12,0
2025-02-12 07:00:00,1.03753,1.03793,1.03673,1.03705,3995,12,0
2025-02-12 08:00:00,1.03704,1.03735,1.03641,1.0373,2966,12,0
2025-02-12 09:00:00,1.03729,1.03767,1.03693,1.0375,2843,12,0
2025-02-12 10:00:00,1.0375,1.0385,1.03732,1.03745,2876,12,0
2025-02-12 11:00:00,1.03745,1.03783,1.03714,1.03724,3157,12,0
2025-02-12 12:00:00,1.03724,1.03756,1.03164,1.03324,8923,12,0
2025-02-12 13:00:00,1.03324,1.03531,1.03246,1.03494,6956,12,0
2025-02-12 14:00:00,1.03494,1.03822,1.03374,1.0374,8881,12,0
2025-02-12 15:00:00,1.0374,1.03953,1.03497,1.03907,6479,12,0
2025-02-12 16:00:00,1.03907,1.04269,1.03902,1.04256,7195,12,0
2025-02-12 17:00:00,1.04256,1.04293,1.03867,1.03888,4810,12,0
2025-02-12 18:00:00,1.03888,1.03928,1.03841,1.03905,2698,12,0
2025-02-12 19:00:00,1.03905,1.03968,1.03874,1.03911,2168,12,0
2025-02-12 20:00:00,1.03911,1.03952,1.038,1.03813,1442,12,0
2025-02-12 21:00:00,1.0373,1.03849,1.0373,1.03825,1027,36,0
2025-02-12 22:00:00,1.03834,1.03918,1.03831,1.03916,1458,12,0
2025-02-12 23:00:00,1.03916,1.04,1.03875,1.03889,2043,12,0
2025-02-13 00:00:00,1.0389,1.04013,1.03866,1.03991,2916,12,0
2025-02-13 01:00:00,1.03991,1.04072,1.03959,1.04032,2525,12,0
2025-02-13 02:00:00,1.04033,1.04213,1.04028,1.04185,2394,12,0
2025-02-13 03:00:00,1.04185,1.04348,1.04181,1.04339,2901,12,0
2025-02-13 04:00:00,1.0434,1.04377,1.04299,1.04343,2724,12,0
2025-02-13 05:00:00,1.04344,1.04394,1.04279,1.04302,3292,12,0
2025-02-13 06:00:00,1.04303,1.0436,1.04218,1.04249,4583,12,0
2025-02-13 07:00:00,1.04249,1.04258,1.04095,1.0413,4711,12,0
2025-02-13 08:00:00,1.0413,1.04257,1.04103,1.04224,3887,12,0
2025-02-13 09:00:00,1.04224,1.04284,1.04125,1.04152,3165,12,0
2025-02-13 10:00:00,1.04152,1.04269,1.03919,1.04025,4532,12,0
2025-02-13 11:00:00,1.04025,1.04029,1.03852,1.0389,4303,12,0
2025-02-13 12:00:00,1.03893,1.04065,1.03744,1.03919,7190,12,0
2025-02-13 13:00:00,1.0392,1.04007,1.03812,1.03991,6068,12,0
2025-02-13 14:00:00,1.0399,1.04376,1.0399,1.04329,8712,12,0
2025-02-13 15:00:00,1.04328,1.04448,1.04235,1.0427,4649,12,0
2025-02-13 16:00:00,1.04267,1.04383,1.04243,1.04247,3106,12,0
2025-02-13 17:00:00,1.04246,1.0431,1.03725,1.04089,7768,12,0
2025-02-13 18:00:00,1.04087,1.04421,1.0408,1.04366,4514,12,0
2025-02-13 19:00:00,1.04366,1.04653,1.04349,1.04608,2869,12,0
2025-02-13 20:00:00,1.04612,1.0466,1.04564,1.04652,1248,12,0
2025-02-13 21:00:00,1.04597,1.04673,1.04597,1.04654,681,36,0
2025-02-13 22:00:00,1.04654,1.04667,1.04553,1.04607,1792,12,0
2025-02-13 23:00:00,1.04609,1.04664,1.04571,1.04602,2477,12,0
2025-02-14 00:00:00,1.04602,1.04662,1.04576,1.04586,3203,12,0
2025-02-14 01:00:00,1.04586,1.04604,1.04545,1.04562,2218,12,0
2025-02-14 02:00:00,1.04561,1.0461,1.04533,1.04583,1936,12,0
2025-02-14 03:00:00,1.04583,1.04632,1.0454,1.0454,1597,12,0
2025-02-14 04:00:00,1.0454,1.04553,1.04468,1.0452,2077,12,0
2025-02-14 05:00:00,1.04521,1.04603,1.04513,1.04579,2665,12,0
2025-02-14 06:00:00,1.04578,1.04717,1.04578,1.04642,4086,12,0
2025-02-14 07:00:00,1.04642,1.04857,1.04628,1.04763,4825,12,0
2025-02-14 08:00:00,1.04763,1.04872,1.04753,1.04807,3620,12,0
2025-02-14 09:00:00,1.04807,1.04823,1.04641,1.04664,3147,12,0
2025-02-14 10:00:00,1.04663,1.04689,1.04623,1.0467,3073,12,0
2025-02-14 11:00:00,1.04669,1.04744,1.04564,1.0471,3744,12,0
2025-02-14 12:00:00,1.04713,1.04972,1.04707,1.04877,6516,12,0
2025-02-14 13:00:00,1.04877,1.05137,1.04866,1.0508,5441,12,0
2025-02-14 14:00:00,1.0508,1.05122,1.04905,1.05078,5905,12,0
2025-02-14 15:00:00,1.05078,1.05099,1.04962,1.04969,4119,12,0
2025-02-14 16:00:00,1.04969,1.05082,1.04934,1.05066,2637,12,0
2025-02-14 17:00:00,1.05066,1.05076,1.04989,1.05038,1899,12,0
2025-02-14 18:00:00,1.05038,1.05045,1.04943,1.0498,1938,12,0
2025-02-14 19:00:00,1.04981,1.04981,1.04906,1.04913,1867,12,0
2025-02-14 20:00:00,1.04916,1.0494,1.04876,1.04905,1400,12,0
2025-02-16 21:00:00,1.04837,1.04887,1.04835,1.04878,567,41,0
2025-02-16 22:00:00,1.04881,1.0494,1.04841,1.04882,2274,12,0
2025-02-16 23:00:00,1.04882,1.04928,1.04849,1.04917,2084,12,0
2025-02-17 00:00:00,1.04917,1.05059,1.0489,1.05047,2524,12,0
2025-02-17 01:00:00,1.05047,1.0505,1.04952,1.05007,2357,12,0
2025-02-17 02:00:00,1.05005,1.05031,1.04937,1.04942,2110,12,0
2025-02-17 03:00:00,1.04942,1.04967,1.04887,1.04949,1644,12,0
2025-02-17 04:00:00,1.04949,1.04976,1.04843,1.04893,2503,12,0
2025-02-17 05:00:00,1.04893,1.04927,1.04874,1.04911,2447,12,0
2025-02-17 06:00:00,1.04911,1.0495,1.04798,1.0482,3519,12,0
2025-02-17 07:00:00,1.0482,1.04843,1.04703,1.04737,4222,12,0
2025-02-17 08:00:00,1.04737,1.04808,1.04706,1.04737,3127,12,0
2025-02-17 09:00:00,1.04735,1.04886,1.04727,1.04884,2789,12,0
2025-02-17 10:00:00,1.04882,1.04886,1.04771,1.04814,2282,12,0
2025-02-17 11:00:00,1.04814,1.04845,1.04679,1.04716,3057,12,0
2025-02-17 12:00:00,1.04716,1.0476,1.04665,1.04739,2391,12,0
2025-02-17 13:00:00,1.04737,1.04788,1.04707,1.04777,2307,12,0
2025-02-17 14:00:00,1.04777,1.04837,1.04735,1.0479,2490,12,0
2025-02-17 15:00:00,1.0479,1.04826,1.04761,1.04781,1806,12,0
2025-02-17 16:00:00,1.04781,1.04839,1.04771,1.04819,956,12,0
2025-02-17 17:00:00,1.04818,1.04819,1.04786,1.04814,479,12,0
2025-02-17 18:00:00,1.04814,1.04832,1.0479,1.0481,603,12,0
2025-02-17 19:00:00,1.0481,1.04832,1.04801,1.04828,448,12,0
2025-02-17 20:00:00,1.04828,1.04844,1.0482,1.04825,442,12,0
2025-02-17 21:00:00,1.04752,1.04834,1.04737,1.04795,927,36,0
2025-02-17 22:00:00,1.04795,1.04853,1.04758,1.04844,971,12,0
2025-02-17 23:00:00,1.04844,1.04856,1.04721,1.04743,1903,12,0
2025-02-18 00:00:00,1.04744,1.04751,1.04616,1.04655,2907,12,0
2025-02-18 01:00:00,1.04655,1.04703,1.0465,1.04669,2379,12,0
2025-02-18 02:00:00,1.04669,1.04719,1.04612,1.04622,2611,12,0
2025-02-18 03:00:00,1.04622,1.04634,1.04547,1.04566,1879,12,0
2025-02-18 04:00:00,1.04566,1.04587,1.04516,1.04546,2208,12,0
2025-02-18 05:00:00,1.04546,1.04628,1.0454,1.04607,2453,12,0
2025-02-18 06:00:00,1.04607,1.04684,1.0458,1.04628,3292,12,0
2025-02-18 07:00:00,1.04628,1.04686,1.04541,1.04562,4325,12,0
2025-02-18 08:00:00,1.04561,1.04646,1.04551,1.04634,3285,12,0
2025-02-18 09:00:00,1.04634,1.04666,1.04584,1.04616,2946,12,0
2025-02-18 10:00:00,1.04617,1.04643,1.04605,1.04623,2263,12,0
2025-02-18 11:00:00,1.04622,1.04664,1.04523,1.04546,3211,12,0
2025-02-18 12:00:00,1.04546,1.04563,1.04411,1.04441,4157,12,0
2025-02-18 13:00:00,1.04441,1.04544,1.04409,1.04517,4312,12,0
2025-02-18 14:00:00,1.04518,1.04664,1.0451,1.04659,4750,12,0
2025-02-18 15:00:00,1.04658,1.04688,1.04532,1.0456,3568,12,0
2025-02-18 16:00:00,1.0456,1.04561,1.04386,1.04453,2627,12,0
2025-02-18 17:00:00,1.04453,1.04473,1.04344,1.04436,2340,12,0
2025-02-18 18:00:00,1.04436,1.04492,1.044,1.04445,1841,12,0
2025-02-18 19:00:00,1.04445,1.04471,1.04406,1.04471,1758,12,0
2025-02-18 20:00:00,1.04467,1.04489,1.04439,1.0445,1294,12,0
2025-02-18 21:00:00,1.04415,1.045,1.04415,1.04494,1207,36,0
2025-02-18 22:00:00,1.04494,1.04495,1.04447,1.04476,1246,12,0
2025-02-18 23:00:00,1.04474,1.04487,1.04433,1.04451,1949,12,0
2025-02-19 00:00:00,1.04452,1.04474,1.04403,1.0446,3271,12,0
2025-02-19 01:00:00,1.04459,1.04516,1.04441,1.04513,2941,12,0
2025-02-19 02:00:00,1.04513,1.04516,1.04469,1.04508,1847,12,0
2025-02-19 03:00:00,1.04508,1.04526,1.04476,1.04518,1711,12,0
2025-02-19 04:00:00,1.04518,1.04557,1.04481,1.04557,1713,12,0
2025-02-19 05:00:00,1.04557,1.04608,1.04537,1.04545,2414,12,0
2025-02-19 06:00:00,1.04547,1.04588,1.04481,1.04507,3332,12,0
2025-02-19 07:00:00,1.04506,1.04556,1.04379,1.04399,3798,12,0
2025-02-19 08:00:00,1.04399,1.04431,1.04277,1.04284,3632,12,0
2025-02-19 09:00:00,1.04284,1.04293,1.04182,1.04235,3645,12,0
2025-02-19 10:00:00,1.04235,1.04327,1.04195,1.04241,4421,12,0
2025-02-19 11:00:00,1.04241,1.04313,1.04212,1.04275,3644,12,0
2025-02-19 12:00:00,1.04276,1.04347,1.04245,1.04333,3645,12,0
2025-02-19 13:00:00,1.04333,1.04373,1.04269,1.04329,4216,12,0
2025-02-19 14:00:00,1.04335,1.04408,1.04209,1.04236,5816,12,0
2025-02-19 15:00:00,1.04236,1.04242,1.04036,1.0404,4535,12,0
2025-02-19 16:00:00,1.0404,1.04128,1.04002,1.04093,2342,12,0
2025-02-19 17:00:00,1.04093,1.04213,1.04079,1.04188,1907,12,0
2025-02-19 18:00:00,1.04188,1.0432,1.04173,1.04253,2759,12,0
2025-02-19 19:00:00,1.04245,1.04258,1.04202,1.04248,1521,12,0
2025-02-19 20:00:00,1.04247,1.04257,1.04214,1.04218,680,12,0
2025-02-19 21:00:00,1.04158,1.04252,1.04158,1.04232,904,36,0
2025-02-19 22:00:00,1.04232,1.04251,1.04194,1.04202,1070,12,0
2025-02-19 23:00:00,1.04203,1.04295,1.0419,1.04286,2589,12,0
2025-02-20 00:00:00,1.04286,1.04322,1.04179,1.04207,3270,12,0
2025-02-20 01:00:00,1.04207,1.0437,1.04195,1.0435,3475,12,0
2025-02-20 02:00:00,1.0435,1.04354,1.04259,1.04305,2320,12,0
2025-02-20 03:00:00,1.04304,1.04312,1.04234,1.04297,1908,12,0
2025-02-20 04:00:00,1.04296,1.04337,1.04263,1.04269,2334,12,0
2025-02-20 05:00:00,1.04269,1.04338,1.04237,1.04243,2551,12,0
2025-02-20 06:00:00,1.04245,1.0433,1.04229,1.0431,2942,12,0
2025-02-20 07:00:00,1.0431,1.04416,1.04288,1.04325,3446,12,0
2025-02-20 08:00:00,1.04328,1.04378,1.0428,1.04364,2716,12,0
2025-02-20 09:00:00,1.04363,1.04433,1.04335,1.04418,2557,12,0
2025-02-20 10:00:00,1.04418,1.04458,1.04302,1.04379,2569,12,0
2025-02-20 11:00:00,1.04379,1.04432,1.04326,1.04349,3534,12,0
2025-02-20 12:00:00,1.04349,1.04542,1.04341,1.04478,4003,12,0
2025-02-20 13:00:00,1.04476,1.04597,1.04415,1.0446,5003,12,0
2025-02-20 14:00:00,1.04461,1.04746,1.04413,1.04734,5560,12,0
2025-02-20 15:00:00,1.04734,1.04779,1.04637,1.04743,3874,12,0
2025-02-20 16:00:00,1.04743,1.0494,1.04704,1.04887,3032,12,0
2025-02-20 17:00:00,1.04886,1.04979,1.04846,1.04973,2211,12,0
2025-02-20 18:00:00,1.04973,1.05028,1.04887,1.0501,2052,12,0
2025-02-20 19:00:00,1.0501,1.05026,1.04948,1.05021,1489,12,0
2025-02-20 20:00:00,1.05021,1.05029,1.04995,1.05005,710,12,0
2025-02-20 21:00:00,1.04895,1.04979,1.04893,1.04966,876,35,0
2025-02-20 22:00:00,1.04969,1.0505,1.04967,1.04997,1372,12,0
2025-02-20 23:00:00,1.04997,1.04997,1.04885,1.04896,2096,12,0
2025-02-21 00:00:00,1.04896,1.04927,1.04836,1.04862,2931,12,0
2025-02-21 01:00:00,1.04862,1.05026,1.04858,1.05021,3315,12,0
2025-02-21 02:00:00,1.05021,1.05041,1.0499,1.0502,2401,12,0
2025-02-21 03:00:00,1.0502,1.05044,1.04967,1.04985,1789,12,0
2025-02-21 04:00:00,1.04985,1.05002,1.04909,1.04922,2651,12,0
2025-02-21 05:00:00,1.04922,1.04934,1.04872,1.04878,2805,12,0
2025-02-21 06:00:00,1.04878,1.04991,1.04878,1.04914,3197,12,0
2025-02-21 07:00:00,1.04916,1.04935,1.04675,1.04759,4710,12,0
2025-02-21 08:00:00,1.0476,1.04806,1.04662,1.04687,3447,12,0
2025-02-21 09:00:00,1.04687,1.04716,1.04641,1.04645,2672,12,0
2025-02-21 10:00:00,1.04645,1.04734,1.04625,1.04684,2198,12,0
2025-02-21 11:00:00,1.04684,1.04705,1.04587,1.04613,2514,12,0
2025-02-21 12:00:00,1.04613,1.04772,1.04608,1.04746,3249,12,0
2025-02-21 13:00:00,1.04746,1.04921,1.04695,1.04814,5033,12,0
2025-02-21 14:00:00,1.04804,1.04854,1.04519,1.04536,5864,12,0
2025-02-21 15:00:00,1.04535,1.04571,1.04487,1.04541,3303,12,0
2025-02-21 16:00:00,1.04541,1.04637,1.04514,1.04625,2591,12,0
2025-02-21 17:00:00,1.04625,1.04674,1.04502,1.04593,3753,12,0
2025-02-21 18:00:00,1.04592,1.0466,1.04566,1.04621,2581,12,0
2025-02-21 19:00:00,1.0462,1.0464,1.04568,1.04601,2106,12,0
2025-02-21 20:00:00,1.04601,1.04616,1.04566,1.04566,1475,12,0
2025-02-23 21:00:00,1.04703,1.04788,1.04599,1.04736,1681,23,0
2025-02-23 22:00:00,1.04738,1.04842,1.04708,1.04733,2166,12,0
2025-02-23 23:00:00,1.04733,1.05066,1.04709,1.05037,3834,12,0
2025-02-24 00:00:00,1.05037,1.05202,1.05015,1.05174,5701,12,0
2025-02-24 01:00:00,1.05174,1.05276,1.05149,1.05223,4816,12,0
2025-02-24 02:00:00,1.05223,1.05252,1.05157,1.05188,3289,12,0
2025-02-24 03:00:00,1.05188,1.05201,1.05106,1.0515,2285,12,0
2025-02-24 04:00:00,1.0515,1.0519,1.05095,1.05159,3213,12,0
2025-02-24 05:00:00,1.05159,1.05159,1.05005,1.05083,2838,12,0
2025-02-24 06:00:00,1.05083,1.05143,1.04862,1.04904,4708,12,0
2025-02-24 07:00:00,1.04905,1.04919,1.0469,1.04794,5142,12,0
2025-02-24 08:00:00,1.04793,1.04843,1.04683,1.04717,4258,12,0
2025-02-24 09:00:00,1.04717,1.04801,1.04664,1.04798,3515,12,0
2025-02-24 10:00:00,1.04798,1.04807,1.04632,1.04676,2553,12,0
2025-02-24 11:00:00,1.04676,1.04721,1.04595,1.04684,2839,12,0
2025-02-24 12:00:00,1.04683,1.0475,1.04642,1.04662,3282,12,0
2025-02-24 13:00:00,1.04663,1.04691,1.04521,1.04599,4671,12,0
2025-02-24 14:00:00,1.04598,1.04701,1.04596,1.04685,5610,12,0
2025-02-24 15:00:00,1.04685,1.04796,1.0465,1.04771,3844,12,0
2025-02-24 16:00:00,1.04771,1.0483,1.04675,1.04718,3053,12,0
2025-02-24 17:00:00,1.04718,1.04851,1.04701,1.04798,2250,12,0
2025-02-24 18:00:00,1.04799,1.04834,1.04724,1.04747,2666,12,0
2025-02-24 19:00:00,1.04747,1.04789,1.04641,1.04646,3508,12,0
2025-02-24 20:00:00,1.04646,1.04674,1.04614,1.04671,1239,12,0
2025-02-24 21:00:00,1.0464,1.04689,1.04625,1.04675,564,36,0
2025-02-24 22:00:00,1.04684,1.04684,1.04596,1.04605,1225,12,0
2025-02-24 23:00:00,1.04605,1.04636,1.04591,1.04625,2275,12,0
2025-02-25 00:00:00,1.04627,1.04649,1.046,1.04646,3238,12,0
2025-02-25 01:00:00,1.04645,1.04744,1.04644,1.0474,3266,12,0
2025-02-25 02:00:00,1.0474,1.04758,1.04706,1.04726,2617,12,0
2025-02-25 03:00:00,1.04726,1.04765,1.04718,1.04725,1807,12,0
2025-02-25 04:00:00,1.04725,1.04777,1.04715,1.04763,2147,12,0
2025-02-25 05:00:00,1.04763,1.04796,1.0472,1.04764,2645,12,0
2025-02-25 06:00:00,1.04764,1.04771,1.04627,1.04637,4483,12,0
2025-02-25 07:00:00,1.04638,1.04782,1.04557,1.04695,5307,12,0
2025-02-25 08:00:00,1.04695,1.04781,1.04678,1.04726,3985,12,0
2025-02-25 09:00:00,1.04725,1.04735,1.04646,1.04721,3129,12,0
2025-02-25 10:00:00,1.0472,1.04892,1.04709,1.04888,3182,12,0
2025-02-25 11:00:00,1.04888,1.04995,1.04877,1.0493,4196,12,0
2025-02-25 12:00:00,1.04931,1.05091,1.04929,1.04996,4241,12,0
2025-02-25 13:00:00,1.04995,1.05046,1.04911,1.05017,4865,12,0
2025-02-25 14:00:00,1.05017,1.05187,1.04943,1.04979,6903,12,0
2025-02-25 15:00:00,1.04979,1.05055,1.04942,1.04971,5339,12,0
2025-02-25 16:00:00,1.04971,1.05017,1.04833,1.05016,3413,12,0
2025-02-25 17:00:00,1.05016,1.05176,1.05015,1.05079,2978,12,0
2025-02-25 18:00:00,1.05079,1.05122,1.05039,1.05098,2802,12,0
2025-02-25 19:00:00,1.05098,1.05184,1.05085,1.05157,2615,12,0
2025-02-25 20:00:00,1.05156,1.05171,1.05124,1.05143,1508,12,0
2025-02-25 21:00:00,1.05095,1.05138,1.05085,1.0513,729,32,0
2025-02-25 22:00:00,1.0513,1.05223,1.05105,1.05199,1812,12,0
2025-02-25 23:00:00,1.05199,1.05243,1.05192,1.05221,2293,12,0
2025-02-26 00:00:00,1.05221,1.05231,1.05133,1.05149,3586,12,0
2025-02-26 01:00:00,1.05149,1.05165,1.05035,1.0506,3079,12,0
2025-02-26 02:00:00,1.0506,1.05082,1.05005,1.0504,1897,12,0
2025-02-26 03:00:00,1.05039,1.05045,1.04961,1.04966,1246,12,0
2025-02-26 04:00:00,1.04966,1.04975,1.04899,1.04907,2121,12,0
2025-02-26 05:00:00,1.04907,1.04958,1.04864,1.04939,2279,12,0
2025-02-26 06:00:00,1.04939,1.05009,1.0492,1.04932,3814,12,0
2025-02-26 07:00:00,1.04932,1.0511,1.04909,1.0502,4393,12,0
2025-02-26 08:00:00,1.0502,1.05026,1.04942,1.04964,3177,12,0
2025-02-26 09:00:00,1.04964,1.05002,1.04905,1.04969,3313,12,0
2025-02-26 10:00:00,1.04969,1.05015,1.0486,1.04911,2765,12,0
2025-02-26 11:00:00,1.04911,1.04945,1.04744,1.04761,3317,12,0
2025-02-26 12:00:00,1.04761,1.04942,1.04759,1.04837,4293,12,0
2025-02-26 13:00:00,1.04836,1.04922,1.04818,1.04893,5418,12,0
2025-02-26 14:00:00,1.04892,1.05086,1.04787,1.05054,6385,12,0
2025-02-26 15:00:00,1.05055,1.05149,1.05014,1.05131,4787,12,0
2025-02-26 16:00:00,1.05132,1.05281,1.04825,1.04918,7410,12,0
2025-02-26 17:00:00,1.04918,1.04998,1.04842,1.04875,4392,12,0
2025-02-26 18:00:00,1.04875,1.04929,1.04814,1.04906,3464,12,0
2025-02-26 19:00:00,1.04905,1.04905,1.048,1.04856,2278,12,0
2025-02-26 20:00:00,1.04856,1.04872,1.04779,1.04838,1355,12,0
2025-02-26 21:00:00,1.04793,1.04873,1.04778,1.04863,509,36,0
2025-02-26 22:00:00,1.04873,1.04919,1.04847,1.04874,812,12,0
2025-02-26 23:00:00,1.04874,1.04874,1.04763,1.04768,2152,12,0
2025-02-27 00:00:00,1.04768,1.04829,1.04723,1.04778,3068,12,0
2025-02-27 01:00:00,1.04778,1.048,1.04698,1.04705,2914,12,0
2025-02-27 02:00:00,1.04705,1.04739,1.0464,1.04651,1972,12,0
2025-02-27 03:00:00,1.04651,1.0469,1.04584,1.04624,2873,12,0
2025-02-27 04:00:00,1.04624,1.04648,1.04611,1.04646,2236,12,0
2025-02-27 05:00:00,1.04646,1.04723,1.04631,1.0471,2516,12,0
2025-02-27 06:00:00,1.0471,1.04795,1.04679,1.04747,3476,12,0
2025-02-27 07:00:00,1.04747,1.04797,1.04698,1.04778,4209,12,0
2025-02-27 08:00:00,1.04779,1.04846,1.04746,1.04834,3140,12,0
2025-02-27 09:00:00,1.04835,1.04836,1.04732,1.0481,3166,12,0
2025-02-27 10:00:00,1.0481,1.04868,1.04753,1.04754,2714,12,0
2025-02-27 11:00:00,1.04754,1.04834,1.04726,1.0476,3601,12,0
2025-02-27 12:00:00,1.0476,1.04888,1.04187,1.04228,8617,12,0
2025-02-27 13:00:00,1.04227,1.0441,1.04133,1.04196,8910,12,0
2025-02-27 14:00:00,1.04196,1.04271,1.0409,1.04145,7575,12,0
2025-02-27 15:00:00,1.04146,1.04154,1.04026,1.04131,4765,12,0
2025-02-27 16:00:00,1.04131,1.04176,1.03998,1.04067,3532,12,0
2025-02-27 17:00:00,1.04067,1.04169,1.04067,1.04166,3129,12,0
2025-02-27 18:00:00,1.04166,1.0417,1.04028,1.04038,3383,12,0
2025-02-27 19:00:00,1.04039,1.04076,1.04008,1.04047,2905,12,0
2025-02-27 20:00:00,1.04047,1.04049,1.03963,1.03971,1413,12,0
2025-02-27 21:00:00,1.03953,1.03983,1.03885,1.03941,645,12,0
2025-02-27 22:00:00,1.03946,1.03998,1.03912,1.03931,1071,12,0
2025-02-27 23:00:00,1.03931,1.04021,1.03931,1.04018,1993,12,0
2025-02-28 00:00:00,1.04019,1.04038,1.03838,1.03843,3471,12,0
2025-02-28 01:00:00,1.03843,1.0391,1.03796,1.03819,3174,12,0
2025-02-28 02:00:00,1.03818,1.03889,1.03806,1.03877,2334,12,0
2025-02-28 03:00:00,1.03877,1.03903,1.03854,1.0386,1649,12,0
2025-02-28 04:00:00,1.0386,1.03895,1.03836,1.03882,1604,12,0
2025-02-28 05:00:00,1.03882,1.03884,1.03821,1.03871,2386,12,0
2025-02-28 06:00:00,1.03871,1.04,1.03849,1.03955,3787,12,0
2025-02-28 07:00:00,1.03954,1.04037,1.03945,1.04006,3783,12,0
2025-02-28 08:00:00,1.04006,1.04074,1.03938,1.03947,3890,12,0
2025-02-28 09:00:00,1.03947,1.04052,1.03918,1.03986,2846,12,0
2025-02-28 10:00:00,1.03986,1.04005,1.03929,1.03981,2546,12,0
2025-02-28 11:00:00,1.0398,1.04073,1.03975,1.04063,2907,12,0
2025-02-28 12:00:00,1.04063,1.04156,1.04046,1.04061,5624,12,0
2025-02-28 13:00:00,1.04061,1.04135,1.04003,1.04092,5476,12,0
2025-02-28 14:00:00,1.04092,1.04193,1.03928,1.03994,7299,12,0
2025-02-28 15:00:00,1.03994,1.0411,1.03974,1.04009,6542,12,0
2025-02-28 16:00:00,1.04009,1.04094,1.03893,1.03959,5390,12,0
2025-02-28 17:00:00,1.03958,1.03976,1.03621,1.0363,7968,12,0
2025-02-28 18:00:00,1.0363,1.03732,1.03593,1.0367,4686,12,0
2025-02-28 19:00:00,1.0367,1.03764,1.03616,1.03742,4380,12,0
2025-02-28 20:00:00,1.03743,1.03763,1.03679,1.03743,1946,12,0
2025-03-02 21:00:00,1.04028,1.04044,1.03986,1.04023,766,13,0
2025-03-02 22:00:00,1.04027,1.04205,1.03989,1.04115,2904,12,0
2025-03-02 23:00:00,1.04114,1.04195,1.04017,1.04088,3413,12,0
2025-03-03 00:00:00,1.04088,1.04224,1.04068,1.0419,3661,12,0
2025-03-03 01:00:00,1.0419,1.04226,1.04143,1.04194,2471,12,0
2025-03-03 02:00:00,1.04194,1.04195,1.04094,1.04162,2779,12,0
2025-03-03 03:00:00,1.04162,1.04199,1.04159,1.04172,1410,12,0
2025-03-03 04:00:00,1.04172,1.04188,1.04118,1.04138,1765,12,0
2025-03-03 05:00:00,1.04138,1.04157,1.04061,1.04076,2640,12,0
2025-03-03 06:00:00,1.04076,1.04095,1.04013,1.04049,4276,12,0
2025-03-03 07:00:00,1.04049,1.0406,1.03878,1.04004,5235,12,0
2025-03-03 08:00:00,1.04008,1.04284,1.04008,1.04268,4067,12,0
2025-03-03 09:00:00,1.04268,1.04441,1.04267,1.04415,5833,12,0
2025-03-03 10:00:00,1.04415,1.04573,1.04399,1.04519,4890,12,0
2025-03-03 11:00:00,1.04519,1.04756,1.04518,1.04697,5996,12,0
2025-03-03 12:00:00,1.04697,1.04757,1.04589,1.04713,4891,12,0
2025-03-03 13:00:00,1.04713,1.04901,1.04681,1.04817,6123,12,0
2025-03-03 14:00:00,1.04786,1.05031,1.04764,1.0484,8467,12,0
2025-03-03 15:00:00,1.0484,1.05008,1.04834,1.04955,5515,12,0
2025-03-03 16:00:00,1.04955,1.04962,1.0486,1.04897,4127,12,0
2025-03-03 17:00:00,1.04897,1.05023,1.04815,1.04864,4417,12,0
2025-03-03 18:00:00,1.04865,1.0493,1.04717,1.04724,5367,12,0
2025-03-03 19:00:00,1.04724,1.04845,1.0466,1.04816,8232,12,0
2025-03-03 20:00:00,1.04816,1.04919,1.04799,1.04871,1932,12,0
2025-03-03 21:00:00,1.04861,1.04878,1.04809,1.04869,571,12,0
2025-03-03 22:00:00,1.0487,1.04916,1.04757,1.04849,1556,12,0
2025-03-03 23:00:00,1.04849,1.04881,1.04758,1.04874,3224,12,0
2025-03-04 00:00:00,1.04874,1.04955,1.04816,1.04877,5034,12,0
2025-03-04 01:00:00,1.04879,1.04895,1.04796,1.04801,2966,12,0
2025-03-04 02:00:00,1.04801,1.04832,1.04742,1.04766,2831,12,0
2025-03-04 03:00:00,1.04766,1.04798,1.04706,1.04775,2373,12,0
2025-03-04 04:00:00,1.04775,1.04856,1.04704,1.04829,3596,12,0
2025-03-04 05:00:00,1.04829,1.0489,1.04784,1.04853,2934,12,0
2025-03-04 06:00:00,1.04853,1.04998,1.04805,1.04924,6021,12,0
2025-03-04 07:00:00,1.04923,1.05233,1.04856,1.05182,7377,12,0
2025-03-04 08:00:00,1.05182,1.05266,1.05088,1.05116,5676,12,0
2025-03-04 09:00:00,1.05115,1.05188,1.05019,1.05107,5103,12,0
2025-03-04 10:00:00,1.05107,1.05441,1.05091,1.05436,4593,12,0
2025-03-04 11:00:00,1.05435,1.05565,1.05355,1.05524,6523,12,0
2025-03-04 12:00:00,1.05525,1.05589,1.05301,1.05384,7567,12,0
2025-03-04 13:00:00,1.05384,1.05479,1.052,1.05208,8792,12,0
2025-03-04 14:00:00,1.05208,1.05274,1.04957,1.05257,8636,12,0
2025-03-04 15:00:00,1.05257,1.05389,1.05146,1.0533,7565,12,0
2025-03-04 16:00:00,1.0533,1.05433,1.05299,1.05411,7134,12,0
2025-03-04 17:00:00,1.05411,1.05904,1.05371,1.059,7896,12,0
2025-03-04 18:00:00,1.05899,1.06014,1.05858,1.06,5658,12,0
2025-03-04 19:00:00,1.06001,1.06232,1.05999,1.06079,6413,12,0
2025-03-04 20:00:00,1.06079,1.06268,1.06076,1.06257,4395,12,0
2025-03-04 21:00:00,1.06222,1.06247,1.06119,1.06189,857,12,0
2025-03-04 22:00:00,1.06189,1.06363,1.06188,1.06224,2139,12,0
2025-03-04 23:00:00,1.06224,1.06268,1.06101,1.06203,3500,12,0
2025-03-05 00:00:00,1.06203,1.06271,1.06079,1.06121,6275,12,0
2025-03-05 01:00:00,1.06121,1.06154,1.06032,1.06036,4456,12,0
2025-03-05 02:00:00,1.06035,1.06197,1.06015,1.06176,4259,12,0
2025-03-05 03:00:00,1.06176,1.06253,1.06148,1.06182,2636,12,0
2025-03-05 04:00:00,1.06182,1.06319,1.06182,1.06309,2221,12,0
2025-03-05 05:00:00,1.06309,1.06384,1.06236,1.06317,3570,12,0
2025-03-05 06:00:00,1.06317,1.06756,1.0629,1.06739,7706,12,0
2025-03-05 07:00:00,1.06739,1.0699,1.0658,1.06973,8247,12,0
2025-03-05 08:00:00,1.06972,1.07213,1.06949,1.07112,7322,12,0
2025-03-05 09:00:00,1.07112,1.07144,1.06828,1.06964,5747,12,0
2025-03-05 10:00:00,1.06964,1.06978,1.06757,1.0678,4668,12,0
2025-03-05 11:00:00,1.0678,1.07133,1.0678,1.06951,7270,12,0
2025-03-05 12:00:00,1.06952,1.07219,1.06853,1.07152,9742,12,0
2025-03-05 13:00:00,1.07151,1.07763,1.07132,1.07688,10097,12,0
2025-03-05 14:00:00,1.07683,1.07704,1.07403,1.07645,11157,12,0
2025-03-05 15:00:00,1.07645,1.07862,1.07604,1.07665,8462,12,0
2025-03-05 16:00:00,1.07662,1.07873,1.07616,1.07845,7726,12,0
2025-03-05 17:00:00,1.07846,1.07877,1.07632,1.07729,6741,12,0
2025-03-05 18:00:00,1.07729,1.07902,1.07693,1.07895,4236,12,0
2025-03-05 19:00:00,1.07895,1.07961,1.07871,1.07914,2909,12,0
2025-03-05 20:00:00,1.07914,1.0792,1.07848,1.07887,1699,12,0
2025-03-05 21:00:00,1.07878,1.07924,1.07825,1.07898,316,12,0
2025-03-05 22:00:00,1.07901,1.07944,1.07865,1.07936,1158,12,0
2025-03-05 23:00:00,1.07936,1.08022,1.07866,1.07938,2626,12,0
2025-03-06 00:00:00,1.07938,1.08195,1.07888,1.08144,3224,12,0
2025-03-06 01:00:00,1.08144,1.08186,1.07971,1.08044,3570,12,0
2025-03-06 02:00:00,1.08044,1.08047,1.07874,1.0789,2499,12,0
2025-03-06 03:00:00,1.0789,1.08035,1.07834,1.08027,1844,12,0
2025-03-06 04:00:00,1.08028,1.08111,1.07994,1.08096,2774,12,0
2025-03-06 05:00:00,1.08096,1.08193,1.07985,1.08021,3729,12,0
2025-03-06 06:00:00,1.08021,1.08217,1.07913,1.07984,7767,12,0
2025-03-06 07:00:00,1.07985,1.08162,1.07925,1.08004,9983,12,0
2025-03-06 08:00:00,1.08004,1.08062,1.07798,1.07993,7862,12,0
2025-03-06 09:00:00,1.07993,1.08029,1.07821,1.07913,5960,12,0
2025-03-06 10:00:00,1.07913,1.08004,1.07825,1.07985,5028,12,0
2025-03-06 11:00:00,1.07985,1.08061,1.07874,1.07994,4762,12,0
2025-03-06 12:00:00,1.07994,1.08447,1.07899,1.08256,9796,12,0
2025-03-06 13:00:00,1.08254,1.08403,1.08108,1.08364,12359,12,0
2025-03-06 14:00:00,1.08364,1.0853,1.08108,1.08165,10473,12,0
2025-03-06 15:00:00,1.08165,1.08372,1.08147,1.08168,8425,12,0
2025-03-06 16:00:00,1.08168,1.08216,1.07909,1.07964,7204,12,0
2025-03-06 17:00:00,1.07964,1.08013,1.07651,1.07832,5697,12,0
2025-03-06 18:00:00,1.07833,1.08109,1.0782,1.08009,4775,12,0
2025-03-06 19:00:00,1.08009,1.08027,1.07847,1.07858,4034,12,0
2025-03-06 20:00:00,1.07858,1.07897,1.07744,1.07848,1722,12,0
2025-03-06 21:00:00,1.07786,1.07913,1.07777,1.07885,899,15,0
2025-03-06 22:00:00,1.0789,1.07956,1.07837,1.07867,1186,12,0
2025-03-06 23:00:00,1.07866,1.07947,1.07863,1.0787,2366,12,0
2025-03-07 00:00:00,1.0787,1.07923,1.07806,1.07894,3117,12,0
2025-03-07 01:00:00,1.07897,1.07988,1.07838,1.07987,2884,12,0
2025-03-07 02:00:00,1.07987,1.0814,1.07958,1.0805,2477,12,0
2025-03-07 03:00:00,1.0805,1.08127,1.08023,1.08124,1642,12,0
2025-03-07 04:00:00,1.08124,1.0817,1.08069,1.08127,2092,12,0
2025-03-07 05:00:00,1.08127,1.08245,1.08074,1.08228,3065,12,0
2025-03-07 06:00:00,1.08229,1.08401,1.08193,1.08292,5097,12,0
2025-03-07 07:00:00,1.08289,1.08545,1.08255,1.08501,5891,12,0
2025-03-07 08:00:00,1.08501,1.08707,1.08438,1.08606,5978,12,0
2025-03-07 09:00:00,1.08606,1.08663,1.08568,1.086,5005,12,0
2025-03-07 10:00:00,1.086,1.086,1.08439,1.08488,4332,12,0
2025-03-07 11:00:00,1.08488,1.08566,1.08405,1.08538,5288,12,0
2025-03-07 12:00:00,1.08538,1.0888,1.08425,1.08444,11069,12,0
2025-03-07 13:00:00,1.08439,1.08814,1.08435,1.0853,10765,12,0
2025-03-07 14:00:00,1.08531,1.08859,1.08348,1.08695,10497,12,0
2025-03-07 15:00:00,1.08695,1.08721,1.08369,1.0858,7018,12,0
2025-03-07 16:00:00,1.0858,1.08637,1.08314,1.08427,7048,12,0
2025-03-07 17:00:00,1.08427,1.08439,1.08251,1.08394,4762,12,0
2025-03-07 18:00:00,1.08394,1.08436,1.08327,1.0842,4004,12,0
2025-03-07 19:00:00,1.0842,1.08485,1.08394,1.08466,3403,12,0
2025-03-07 20:00:00,1.08466,1.08506,1.08322,1.0833,1824,12,0
2025-03-09 21:00:00,1.08287,1.0839,1.08117,1.0839,325,14,0
2025-03-09 22:00:00,1.0839,1.08587,1.08379,1.08488,2577,12,0
2025-03-09 23:00:00,1.08488,1.08649,1.08478,1.08594,2639,12,0
2025-03-10 00:00:00,1.08594,1.08666,1.08522,1.08636,3261,12,0
2025-03-10 01:00:00,1.08636,1.08706,1.0852,1.08523,3476,12,0
2025-03-10 02:00:00,1.08523,1.08552,1.08352,1.08364,3103,12,0
2025-03-10 03:00:00,1.08362,1.0838,1.08296,1.0831,2393,12,0
2025-03-10 04:00:00,1.0831,1.0837,1.08296,1.083,1504,12,0
2025-03-10 05:00:00,1.083,1.08352,1.08273,1.08344,2357,12,0
2025-03-10 06:00:00,1.08344,1.08442,1.08339,1.08366,3498,12,0
2025-03-10 07:00:00,1.08366,1.08433,1.08105,1.08217,5517,12,0
2025-03-10 08:00:00,1.08217,1.08237,1.08044,1.08093,8206,12,0
2025-03-10 09:00:00,1.08094,1.08561,1.0808,1.08506,7243,12,0
2025-03-10 10:00:00,1.08506,1.0874,1.085,1.08604,6173,12,0
2025-03-10 11:00:00,1.08603,1.08639,1.0812,1.08499,7146,12,0
2025-03-10 12:00:00,1.08499,1.08595,1.08414,1.08433,6134,12,0
2025-03-10 13:00:00,1.08433,1.08501,1.08325,1.08345,5821,12,0
2025-03-10 14:00:00,1.08344,1.08461,1.08307,1.08445,5598,12,0
2025-03-10 15:00:00,1.08446,1.08474,1.08203,1.08365,4852,12,0
2025-03-10 16:00:00,1.08364,1.08413,1.08274,1.08297,4793,12,0
2025-03-10 17:00:00,1.08298,1.0845,1.08252,1.08292,4083,12,0
2025-03-10 18:00:00,1.08291,1.08342,1.08172,1.08291,5391,12,0
2025-03-10 19:00:00,1.0829,1.08319,1.08169,1.08314,3955,12,0
2025-03-10 20:00:00,1.08313,1.08345,1.08251,1.08333,1885,12,0
2025-03-10 21:00:00,1.08334,1.08355,1.08271,1.08341,334,12,0
2025-03-10 22:00:00,1.08341,1.08412,1.08324,1.08339,1114,12,0
2025-03-10 23:00:00,1.08339,1.08429,1.08339,1.08388,1501,12,0
2025-03-11 00:00:00,1.08388,1.08529,1.08386,1.08509,3249,12,0
2025-03-11 01:00:00,1.08509,1.08581,1.08429,1.08574,4197,12,0
2025-03-11 02:00:00,1.08574,1.08599,1.08495,1.08553,3616,12,0
2025-03-11 03:00:00,1.08553,1.08591,1.08484,1.08538,3099,12,0
2025-03-11 04:00:00,1.08538,1.08608,1.08498,1.08537,1773,12,0
2025-03-11 05:00:00,1.08537,1.0855,1.08348,1.08377,2567,12,0
2025-03-11 06:00:00,1.08377,1.08749,1.0836,1.08558,4992,12,0
2025-03-11 07:00:00,1.08559,1.09009,1.08547,1.089,7065,12,0
2025-03-11 08:00:00,1.089,1.09186,1.08842,1.09165,6837,12,0
2025-03-11 09:00:00,1.09165,1.09202,1.08955,1.09079,4975,12,0
2025-03-11 10:00:00,1.09077,1.09077,1.08817,1.08899,4320,12,0
2025-03-11 11:00:00,1.08899,1.09041,1.08806,1.09039,3868,12,0
2025-03-11 12:00:00,1.09039,1.09199,1.09015,1.09175,5251,12,0
2025-03-11 13:00:00,1.09175,1.09301,1.09109,1.09189,5476,12,0
2025-03-11 14:00:00,1.09189,1.09198,1.08944,1.09185,5863,12,0
2025-03-11 15:00:00,1.09186,1.0928,1.09115,1.09266,4475,12,0
2025-03-11 16:00:00,1.09263,1.09287,1.09173,1.09245,3251,12,0
2025-03-11 17:00:00,1.09246,1.09343,1.09233,1.09333,2646,12,0
2025-03-11 18:00:00,1.09335,1.09465,1.09246,1.09303,4066,12,0
2025-03-11 19:00:00,1.09303,1.09331,1.09191,1.09192,2859,12,0
2025-03-11 20:00:00,1.09194,1.09203,1.09094,1.09181,1104,12,0
2025-03-11 21:00:00,1.09181,1.09189,1.09087,1.09109,497,12,0
2025-03-11 22:00:00,1.09109,1.09179,1.09107,1.09149,740,12,0
2025-03-11 23:00:00,1.09149,1.0917,1.09126,1.09138,846,12,0
2025-03-12 00:00:00,1.09134,1.0915,1.09049,1.09082,1631,12,0
2025-03-12 01:00:00,1.09082,1.09147,1.09054,1.09058,2201,12,0
2025-03-12 02:00:00,1.09058,1.0911,1.09029,1.0903,1815,12,0
2025-03-12 03:00:00,1.09031,1.09041,1.08955,1.08965,1528,12,0
2025-03-12 04:00:00,1.08966,1.0902,1.08952,1.08983,1352,12,0
2025-03-12 05:00:00,1.08982,1.09036,1.08945,1.09029,1829,12,0
2025-03-12 06:00:00,1.09029,1.09081,1.08913,1.08915,2488,12,0
2025-03-12 07:00:00,1.08915,1.09025,1.08868,1.0901,3895,12,0
2025-03-12 08:00:00,1.0901,1.09209,1.08972,1.09208,4909,12,0
2025-03-12 09:00:00,1.09208,1.09255,1.09129,1.09138,4215,12,0
2025-03-12 10:00:00,1.09138,1.09202,1.09039,1.09056,3016,12,0
2025-03-12 11:00:00,1.09056,1.09122,1.08987,1.09002,3164,12,0
2025-03-12 12:00:00,1.09002,1.09308,1.08755,1.08775,6227,12,0
2025-03-12 13:00:00,1.08773,1.08957,1.08749,1.08816,8972,12,0
2025-03-12 14:00:00,1.08816,1.0913,1.08805,1.09122,7063,12,0
2025-03-12 15:00:00,1.09122,1.09236,1.09092,1.09236,5719,12,0
2025-03-12 16:00:00,1.09236,1.09272,1.0905,1.09051,4427,12,0
2025-03-12 17:00:00,1.09051,1.09135,1.09026,1.09062,3678,12,0
2025-03-12 18:00:00,1.09062,1.09089,1.08791,1.08839,3692,12,0
2025-03-12 19:00:00,1.08839,1.08969,1.08824,1.08896,3786,12,0
2025-03-12 20:00:00,1.08895,1.08932,1.08857,1.08867,1350,12,0
2025-03-12 21:00:00,1.08861,1.08893,1.08817,1.08856,256,12,0
2025-03-12 22:00:00,1.08856,1.08892,1.08856,1.08883,617,12,0
2025-03-12 23:00:00,1.08883,1.08892,1.08826,1.08848,944,12,0
2025-03-13 00:00:00,1.08848,1.08913,1.0882,1.08907,1553,12,0
2025-03-13 01:00:00,1.08909,1.08927,1.08858,1.08884,2464,12,0
2025-03-13 02:00:00,1.08884,1.08965,1.08882,1.08948,2047,12,0
2025-03-13 03:00:00,1.08948,1.0895,1.08843,1.08844,1434,12,0
2025-03-13 04:00:00,1.08844,1.08929,1.08811,1.08928,1355,12,0
2025-03-13 05:00:00,1.08928,1.08928,1.08785,1.08845,2049,12,0
2025-03-13 06:00:00,1.08845,1.08848,1.08687,1.0874,3207,12,0
2025-03-13 07:00:00,1.0874,1.08845,1.08591,1.08649,4848,12,0
2025-03-13 08:00:00,1.08648,1.08834,1.08585,1.08725,6683,12,0
2025-03-13 09:00:00,1.08724,1.08848,1.0868,1.08786,4239,12,0
2025-03-13 10:00:00,1.08786,1.08823,1.08618,1.08694,3990,12,0
2025-03-13 11:00:00,1.08694,1.0874,1.08439,1.08557,5454,12,0
2025-03-13 12:00:00,1.08555,1.08766,1.08255,1.08341,8895,12,0
2025-03-13 13:00:00,1.08341,1.08525,1.08219,1.08466,6421,12,0
2025-03-13 14:00:00,1.08467,1.0869,1.08454,1.08644,5089,12,0
2025-03-13 15:00:00,1.08644,1.08712,1.08541,1.08578,5438,12,0
2025-03-13 16:00:00,1.08578,1.08776,1.08547,1.08718,4037,12,0
2025-03-13 17:00:00,1.08719,1.08727,1.08537,1.08539,3531,12,0
2025-03-13 18:00:00,1.0854,1.08574,1.08513,1.08531,2836,12,0
2025-03-13 19:00:00,1.08531,1.08562,1.08469,1.08478,2373,12,0
2025-03-13 20:00:00,1.08476,1.08552,1.08458,1.08533,1363,12,0
2025-03-13 21:00:00,1.08463,1.08549,1.0844,1.08522,591,17,0
2025-03-13 22:00:00,1.08522,1.0855,1.08506,1.08517,642,12,0
2025-03-13 23:00:00,1.08517,1.08544,1.08495,1.08542,1232,12,0
2025-03-14 00:00:00,1.08542,1.0858,1.08474,1.08486,2401,12,0
2025-03-14 01:00:00,1.08486,1.08488,1.08399,1.08402,2762,12,0
2025-03-14 02:00:00,1.08402,1.08424,1.08337,1.08396,1890,12,0
2025-03-14 03:00:00,1.08396,1.08453,1.08371,1.08449,2149,12,0
2025-03-14 04:00:00,1.08448,1.08455,1.0837,1.08405,1599,12,0
2025-03-14 05:00:00,1.08405,1.08508,1.08403,1.08502,1822,12,0
2025-03-14 06:00:00,1.08502,1.08502,1.08344,1.08378,3067,12,0
2025-03-14 07:00:00,1.08378,1.08466,1.083,1.08387,5438,12,0
2025-03-14 08:00:00,1.08387,1.08562,1.08346,1.08533,5252,12,0
2025-03-14 09:00:00,1.08532,1.08616,1.08463,1.08515,4674,12,0
2025-03-14 10:00:00,1.08515,1.0912,1.08509,1.08944,7857,12,0
2025-03-14 11:00:00,1.08942,1.09087,1.08869,1.0896,7752,12,0
2025-03-14 12:00:00,1.0896,1.09108,1.08894,1.0894,5853,12,0
2025-03-14 13:00:00,1.0894,1.08974,1.08697,1.08733,6425,12,0
2025-03-14 14:00:00,1.08733,1.08858,1.08647,1.08771,6985,12,0
2025-03-14 15:00:00,1.08772,1.0886,1.08661,1.08708,6142,12,0
2025-03-14 16:00:00,1.08708,1.08891,1.08699,1.08824,4200,12,0
2025-03-14 17:00:00,1.08824,1.08874,1.08785,1.08815,2963,12,0
2025-03-14 18:00:00,1.08815,1.08858,1.08727,1.08802,2705,12,0
2025-03-14 19:00:00,1.08798,1.0884,1.08777,1.08823,1969,12,0
2025-03-14 20:00:00,1.08823,1.08851,1.08791,1.08798,1197,12,0
2025-03-16 21:00:00,1.08784,1.08814,1.08758,1.08798,359,13,0
2025-03-16 22:00:00,1.08798,1.08847,1.08739,1.08807,1293,12,0
2025-03-16 23:00:00,1.08807,1.08847,1.08785,1.08789,1243,12,0
2025-03-17 00:00:00,1.08788,1.08821,1.08749,1.08789,1628,12,0
2025-03-17 01:00:00,1.08789,1.08896,1.08735,1.08822,2512,12,0
2025-03-17 02:00:00,1.0882,1.08853,1.08787,1.08806,1869,12,0
2025-03-17 03:00:00,1.08806,1.08856,1.08761,1.08828,1295,12,0
2025-03-17 04:00:00,1.08828,1.08933,1.08769,1.08815,1962,12,0
2025-03-17 05:00:00,1.08815,1.08817,1.08731,1.0877,1639,12,0
2025-03-17 06:00:00,1.0877,1.08836,1.08728,1.08771,2046,12,0
2025-03-17 07:00:00,1.08771,1.08837,1.08679,1.08756,3950,12,0
2025-03-17 08:00:00,1.08757,1.08863,1.08699,1.08831,5352,12,0
2025-03-17 09:00:00,1.0883,1.08998,1.08765,1.08993,4263,12,0
2025-03-17 10:00:00,1.08992,1.09093,1.08956,1.09072,3208,12,0
2025-03-17 11:00:00,1.09072,1.09112,1.08955,1.09013,2791,12,0
2025-03-17 12:00:00,1.09013,1.09082,1.08867,1.09011,6243,12,0
2025-03-17 13:00:00,1.09012,1.09058,1.08965,1.09042,5199,12,0
2025-03-17 14:00:00,1.09042,1.09179,1.09015,1.09154,4856,12,0
2025-03-17 15:00:00,1.09154,1.0929,1.09151,1.09208,4613,12,0
2025-03-17 16:00:00,1.09208,1.09256,1.09138,1.09205,3278,12,0
2025-03-17 17:00:00,1.09206,1.09232,1.09109,1.09134,2544,12,0
2025-03-17 18:00:00,1.09133,1.09258,1.09121,1.09245,2826,12,0
2025-03-17 19:00:00,1.09247,1.09247,1.09178,1.09201,2206,12,0
2025-03-17 20:00:00,1.09201,1.09272,1.09196,1.09215,1312,12,0
2025-03-17 21:00:00,1.09191,1.09223,1.09161,1.09214,410,12,0
2025-03-17 22:00:00,1.09214,1.09222,1.09184,1.09206,688,12,0
2025-03-17 23:00:00,1.09206,1.0921,1.09173,1.09174,748,12,0
2025-03-18 00:00:00,1.09174,1.09203,1.09143,1.09154,1638,12,0
2025-03-18 01:00:00,1.09154,1.09186,1.09116,1.09126,1855,12,0
2025-03-18 02:00:00,1.09126,1.09154,1.09073,1.0908,1562,12,0
2025-03-18 03:00:00,1.0908,1.09105,1.09057,1.09077,1140,12,0
2025-03-18 04:00:00,1.09077,1.0911,1.09072,1.09104,891,12,0
2025-03-18 05:00:00,1.09104,1.09127,1.09066,1.09072,1042,12,0
2025-03-18 06:00:00,1.09072,1.09207,1.09029,1.09201,2331,12,0
2025-03-18 07:00:00,1.09201,1.09359,1.09157,1.09345,3677,12,0
2025-03-18 08:00:00,1.09345,1.09539,1.09323,1.09507,4204,12,0
2025-03-18 09:00:00,1.09508,1.09525,1.09388,1.09494,3597,12,0
2025-03-18 10:00:00,1.09494,1.09515,1.09311,1.09334,4522,12,0
2025-03-18 11:00:00,1.09335,1.09366,1.09135,1.09156,3931,12,0
2025-03-18 12:00:00,1.09156,1.09232,1.08918,1.09108,4371,12,0
2025-03-18 13:00:00,1.09108,1.09201,1.09009,1.09119,5083,12,0
2025-03-18 14:00:00,1.09121,1.0919,1.09064,1.09161,5048,12,0
2025-03-18 15:00:00,1.09161,1.09334,1.08961,1.09259,6304,12,0
2025-03-18 16:00:00,1.09259,1.09393,1.09228,1.0938,4010,12,0
2025-03-18 17:00:00,1.0938,1.09512,1.09379,1.09492,3856,12,0
2025-03-18 18:00:00,1.09494,1.09506,1.09398,1.09434,2471,12,0
2025-03-18 19:00:00,1.09435,1.0949,1.09408,1.09456,2222,12,0
2025-03-18 20:00:00,1.09456,1.09482,1.09421,1.09446,980,12,0
2025-03-18 21:00:00,1.09414,1.09455,1.09407,1.09439,481,12,0
2025-03-18 22:00:00,1.09443,1.09453,1.09397,1.09412,738,12,0
2025-03-18 23:00:00,1.09412,1.0943,1.09371,1.09379,770,12,0
2025-03-19 00:00:00,1.09379,1.09383,1.09312,1.09339,1693,12,0
2025-03-19 01:00:00,1.09339,1.09366,1.0933,1.09365,1228,12,0
2025-03-19 02:00:00,1.09365,1.09443,1.0935,1.09402,1355,12,0
2025-03-19 03:00:00,1.09402,1.0943,1.09323,1.09376,1216,12,0
2025-03-19 04:00:00,1.09376,1.09376,1.09275,1.09293,1203,12,0
2025-03-19 05:00:00,1.09293,1.09355,1.09292,1.09308,1359,12,0
2025-03-19 06:00:00,1.09308,1.09318,1.09199,1.092,2623,12,0
2025-03-19 07:00:00,1.092,1.09224,1.08724,1.08921,6218,12,0
2025-03-19 08:00:00,1.08921,1.091,1.08915,1.09066,5116,12,0
2025-03-19 09:00:00,1.09066,1.09096,1.08947,1.09017,3913,12,0
2025-03-19 10:00:00,1.09017,1.09037,1.08908,1.08991,3022,12,0
2025-03-19 11:00:00,1.08991,1.09126,1.08931,1.09077,3204,12,0
2025-03-19 12:00:00,1.09078,1.0917,1.08985,1.09005,5470,12,0
2025-03-19 13:00:00,1.09005,1.09032,1.08922,1.08937,5561,12,0
2025-03-19 14:00:00,1.08937,1.09,1.08811,1.08832,4564,12,0
2025-03-19 15:00:00,1.08832,1.08874,1.08747,1.08763,4267,12,0
2025-03-19 16:00:00,1.08763,1.08856,1.08754,1.08844,3436,12,0
2025-03-19 17:00:00,1.08845,1.08847,1.08598,1.08686,4225,12,0
2025-03-19 18:00:00,1.08672,1.09126,1.08609,1.09074,10412,12,0
2025-03-19 19:00:00,1.09072,1.09122,1.08844,1.08983,7170,12,0
2025-03-19 20:00:00,1.08983,1.09055,1.08952,1.09017,1283,12,0
2025-03-19 21:00:00,1.09018,1.09046,1.08986,1.09045,253,15,0
2025-03-19 22:00:00,1.09045,1.09125,1.09029,1.09079,839,12,0
2025-03-19 23:00:00,1.09079,1.09113,1.09046,1.09111,917,12,0
2025-03-20 00:00:00,1.09111,1.09158,1.0903,1.09117,2508,12,0
2025-03-20 01:00:00,1.09117,1.09125,1.0903,1.09052,2664,12,0
2025-03-20 02:00:00,1.09052,1.09167,1.09046,1.09084,2477,12,0
2025-03-20 03:00:00,1.09084,1.09136,1.09064,1.09089,1679,12,0
2025-03-20 04:00:00,1.0909,1.09098,1.08996,1.09026,1604,12,0
2025-03-20 05:00:00,1.09026,1.09026,1.08901,1.08949,1346,12,0
2025-03-20 06:00:00,1.08949,1.08984,1.08891,1.08928,2575,12,0
2025-03-20 07:00:00,1.08928,1.08936,1.08641,1.08787,4445,12,0
2025-03-20 08:00:00,1.08787,1.08851,1.08625,1.08648,5286,12,0
2025-03-20 09:00:00,1.08647,1.08679,1.08379,1.08515,5636,12,0
2025-03-20 10:00:00,1.08518,1.0854,1.08327,1.08452,5142,12,0
2025-03-20 11:00:00,1.08452,1.08512,1.08386,1.08487,3677,12,0
2025-03-20 12:00:00,1.08486,1.0855,1.08303,1.08332,5273,12,0
2025-03-20 13:00:00,1.08332,1.08385,1.08141,1.08247,5808,12,0
2025-03-20 14:00:00,1.08243,1.0838,1.0822,1.08288,4975,12,0
2025-03-20 15:00:00,1.08288,1.08486,1.08227,1.08466,4821,12,0
2025-03-20 16:00:00,1.08466,1.08517,1.08416,1.08481,3914,12,0
2025-03-20 17:00:00,1.0848,1.08513,1.08384,1.08439,2697,12,0
2025-03-20 18:00:00,1.08439,1.0849,1.08413,1.08477,2493,12,0
2025-03-20 19:00:00,1.08477,1.08537,1.08466,1.08524,2466,12,0
2025-03-20 20:00:00,1.08524,1.08584,1.0851,1.0853,1090,12,0
2025-03-20 21:00:00,1.08446,1.08542,1.08425,1.08539,348,17,0
2025-03-20 22:00:00,1.0854,1.08582,1.08528,1.08564,802,12,0
2025-03-20 23:00:00,1.08566,1.0857,1.08526,1.08526,701,12,0
2025-03-21 00:00:00,1.08526,1.08581,1.08501,1.08525,1864,12,0
2025-03-21 01:00:00,1.08525,1.0855,1.08478,1.08517,2491,12,0
2025-03-21 02:00:00,1.08517,1.08544,1.08416,1.08436,2144,12,0
2025-03-21 03:00:00,1.08436,1.08459,1.08329,1.08339,1785,12,0
2025-03-21 04:00:00,1.08339,1.08359,1.0827,1.08295,1516,12,0
2025-03-21 05:00:00,1.08295,1.08297,1.08193,1.0828,2439,12,0
2025-03-21 06:00:00,1.0828,1.08367,1.08238,1.08335,2425,12,0
2025-03-21 07:00:00,1.08335,1.08412,1.08262,1.08383,3376,12,0
2025-03-21 08:00:00,1.08383,1.0845,1.08234,1.08354,4307,12,0
2025-03-21 09:00:00,1.08354,1.08384,1.08242,1.0825,2906,12,0
2025-03-21 10:00:00,1.0825,1.08381,1.0825,1.08364,3027,12,0
2025-03-21 11:00:00,1.08364,1.08507,1.08345,1.08501,3231,12,0
2025-03-21 12:00:00,1.085,1.08607,1.08291,1.08316,5492,12,0
2025-03-21 13:00:00,1.08315,1.08353,1.08245,1.08314,5497,12,0
2025-03-21 14:00:00,1.08314,1.08349,1.0818,1.0823,5119,12,0
2025-03-21 15:00:00,1.0823,1.08286,1.07962,1.08055,5406,12,0
2025-03-21 16:00:00,1.08056,1.08243,1.08039,1.08176,5619,12,0
2025-03-21 17:00:00,1.08176,1.08249,1.08045,1.08219,3706,12,0
2025-03-21 18:00:00,1.08219,1.08261,1.0814,1.08203,2663,12,0
2025-03-21 19:00:00,1.08203,1.08238,1.08145,1.0817,2437,12,0
2025-03-21 20:00:00,1.08171,1.08171,1.0811,1.08123,969,12,0
2025-03-23 21:00:00,1.08108,1.08175,1.08099,1.08166,372,12,0
2025-03-23 22:00:00,1.08175,1.08294,1.08158,1.08191,1680,12,0
2025-03-23 23:00:00,1.08191,1.08365,1.08182,1.08353,1610,12,0
2025-03-24 00:00:00,1.08354,1.08394,1.0832,1.08366,2064,12,0
2025-03-24 01:00:00,1.08365,1.0837,1.08221,1.08254,2758,12,0
2025-03-24 02:00:00,1.08254,1.08314,1.08238,1.08244,2278,12,0
2025-03-24 03:00:00,1.08244,1.08287,1.08195,1.08197,1649,12,0
2025-03-24 04:00:00,1.08197,1.08238,1.08164,1.08224,1554,12,0
2025-03-24 05:00:00,1.08224,1.08301,1.08176,1.08285,2086,12,0
2025-03-24 06:00:00,1.08285,1.0844,1.08275,1.0839,2930,12,0
2025-03-24 07:00:00,1.08389,1.08493,1.08325,1.08375,3981,12,0
2025-03-24 08:00:00,1.08375,1.08577,1.08368,1.08422,6297,12,0
2025-03-24 09:00:00,1.08423,1.08445,1.08277,1.08387,4638,12,0
2025-03-24 10:00:00,1.08387,1.0854,1.08357,1.08474,3581,12,0
2025-03-24 11:00:00,1.08474,1.08489,1.08316,1.08319,2931,12,0
2025-03-24 12:00:00,1.08319,1.08339,1.08209,1.0829,3773,12,0
2025-03-24 13:00:00,1.08291,1.083,1.0792,1.0793,5178,12,0
2025-03-24 14:00:00,1.07928,1.08196,1.07897,1.07987,6250,12,0
2025-03-24 15:00:00,1.07987,1.08046,1.07899,1.07932,5296,12,0
2025-03-24 16:00:00,1.07932,1.08066,1.0781,1.07912,4096,12,0
2025-03-24 17:00:00,1.07912,1.07957,1.0784,1.0787,3224,12,0
2025-03-24 18:00:00,1.0787,1.08126,1.07834,1.08045,3574,12,0
2025-03-24 19:00:00,1.08045,1.08065,1.07964,1.08015,1473,12,0
2025-03-24 20:00:00,1.08015,1.08055,1.07996,1.08001,987,12,0
2025-03-24 21:00:00,1.08004,1.08012,1.07953,1.07998,509,14,0
2025-03-24 22:00:00,1.07998,1.0802,1.07944,1.08018,673,12,0
2025-03-24 23:00:00,1.08018,1.0803,1.07998,1.08018,634,12,0
2025-03-25 00:00:00,1.08018,1.08022,1.07954,1.07996,1471,12,0
2025-03-25 01:00:00,1.07995,1.08077,1.07993,1.08016,2001,12,0
2025-03-25 02:00:00,1.08016,1.08043,1.07935,1.07959,1896,12,0
2025-03-25 03:00:00,1.07959,1.08029,1.07953,1.08024,1354,12,0
2025-03-25 04:00:00,1.08024,1.08083,1.0802,1.08026,1202,12,0
2025-03-25 05:00:00,1.08027,1.08065,1.08005,1.08023,1213,12,0
2025-03-25 06:00:00,1.08023,1.08038,1.07922,1.0794,1996,12,0
2025-03-25 07:00:00,1.0794,1.08014,1.07844,1.07868,3798,12,0
2025-03-25 08:00:00,1.07868,1.07916,1.07762,1.07898,4536,12,0
2025-03-25 09:00:00,1.07898,1.08033,1.07868,1.07998,4387,12,0
2025-03-25 10:00:00,1.07999,1.08238,1.07993,1.08196,4292,12,0
2025-03-25 11:00:00,1.08196,1.0827,1.08103,1.08172,4105,12,0
2025-03-25 12:00:00,1.08173,1.08294,1.0815,1.08244,4118,12,0
2025-03-25 13:00:00,1.08245,1.08271,1.08132,1.08159,5460,12,0
2025-03-25 14:00:00,1.08167,1.08211,1.08012,1.0812,6167,12,0
2025-03-25 15:00:00,1.0812,1.0819,1.07966,1.08025,5215,12,0
2025-03-25 16:00:00,1.08026,1.08125,1.08013,1.08059,3743,12,0
2025-03-25 17:00:00,1.08059,1.08162,1.08052,1.08092,3151,12,0
2025-03-25 18:00:00,1.08089,1.08089,1.07964,1.07978,2558,12,0
2025-03-25 19:00:00,1.07977,1.08013,1.07902,1.07948,2850,12,0
2025-03-25 20:00:00,1.07948,1.07953,1.07894,1.07906,1053,12,0
2025-03-25 21:00:00,1.07876,1.07922,1.07875,1.07914,367,14,0
2025-03-25 22:00:00,1.07914,1.07933,1.07871,1.07879,756,12,0
2025-03-25 23:00:00,1.07878,1.07883,1.07848,1.07882,839,12,0
2025-03-26 00:00:00,1.07882,1.07916,1.07829,1.07837,1783,12,0
2025-03-26 01:00:00,1.07837,1.07948,1.07774,1.07929,2822,12,0
2025-03-26 02:00:00,1.07929,1.07965,1.07896,1.07946,1598,12,0
2025-03-26 03:00:00,1.07947,1.07956,1.07832,1.07853,1606,12,0
2025-03-26 04:00:00,1.07854,1.07873,1.07804,1.07835,1255,12,0
2025-03-26 05:00:00,1.07835,1.07865,1.07772,1.07845,1701,12,0
2025-03-26 06:00:00,1.07846,1.07878,1.07814,1.07863,1993,12,0
2025-03-26 07:00:00,1.07863,1.07908,1.07805,1.07854,4431,12,0
2025-03-26 08:00:00,1.07854,1.07991,1.07847,1.07986,5192,12,0
2025-03-26 09:00:00,1.07986,1.08021,1.07923,1.07952,3783,12,0
2025-03-26 10:00:00,1.07952,1.08009,1.07859,1.07912,3392,12,0
2025-03-26 11:00:00,1.07912,1.07972,1.07881,1.07916,2941,12,0
2025-03-26 12:00:00,1.07916,1.0793,1.07811,1.07837,4965,12,0
2025-03-26 13:00:00,1.07837,1.07901,1.07669,1.0774,5329,12,0
2025-03-26 14:00:00,1.0774,1.07948,1.07724,1.079,6253,12,0
2025-03-26 15:00:00,1.079,1.07938,1.0767,1.07801,4708,12,0
2025-03-26 16:00:00,1.07801,1.07912,1.07762,1.0787,4363,12,0
2025-03-26 17:00:00,1.0787,1.07888,1.07513,1.07561,5563,12,0
2025-03-26 18:00:00,1.0756,1.07608,1.07526,1.07546,3380,12,0
2025-03-26 19:00:00,1.07545,1.07552,1.07433,1.07506,2605,12,0
2025-03-26 20:00:00,1.07508,1.07561,1.07498,1.07512,1126,4,0
2025-03-26 21:00:00,1.07529,1.07567,1.07343,1.07368,1082,12,0
2025-03-26 22:00:00,1.07368,1.07437,1.07323,1.07366,2241,12,0
2025-03-26 23:00:00,1.07366,1.07439,1.07349,1.07404,1858,12,0
2025-03-27 00:00:00,1.07404,1.0757,1.07404,1.07549,2146,12,0
2025-03-27 01:00:00,1.07549,1.07683,1.07546,1.07645,2508,12,0
2025-03-27 02:00:00,1.07645,1.07794,1.07643,1.07753,1915,12,0
2025-03-27 03:00:00,1.07753,1.07791,1.07723,1.07776,1156,12,0
2025-03-27 04:00:00,1.07776,1.07863,1.07764,1.07797,1220,12,0
2025-03-27 05:00:00,1.07797,1.07806,1.07631,1.07685,1598,12,0
2025-03-27 06:00:00,1.07683,1.0782,1.07676,1.07725,2625,12,0
2025-03-27 07:00:00,1.07724,1.07737,1.07535,1.07641,5331,12,0
2025-03-27 08:00:00,1.07641,1.0776,1.07549,1.07752,6355,12,0
2025-03-27 09:00:00,1.07752,1.07784,1.07604,1.07701,4311,12,0
2025-03-27 10:00:00,1.07702,1.07811,1.07661,1.0781,3823,12,0
2025-03-27 11:00:00,1.0781,1.07989,1.0778,1.07863,4282,12,0
2025-03-27 12:00:00,1.07863,1.07976,1.07825,1.07864,4339,12,0
2025-03-27 13:00:00,1.07864,1.07966,1.07758,1.07794,5886,12,0
2025-03-27 14:00:00,1.07794,1.0794,1.07766,1.07885,5312,12,0
2025-03-27 15:00:00,1.07886,1.08205,1.07848,1.0799,6578,12,0
2025-03-27 16:00:00,1.0799,1.07992,1.0791,1.07981,4685,12,0
2025-03-27 17:00:00,1.07981,1.08081,1.07889,1.07891,3555,12,0
2025-03-27 18:00:00,1.07891,1.07977,1.07885,1.07902,2404,12,0
2025-03-27 19:00:00,1.07902,1.07991,1.07876,1.07942,2056,12,0
2025-03-27 20:00:00,1.07942,1.08018,1.07932,1.08011,772,12,0
2025-03-27 21:00:00,1.07983,1.07983,1.07938,1.07957,435,13,0
2025-03-27 22:00:00,1.07957,1.0798,1.07949,1.07955,660,12,0
2025-03-27 23:00:00,1.07955,1.08008,1.07955,1.08003,876,12,0
2025-03-28 00:00:00,1.08003,1.08003,1.07875,1.07945,2070,12,0
2025-03-28 01:00:00,1.07945,1.07985,1.07909,1.07932,2122,12,0
2025-03-28 02:00:00,1.07933,1.07964,1.07896,1.0794,2043,12,0
2025-03-28 03:00:00,1.0794,1.07962,1.07903,1.07912,1531,12,0
2025-03-28 04:00:00,1.07913,1.07925,1.07837,1.07879,1417,12,0
2025-03-28 05:00:00,1.0788,1.07923,1.0786,1.07903,1780,12,0
2025-03-28 06:00:00,1.07903,1.07918,1.07819,1.07846,1671,12,0
2025-03-28 07:00:00,1.07845,1.07992,1.0781,1.07867,3397,12,0
2025-03-28 08:00:00,1.07866,1.07959,1.07746,1.07778,4009,12,0
2025-03-28 09:00:00,1.07778,1.07798,1.07681,1.07731,3163,12,0
2025-03-28 10:00:00,1.07731,1.0778,1.07672,1.0768,2584,12,0
2025-03-28 11:00:00,1.0768,1.07743,1.07638,1.07713,2650,12,0
2025-03-28 12:00:00,1.07713,1.07914,1.07635,1.07882,4695,12,0
2025-03-28 13:00:00,1.07884,1.08162,1.07843,1.08091,6713,12,0
2025-03-28 14:00:00,1.08091,1.08309,1.08087,1.08225,6465,12,0
2025-03-28 15:00:00,1.08224,1.08442,1.08188,1.08247,5900,12,0
2025-03-28 16:00:00,1.08247,1.08326,1.08194,1.08209,3641,12,0
2025-03-28 17:00:00,1.0821,1.08281,1.08114,1.08189,2742,12,0
2025-03-28 18:00:00,1.08189,1.08274,1.0813,1.08239,2375,12,0
2025-03-28 19:00:00,1.08239,1.08281,1.08225,1.08249,2135,12,0
2025-03-28 20:00:00,1.08249,1.08355,1.08245,1.08294,1054,12,0
2025-03-30 21:00:00,1.08165,1.08266,1.08124,1.08135,747,41,0
2025-03-30 22:00:00,1.08137,1.08218,1.08047,1.08203,2020,12,0
2025-03-30 23:00:00,1.08204,1.08288,1.08099,1.08231,2341,12,0
2025-03-31 00:00:00,1.0823,1.08411,1.08224,1.08411,3316,12,0
2025-03-31 01:00:00,1.08411,1.08448,1.08304,1.0832,3181,12,0
2025-03-31 02:00:00,1.08321,1.08451,1.08284,1.08399,2337,12,0
2025-03-31 03:00:00,1.08399,1.08408,1.08317,1.08325,1767,12,0
2025-03-31 04:00:00,1.08325,1.08353,1.08306,1.08338,1488,12,0
2025-03-31 05:00:00,1.08338,1.08422,1.08306,1.08338,2229,12,0
2025-03-31 06:00:00,1.08338,1.08443,1.08244,1.08368,4685,12,0
2025-03-31 07:00:00,1.08366,1.08487,1.08202,1.08313,6001,12,0
2025-03-31 08:00:00,1.08312,1.08336,1.08111,1.08267,4558,12,0
2025-03-31 09:00:00,1.08267,1.08299,1.08142,1.08158,3098,12,0
2025-03-31 10:00:00,1.08157,1.08203,1.0805,1.08178,3017,12,0
2025-03-31 11:00:00,1.08178,1.08287,1.08147,1.08191,3618,12,0
2025-03-31 12:00:00,1.08191,1.08206,1.08005,1.08032,3921,12,0
2025-03-31 13:00:00,1.08032,1.08209,1.08022,1.08076,4966,12,0
2025-03-31 14:00:00,1.08073,1.08081,1.07834,1.08015,5903,12,0
2025-03-31 15:00:00,1.08015,1.08163,1.079,1.07935,6438,12,0
2025-03-31 16:00:00,1.07936,1.08156,1.07843,1.08111,3740,12,0
2025-03-31 17:00:00,1.08111,1.08171,1.08073,1.08142,2222,12,0
2025-03-31 18:00:00,1.08142,1.08174,1.08064,1.0814,2023,12,0
2025-03-31 19:00:00,1.0814,1.08192,1.08111,1.08134,2000,12,0
2025-03-31 20:00:00,1.08135,1.08183,1.08089,1.08158,1104,12,0
2025-03-31 21:00:00,1.08148,1.08186,1.08148,1.08173,562,36,0
2025-03-31 22:00:00,1.08172,1.08182,1.08145,1.08179,713,12,0
2025-03-31 23:00:00,1.08178,1.08191,1.08132,1.08171,852,12,0
2025-04-01 00:00:00,1.08171,1.08259,1.08169,1.08246,2313,12,0
2025-04-01 01:00:00,1.08246,1.08261,1.08162,1.08199,2453,12,0
2025-04-01 02:00:00,1.08199,1.08278,1.08195,1.08236,2167,12,0
2025-04-01 03:00:00,1.08235,1.08271,1.08205,1.08264,2028,12,0
2025-04-01 04:00:00,1.08264,1.08295,1.08243,1.08245,1563,12,0
2025-04-01 05:00:00,1.08245,1.08247,1.08059,1.08064,2158,12,0
2025-04-01 06:00:00,1.08064,1.08101,1.07984,1.08076,3406,12,0
2025-04-01 07:00:00,1.08076,1.0812,1.07985,1.0801,4316,12,0
2025-04-01 08:00:00,1.0801,1.08174,1.07998,1.0817,2914,12,0
2025-04-01 09:00:00,1.0817,1.08286,1.08141,1.08166,3018,12,0
2025-04-01 10:00:00,1.08166,1.08178,1.07895,1.07976,4452,12,0
2025-04-01 11:00:00,1.07976,1.07979,1.07778,1.07806,4705,12,0
2025-04-01 12:00:00,1.07807,1.07948,1.07807,1.07866,3914,12,0
2025-04-01 13:00:00,1.07865,1.07949,1.07787,1.0786,4551,12,0
2025-04-01 14:00:00,1.0786,1.08118,1.0781,1.0807,7106,12,0
2025-04-01 15:00:00,1.08069,1.08119,1.07981,1.07988,5230,12,0
2025-04-01 16:00:00,1.07988,1.08026,1.0792,1.07991,3440,12,0
2025-04-01 17:00:00,1.07992,1.08041,1.07906,1.07923,2019,12,0
2025-04-01 18:00:00,1.07923,1.07941,1.07846,1.07864,2206,12,0
2025-04-01 19:00:00,1.07864,1.07903,1.07848,1.07893,1721,12,0
2025-04-01 20:00:00,1.07893,1.0801,1.0788,1.07917,1186,12,0
2025-04-01 21:00:00,1.07866,1.07943,1.07864,1.07917,634,36,0
2025-04-01 22:00:00,1.07917,1.08075,1.0791,1.07984,1337,12,0
2025-04-01 23:00:00,1.07984,1.07992,1.07937,1.07938,1029,12,0
2025-04-02 00:00:00,1.07938,1.07944,1.07884,1.07899,2302,12,0
2025-04-02 01:00:00,1.07899,1.07944,1.07865,1.07942,2082,12,0
2025-04-02 02:00:00,1.07943,1.08014,1.07935,1.07938,1778,12,0
2025-04-02 03:00:00,1.07938,1.07995,1.0793,1.07951,1315,12,0
2025-04-02 04:00:00,1.07951,1.0797,1.07918,1.07921,1028,12,0
2025-04-02 05:00:00,1.07921,1.07921,1.07854,1.07889,1614,12,0
2025-04-02 06:00:00,1.07889,1.07957,1.07868,1.07922,2710,12,0
2025-04-02 07:00:00,1.07922,1.07942,1.07796,1.07913,3303,12,0
2025-04-02 08:00:00,1.07909,1.08013,1.07899,1.07968,2882,12,0
2025-04-02 09:00:00,1.07968,1.08076,1.07952,1.08055,2712,12,0
2025-04-02 10:00:00,1.08055,1.08062,1.07854,1.07942,3047,12,0
2025-04-02 11:00:00,1.07942,1.08056,1.07906,1.08019,2951,12,0
2025-04-02 12:00:00,1.08019,1.08189,1.07956,1.08186,4352,12,0
2025-04-02 13:00:00,1.08186,1.08286,1.08142,1.08257,5041,12,0
2025-04-02 14:00:00,1.08257,1.08608,1.08184,1.08577,6565,12,0
2025-04-02 15:00:00,1.08578,1.08726,1.08504,1.08668,5600,12,0
2025-04-02 16:00:00,1.08668,1.0867,1.08461,1.08516,3548,12,0
2025-04-02 17:00:00,1.08516,1.0859,1.08495,1.08513,2305,12,0
2025-04-02 18:00:00,1.08512,1.08586,1.08474,1.08536,2525,12,0
2025-04-02 19:00:00,1.08536,1.08553,1.08464,1.08492,2171,12,0
2025-04-02 20:00:00,1.08491,1.09238,1.081,1.08455,12272,13,0
2025-04-02 21:00:00,1.0846,1.08536,1.08087,1.08247,2027,36,0
2025-04-02 22:00:00,1.08247,1.0839,1.08043,1.08385,6903,12,0
2025-04-02 23:00:00,1.08387,1.09105,1.0837,1.09037,7854,12,0
2025-04-03 00:00:00,1.09037,1.0907,1.08791,1.08898,9322,12,0
2025-04-03 01:00:00,1.08898,1.09225,1.08859,1.09128,6375,12,0
2025-04-03 02:00:00,1.09128,1.09241,1.09084,1.09117,4303,12,0
2025-04-03 03:00:00,1.09117,1.09207,1.09071,1.09143,3911,12,0
2025-04-03 04:00:00,1.09144,1.0916,1.09051,1.09063,3399,12,0
2025-04-03 05:00:00,1.09064,1.09515,1.09059,1.09437,5052,12,0
2025-04-03 06:00:00,1.09437,1.09896,1.0934,1.09892,9167,12,0
2025-04-03 07:00:00,1.09893,1.09896,1.09421,1.09703,8492,12,0
2025-04-03 08:00:00,1.09703,1.10198,1.097,1.10088,6584,12,0
2025-04-03 09:00:00,1.10088,1.10467,1.10032,1.10302,7021,12,0
2025-04-03 10:00:00,1.10302,1.11458,1.10274,1.10513,11406,12,0
2025-04-03 11:00:00,1.10518,1.11006,1.10383,1.10871,8929,12,0
2025-04-03 12:00:00,1.10872,1.11088,1.10721,1.10813,10547,12,0
2025-04-03 13:00:00,1.10812,1.11344,1.10695,1.1079,12186,12,0
2025-04-03 14:00:00,1.10819,1.11268,1.10789,1.11178,10897,12,0
2025-04-03 15:00:00,1.1118,1.11184,1.10404,1.10499,8960,12,0
2025-04-03 16:00:00,1.10499,1.10553,1.10322,1.10385,6764,12,0
2025-04-03 17:00:00,1.10383,1.1039,1.10172,1.10239,5011,12,0
2025-04-03 18:00:00,1.1024,1.10401,1.1019,1.10367,3925,12,0
2025-04-03 19:00:00,1.10366,1.10367,1.10154,1.10266,3301,12,0
2025-04-03 20:00:00,1.10267,1.10519,1.10217,1.1051,1816,12,0
2025-04-03 21:00:00,1.10467,1.10507,1.10442,1.10497,724,36,0
2025-04-03 22:00:00,1.10485,1.10708,1.10484,1.10636,2189,12,0
2025-04-03 23:00:00,1.10636,1.10642,1.10415,1.10447,3102,12,0
2025-04-04 00:00:00,1.10446,1.10636,1.10361,1.106,4599,12,0
2025-04-04 01:00:00,1.106,1.10726,1.10565,1.10672,4442,12,0
2025-04-04 02:00:00,1.10673,1.10789,1.10602,1.10628,4048,12,0
2025-04-04 03:00:00,1.10628,1.10979,1.10568,1.10931,4723,12,0
2025-04-04 04:00:00,1.10931,1.10978,1.10816,1.10868,4174,12,0
2025-04-04 05:00:00,1.10868,1.11072,1.10778,1.10836,4700,12,0
2025-04-04 06:00:00,1.10836,1.10857,1.10493,1.105,6414,12,0
2025-04-04 07:00:00,1.105,1.10666,1.09993,1.10037,8588,12,0
2025-04-04 08:00:00,1.10038,1.10089,1.09749,1.09958,9629,12,0
2025-04-04 09:00:00,1.09958,1.09968,1.09708,1.0984,7957,12,0
2025-04-04 10:00:00,1.09839,1.10493,1.09639,1.10303,13318,12,0
2025-04-04 11:00:00,1.10302,1.10794,1.10216,1.10595,14717,12,0
2025-04-04 12:00:00,1.10597,1.10882,1.1007,1.10194,17305,12,0
2025-04-04 13:00:00,1.10195,1.10477,1.10046,1.10057,13433,12,0
2025-04-04 14:00:00,1.10051,1.10141,1.09594,1.09851,8931,12,0
2025-04-04 15:00:00,1.09854,1.10165,1.09664,1.1013,9055,12,0
2025-04-04 16:00:00,1.10131,1.10191,1.0961,1.09704,6652,12,0
2025-04-04 17:00:00,1.09705,1.09761,1.0924,1.09468,6609,12,0
2025-04-04 18:00:00,1.09468,1.09666,1.09388,1.0944,5113,12,0
2025-04-04 19:00:00,1.09439,1.09641,1.09272,1.09423,4809,12,0
2025-04-04 20:00:00,1.09428,1.09653,1.09317,1.09615,2585,12,0
2025-04-06 21:00:00,1.08914,1.09204,1.08775,1.09117,1382,34,0
2025-04-06 22:00:00,1.09118,1.09939,1.09118,1.09822,5843,12,0
2025-04-06 23:00:00,1.09822,1.10005,1.09812,1.09826,5973,12,0
2025-04-07 00:00:00,1.0983,1.0983,1.09457,1.09665,6363,12,0
2025-04-07 01:00:00,1.09665,1.09796,1.09535,1.09673,6479,12,0
2025-04-07 02:00:00,1.09673,1.09673,1.0919,1.09347,4658,12,0
2025-04-07 03:00:00,1.09347,1.09541,1.09294,1.09498,3376,12,0
2025-04-07 04:00:00,1.09498,1.09868,1.09476,1.09843,3314,12,0
2025-04-07 05:00:00,1.09843,1.10202,1.09772,1.1018,5251,12,0
2025-04-07 06:00:00,1.10179,1.10224,1.09931,1.10025,7322,12,0
2025-04-07 07:00:00,1.10025,1.10492,1.09975,1.10002,8264,12,0
2025-04-07 08:00:00,1.10014,1.10212,1.09673,1.09912,7355,12,0
2025-04-07 09:00:00,1.09913,1.09959,1.09493,1.09621,6633,12,0
2025-04-07 10:00:00,1.09627,1.09901,1.09571,1.09584,6794,12,0
2025-04-07 11:00:00,1.09584,1.0969,1.09345,1.0969,6801,12,0
2025-04-07 12:00:00,1.0969,1.09908,1.09385,1.09731,7586,12,0
2025-04-07 13:00:00,1.0974,1.09766,1.09367,1.0941,7520,12,0
2025-04-07 14:00:00,1.0941,1.09824,1.09163,1.09211,8242,12,0
2025-04-07 15:00:00,1.09213,1.09357,1.09006,1.09109,5336,12,0
2025-04-07 16:00:00,1.09108,1.0932,1.09033,1.09314,4731,12,0
2025-04-07 17:00:00,1.09317,1.09494,1.0929,1.09381,6736,12,0
2025-04-07 18:00:00,1.09382,1.09523,1.09229,1.09329,6955,12,0
2025-04-07 19:00:00,1.09328,1.0948,1.09131,1.09152,6308,12,0
2025-04-07 20:00:00,1.09154,1.09191,1.09009,1.09039,2967,12,0
2025-04-07 21:00:00,1.08999,1.09119,1.08999,1.09115,410,36,0
2025-04-07 22:00:00,1.09115,1.092,1.09079,1.09167,2111,12,0
2025-04-07 23:00:00,1.09165,1.09185,1.09072,1.09143,2758,12,0
2025-04-08 00:00:00,1.09142,1.09495,1.09141,1.09392,6105,12,0
2025-04-08 01:00:00,1.09392,1.09611,1.09375,1.09593,8226,12,0
2025-04-08 02:00:00,1.09593,1.09796,1.09591,1.09704,4703,12,0
2025-04-08 03:00:00,1.09704,1.09712,1.09603,1.09629,3774,12,0
2025-04-08 04:00:00,1.09629,1.0979,1.09616,1.09755,3904,12,0
2025-04-08 05:00:00,1.09755,1.09755,1.09532,1.09677,5244,12,0
2025-04-08 06:00:00,1.09673,1.09914,1.09611,1.09759,7476,12,0
2025-04-08 07:00:00,1.09759,1.09799,1.09209,1.0923,10630,12,0
2025-04-08 08:00:00,1.0923,1.09482,1.09223,1.09361,8194,12,0
2025-04-08 09:00:00,1.0936,1.09367,1.09106,1.09192,8130,12,0
2025-04-08 10:00:00,1.09192,1.09385,1.09129,1.09268,6776,12,0
2025-04-08 11:00:00,1.09268,1.09442,1.09243,1.09336,7951,12,0
2025-04-08 12:00:00,1.09337,1.09679,1.09337,1.09478,7724,12,0
2025-04-08 13:00:00,1.09478,1.09552,1.09265,1.09342,9223,12,0
2025-04-08 14:00:00,1.09351,1.09351,1.08884,1.09097,6912,12,0
2025-04-08 15:00:00,1.09096,1.09189,1.08952,1.09111,5578,12,0
2025-04-08 16:00:00,1.09111,1.09318,1.08979,1.09291,5240,12,0
2025-04-08 17:00:00,1.0929,1.0948,1.09257,1.09332,5967,12,0
2025-04-08 18:00:00,1.09332,1.09685,1.09291,1.09515,4920,12,0
2025-04-08 19:00:00,1.09508,1.09772,1.09502,1.09535,4731,12,0
2025-04-08 20:00:00,1.0953,1.09622,1.09383,1.09552,2333,12,0
2025-04-08 21:00:00,1.09522,1.09569,1.09458,1.09553,485,48,0
2025-04-08 22:00:00,1.0955,1.09769,1.0955,1.09674,3292,12,0
2025-04-08 23:00:00,1.09674,1.09846,1.09658,1.09769,4146,12,0
2025-04-09 00:00:00,1.09768,1.10161,1.09705,1.10143,9597,12,0
2025-04-09 01:00:00,1.10142,1.10393,1.10134,1.10194,10199,12,0
2025-04-09 02:00:00,1.10194,1.10281,1.10089,1.10191,7060,12,0
2025-04-09 03:00:00,1.10191,1.10354,1.10119,1.1019,7246,12,0
2025-04-09 04:00:00,1.1019,1.10685,1.10182,1.10681,10042,12,0
2025-04-09 05:00:00,1.10679,1.10679,1.10285,1.1061,9468,12,0
2025-04-09 06:00:00,1.1061,1.10892,1.1042,1.10731,13352,12,0
2025-04-09 07:00:00,1.10723,1.1079,1.10088,1.1015,14827,12,0
2025-04-09 08:00:00,1.1015,1.10345,1.09974,1.10269,11896,12,0
2025-04-09 09:00:00,1.1027,1.10498,1.10086,1.10434,9115,12,0
2025-04-09 10:00:00,1.10435,1.10573,1.10247,1.10325,8716,12,0
2025-04-09 11:00:00,1.10325,1.10563,1.1021,1.1035,14084,12,0
2025-04-09 12:00:00,1.1035,1.10945,1.10342,1.10748,12371,12,0
2025-04-09 13:00:00,1.1075,1.10812,1.10323,1.10445,12519,12,0
2025-04-09 14:00:00,1.10444,1.10507,1.10256,1.10401,6824,12,0
2025-04-09 15:00:00,1.10401,1.10688,1.10359,1.10377,5590,12,0
2025-04-09 16:00:00,1.10378,1.10418,1.1013,1.10196,4145,12,0
2025-04-09 17:00:00,1.10197,1.10637,1.09457,1.09738,9212,13,0
2025-04-09 18:00:00,1.09738,1.09826,1.09129,1.09636,8673,12,0
2025-04-09 19:00:00,1.09633,1.09761,1.0932,1.09335,6368,12,0
2025-04-09 20:00:00,1.09353,1.09614,1.09282,1.0951,4098,12,0
2025-04-09 21:00:00,1.0948,1.09527,1.09447,1.09463,500,36,0
2025-04-09 22:00:00,1.09476,1.09622,1.09464,1.09599,3276,12,0
2025-04-09 23:00:00,1.09602,1.09608,1.09425,1.09503,3263,12,0
2025-04-10 00:00:00,1.09503,1.09862,1.09497,1.09858,5388,12,0
2025-04-10 01:00:00,1.09858,1.09869,1.09687,1.0971,4196,12,0
2025-04-10 02:00:00,1.0971,1.09784,1.09609,1.09713,3468,12,0
2025-04-10 03:00:00,1.09713,1.09886,1.09698,1.0981,3442,12,0
2025-04-10 04:00:00,1.09809,1.09845,1.09768,1.09823,3162,12,0
2025-04-10 05:00:00,1.09823,1.09951,1.09772,1.09849,3302,12,0
2025-04-10 06:00:00,1.09848,1.09884,1.09623,1.09825,5354,12,0
2025-04-10 07:00:00,1.09821,1.10302,1.09666,1.10258,6625,12,0
2025-04-10 08:00:00,1.10258,1.10473,1.10156,1.1037,6018,12,0
2025-04-10 09:00:00,1.1037,1.10592,1.1033,1.10587,5149,12,0
2025-04-10 10:00:00,1.10587,1.10804,1.10542,1.1079,5184,12,0
2025-04-10 11:00:00,1.1079,1.10879,1.10666,1.10697,5214,12,0
2025-04-10 12:00:00,1.1069,1.11311,1.10674,1.10966,7012,12,0
2025-04-10 13:00:00,1.10968,1.11338,1.10902,1.11263,6353,12,0
2025-04-10 14:00:00,1.11263,1.11857,1.11237,1.11848,6799,12,0
2025-04-10 15:00:00,1.11837,1.12283,1.11531,1.11901,7881,12,0
2025-04-10 16:00:00,1.11895,1.12094,1.11768,1.11962,6874,12,0
2025-04-10 17:00:00,1.11962,1.12102,1.11735,1.12094,6123,12,0
2025-04-10 18:00:00,1.12093,1.12408,1.12008,1.12148,5319,12,0
2025-04-10 19:00:00,1.12146,1.12192,1.11584,1.12067,5326,12,0
2025-04-10 20:00:00,1.12058,1.12058,1.11804,1.12012,2649,12,0
2025-04-10 21:00:00,1.11877,1.1199,1.1184,1.11846,795,36,0
2025-04-10 22:00:00,1.11873,1.12346,1.11837,1.12345,3118,12,0
2025-04-10 23:00:00,1.12347,1.12621,1.12126,1.12572,5030,12,0
2025-04-11 00:00:00,1.12571,1.13832,1.12509,1.13096,8149,12,0
2025-04-11 01:00:00,1.13097,1.13222,1.12751,1.13053,7787,12,0
2025-04-11 02:00:00,1.13057,1.13222,1.12946,1.1302,5942,12,0
2025-04-11 03:00:00,1.13021,1.13539,1.13017,1.13403,4676,12,0
2025-04-11 04:00:00,1.13402,1.13405,1.13095,1.13218,4008,12,0
2025-04-11 05:00:00,1.13218,1.13228,1.127,1.12845,4834,12,0
2025-04-11 06:00:00,1.12841,1.12885,1.12461,1.12868,6502,12,0
2025-04-11 07:00:00,1.12859,1.1368,1.12834,1.13638,7750,12,0
2025-04-11 08:00:00,1.13638,1.14729,1.13486,1.14266,8761,12,0
2025-04-11 09:00:00,1.14262,1.14263,1.13842,1.1385,7334,12,0
2025-04-11 10:00:00,1.13849,1.13849,1.13196,1.13362,6932,12,0
2025-04-11 11:00:00,1.13359,1.1371,1.13232,1.13283,6016,12,0
2025-04-11 12:00:00,1.13264,1.13984,1.13242,1.13949,7453,12,0
2025-04-11 13:00:00,1.13948,1.14117,1.13243,1.13583,8550,12,0
2025-04-11 14:00:00,1.13585,1.13813,1.13268,1.13393,9041,12,0
2025-04-11 15:00:00,1.13394,1.13495,1.13117,1.13246,6739,12,0
2025-04-11 16:00:00,1.13241,1.13264,1.12763,1.13053,5658,12,0
2025-04-11 17:00:00,1.13053,1.13265,1.12819,1.12848,4724,12,0
2025-04-11 18:00:00,1.12848,1.13206,1.12839,1.13119,4411,12,0
2025-04-11 19:00:00,1.13115,1.13431,1.13086,1.13411,3338,12,0
2025-04-11 20:00:00,1.13412,1.13546,1.13364,1.13546,1771,12,0
2025-04-13 21:00:00,1.13146,1.13212,1.13127,1.13167,402,41,0
2025-04-13 22:00:00,1.13168,1.13546,1.13161,1.13339,4267,12,0
2025-04-13 23:00:00,1.13345,1.13483,1.13236,1.13416,3531,12,0
2025-04-14 00:00:00,1.13417,1.13702,1.13402,1.13649,4688,12,0
2025-04-14 01:00:00,1.13649,1.14085,1.13638,1.13851,5019,12,0
2025-04-14 02:00:00,1.13851,1.14007,1.13702,1.13713,3850,12,0
2025-04-14 03:00:00,1.13713,1.13831,1.13573,1.13711,3540,12,0
2025-04-14 04:00:00,1.13711,1.13844,1.1365,1.13672,2669,12,0
2025-04-14 05:00:00,1.13672,1.13874,1.13523,1.13847,3356,12,0
2025-04-14 06:00:00,1.13847,1.14233,1.1376,1.14159,5713,12,0
2025-04-14 07:00:00,1.14164,1.1424,1.1383,1.13892,5787,12,0
2025-04-14 08:00:00,1.13892,1.14094,1.1378,1.1387,5302,12,0
2025-04-14 09:00:00,1.13869,1.1407,1.1386,1.13862,4846,12,0
2025-04-14 10:00:00,1.1386,1.13915,1.1371,1.13867,4150,12,0
2025-04-14 11:00:00,1.13867,1.14053,1.13719,1.13834,3390,12,0
2025-04-14 12:00:00,1.13834,1.13878,1.13339,1.13382,5169,12,0
2025-04-14 13:00:00,1.13381,1.13407,1.12953,1.13268,6390,12,0
2025-04-14 14:00:00,1.13268,1.13674,1.13192,1.1367,5205,12,0
2025-04-14 15:00:00,1.13669,1.13813,1.13522,1.13566,5361,12,0
2025-04-14 16:00:00,1.13566,1.13695,1.13295,1.13301,4349,12,0
2025-04-14 17:00:00,1.13301,1.13472,1.13278,1.13379,3405,12,0
2025-04-14 18:00:00,1.1338,1.13566,1.13374,1.1354,3109,12,0
2025-04-14 19:00:00,1.13538,1.13691,1.13496,1.13543,2293,12,0
2025-04-14 20:00:00,1.13545,1.1358,1.13426,1.13487,1736,12,0
2025-04-14 21:00:00,1.13438,1.13533,1.13409,1.13509,534,40,0
2025-04-14 22:00:00,1.13514,1.13608,1.13446,1.13532,1702,12,0
2025-04-14 23:00:00,1.13531,1.13533,1.1333,1.13357,1983,12,0
2025-04-15 00:00:00,1.13357,1.13383,1.13164,1.1328,3520,12,0
2025-04-15 01:00:00,1.13279,1.13344,1.13152,1.13236,3125,12,0
2025-04-15 02:00:00,1.13239,1.13516,1.13238,1.1349,2628,12,0
2025-04-15 03:00:00,1.1349,1.13526,1.13428,1.13467,2121,12,0
2025-04-15 04:00:00,1.13467,1.13626,1.13441,1.13563,2572,12,0
2025-04-15 05:00:00,1.13562,1.13674,1.13483,1.13499,2887,12,0
2025-04-15 06:00:00,1.13502,1.13638,1.13273,1.13315,4137,12,0
2025-04-15 07:00:00,1.13315,1.13593,1.132,1.13568,4430,12,0
2025-04-15 08:00:00,1.13568,1.13784,1.13432,1.13463,4467,12,0
2025-04-15 09:00:00,1.13462,1.13556,1.13324,1.13382,3647,12,0
2025-04-15 10:00:00,1.13381,1.13487,1.13317,1.13439,3008,12,0
2025-04-15 11:00:00,1.13435,1.13437,1.13135,1.1326,3586,12,0
2025-04-15 12:00:00,1.13262,1.13409,1.13083,1.13123,5018,12,0
2025-04-15 13:00:00,1.13118,1.1328,1.13047,1.13171,5070,12,0
2025-04-15 14:00:00,1.13171,1.1329,1.12848,1.13284,6346,12,0
2025-04-15 15:00:00,1.13284,1.13287,1.12816,1.12881,4540,12,0
2025-04-15 16:00:00,1.12881,1.12915,1.12635,1.12738,3638,12,0
2025-04-15 17:00:00,1.12737,1.12823,1.12664,1.12717,2937,12,0
2025-04-15 18:00:00,1.12721,1.12759,1.12658,1.12728,2608,12,0
2025-04-15 19:00:00,1.12727,1.1287,1.12709,1.12818,1783,12,0
2025-04-15 20:00:00,1.12821,1.12892,1.12794,1.12811,1208,12,0
2025-04-15 21:00:00,1.12771,1.12844,1.12769,1.12797,565,36,0
2025-04-15 22:00:00,1.12788,1.12987,1.12788,1.12949,1861,12,0
2025-04-15 23:00:00,1.12952,1.12981,1.12827,1.1293,2088,12,0
2025-04-16 00:00:00,1.1293,1.13209,1.12922,1.13163,3929,12,0
2025-04-16 01:00:00,1.13163,1.13301,1.13157,1.1323,3325,12,0
2025-04-16 02:00:00,1.13232,1.13313,1.13174,1.13271,2727,12,0
2025-04-16 03:00:00,1.1328,1.13428,1.13239,1.13427,2429,12,0
2025-04-16 04:00:00,1.13427,1.13472,1.13324,1.13456,2538,12,0
2025-04-16 05:00:00,1.13457,1.13848,1.13405,1.13802,3510,12,0
2025-04-16 06:00:00,1.13794,1.13823,1.136,1.13601,3966,12,0
2025-04-16 07:00:00,1.13603,1.13916,1.13585,1.13862,4282,12,0
2025-04-16 08:00:00,1.13864,1.13874,1.13378,1.13687,5689,12,0
2025-04-16 09:00:00,1.13686,1.13773,1.13554,1.13595,4757,12,0
2025-04-16 10:00:00,1.13596,1.13737,1.13517,1.13579,4172,12,0
2025-04-16 11:00:00,1.13572,1.13733,1.13544,1.13626,3940,12,0
2025-04-16 12:00:00,1.13627,1.13649,1.13402,1.13511,5186,12,0
2025-04-16 13:00:00,1.13515,1.13733,1.13491,1.13663,5519,12,0
2025-04-16 14:00:00,1.13674,1.13836,1.13534,1.13833,5537,12,0
2025-04-16 15:00:00,1.13833,1.1386,1.13566,1.13809,4357,12,0
2025-04-16 16:00:00,1.13812,1.13865,1.13695,1.13742,3289,12,0
2025-04-16 17:00:00,1.13738,1.13893,1.13585,1.13746,4133,12,0
2025-04-16 18:00:00,1.13747,1.13879,1.13645,1.13858,3909,12,0
2025-04-16 19:00:00,1.13856,1.14123,1.13842,1.13859,3619,12,0
2025-04-16 20:00:00,1.13863,1.13986,1.1381,1.13982,1897,12,0
2025-04-16 21:00:00,1.13912,1.13994,1.13909,1.1394,553,34,0
2025-04-16 22:00:00,1.13948,1.14001,1.13943,1.1399,1494,12,0
2025-04-16 23:00:00,1.1399,1.14089,1.13936,1.13949,1968,12,0
2025-04-17 00:00:00,1.13952,1.13961,1.13645,1.13673,4228,12,0
2025-04-17 01:00:00,1.13673,1.13688,1.13547,1.13649,4055,12,0
2025-04-17 02:00:00,1.13649,1.13812,1.13643,1.13776,2667,12,0
2025-04-17 03:00:00,1.13776,1.13803,1.13634,1.13636,2159,12,0
2025-04-17 04:00:00,1.13635,1.13692,1.13594,1.13616,1865,12,0
2025-04-17 05:00:00,1.13616,1.13705,1.13434,1.13518,2694,12,0
2025-04-17 06:00:00,1.13518,1.13701,1.13427,1.13582,3809,12,0
2025-04-17 07:00:00,1.13582,1.13782,1.13523,1.1376,4119,12,0
2025-04-17 08:00:00,1.13762,1.1388,1.13677,1.13779,3520,12,0
2025-04-17 09:00:00,1.13777,1.13803,1.13696,1.1372,3082,12,0
2025-04-17 10:00:00,1.13722,1.13763,1.13568,1.13588,3745,12,0
2025-04-17 11:00:00,1.13591,1.13694,1.13551,1.13559,2821,12,0
2025-04-17 12:00:00,1.13556,1.13676,1.13346,1.13558,5667,12,0
2025-04-17 13:00:00,1.13561,1.13771,1.13505,1.13607,6046,12,0
2025-04-17 14:00:00,1.13607,1.13853,1.13378,1.13487,5420,12,0
2025-04-17 15:00:00,1.1349,1.1376,1.13472,1.13628,4242,12,0
2025-04-17 16:00:00,1.13627,1.13701,1.13393,1.13499,4124,12,0
2025-04-17 17:00:00,1.13499,1.13533,1.13404,1.13506,2679,12,0
2025-04-17 18:00:00,1.13505,1.13746,1.13423,1.13726,2736,12,0
2025-04-17 19:00:00,1.13726,1.13755,1.13679,1.13726,1930,12,0
2025-04-17 20:00:00,1.13725,1.13758,1.13608,1.1361,1119,12,0
2025-04-17 21:00:00,1.13606,1.13671,1.13581,1.13654,465,44,0
2025-04-17 22:00:00,1.1366,1.13698,1.13628,1.13649,2403,12,0
2025-04-17 23:00:00,1.13648,1.13741,1.13643,1.13695,1061,15,0
2025-04-18 00:00:00,1.13695,1.13856,1.13645,1.13743,3001,12,0
2025-04-18 01:00:00,1.13743,1.13757,1.13666,1.13708,3537,12,0
2025-04-18 02:00:00,1.13704,1.13783,1.13684,1.1372,3069,12,0
2025-04-18 03:00:00,1.1372,1.1376,1.13684,1.1373,3001,12,0
2025-04-18 04:00:00,1.1373,1.13739,1.13684,1.13689,2637,12,0
2025-04-18 05:00:00,1.13689,1.13732,1.13632,1.13702,2734,12,0
2025-04-18 06:00:00,1.13699,1.13756,1.13614,1.13617,4545,12,0
2025-04-18 07:00:00,1.13617,1.1375,1.13545,1.13689,4254,12,0
2025-04-18 08:00:00,1.13689,1.13711,1.13649,1.13707,5115,12,0
2025-04-18 09:00:00,1.13706,1.13722,1.13664,1.13684,4428,12,0
2025-04-18 10:00:00,1.13684,1.13742,1.13671,1.1373,4404,12,0
2025-04-18 11:00:00,1.13732,1.13814,1.13709,1.13804,5064,12,0
2025-04-18 12:00:00,1.13806,1.13857,1.13801,1.13818,3824,12,0
2025-04-18 13:00:00,1.13819,1.13821,1.13737,1.13793,3156,12,0
2025-04-18 14:00:00,1.13793,1.13971,1.13781,1.13959,3131,12,0
2025-04-18 15:00:00,1.13961,1.13964,1.13866,1.13919,3064,12,0
2025-04-18 16:00:00,1.13917,1.13945,1.1387,1.1394,3042,12,0
2025-04-18 17:00:00,1.1394,1.13945,1.13894,1.13921,2721,12,0
2025-04-18 18:00:00,1.13918,1.13945,1.13888,1.13923,1325,12,0
2025-04-18 19:00:00,1.13923,1.13953,1.13908,1.13922,636,38,0
2025-04-18 20:00:00,1.13922,1.13942,1.13882,1.13921,694,22,0
2025-04-20 21:00:00,1.13908,1.14223,1.13896,1.14055,1240,34,0
2025-04-20 22:00:00,1.13991,1.14378,1.13879,1.14327,2897,12,0
2025-04-20 23:00:00,1.14327,1.14578,1.14327,1.14483,2736,12,0
2025-04-21 00:00:00,1.14483,1.14859,1.14482,1.14657,4348,12,0
2025-04-21 01:00:00,1.14658,1.14786,1.14643,1.14759,3463,12,0
2025-04-21 02:00:00,1.14759,1.15307,1.14713,1.15037,3696,12,0
2025-04-21 03:00:00,1.15037,1.15241,1.15037,1.15144,2261,12,0
2025-04-21 04:00:00,1.15143,1.15166,1.14981,1.15165,2271,12,0
2025-04-21 05:00:00,1.15165,1.1534,1.15142,1.15306,2709,12,0
2025-04-21 06:00:00,1.15305,1.15336,1.15042,1.15157,3314,12,0
2025-04-21 07:00:00,1.15148,1.15669,1.15088,1.15548,3819,12,0
2025-04-21 08:00:00,1.15548,1.15639,1.15369,1.15576,3919,12,0
2025-04-21 09:00:00,1.15576,1.15725,1.15444,1.15465,3394,12,0
2025-04-21 10:00:00,1.15466,1.1548,1.15207,1.1523,2803,12,0
2025-04-21 11:00:00,1.1523,1.15469,1.15127,1.15421,3084,12,0
2025-04-21 12:00:00,1.15421,1.15493,1.15207,1.15422,3802,12,0
2025-04-21 13:00:00,1.1542,1.15421,1.15009,1.15185,4250,12,0
2025-04-21 14:00:00,1.15186,1.15242,1.14889,1.14972,4601,12,0
2025-04-21 15:00:00,1.14973,1.15073,1.14811,1.15066,3591,12,0
2025-04-21 16:00:00,1.15066,1.15126,1.14996,1.1509,2700,12,0
2025-04-21 17:00:00,1.1509,1.15142,1.14929,1.15133,2519,12,0
2025-04-21 18:00:00,1.15132,1.15246,1.15116,1.15216,2296,12,0
2025-04-21 19:00:00,1.15214,1.15264,1.1512,1.15121,2147,12,0
2025-04-21 20:00:00,1.1513,1.15153,1.15042,1.15119,1360,12,0
2025-04-21 21:00:00,1.15115,1.15132,1.15057,1.15072,442,36,0
2025-04-21 22:00:00,1.15084,1.15247,1.15058,1.15228,1187,12,0
2025-04-21 23:00:00,1.1523,1.15235,1.15067,1.15133,1601,12,0
2025-04-22 00:00:00,1.15133,1.15135,1.14812,1.14899,3538,12,0
2025-04-22 01:00:00,1.14899,1.14979,1.1485,1.14941,3255,12,0
2025-04-22 02:00:00,1.14941,1.15199,1.14933,1.15199,2471,12,0
2025-04-22 03:00:00,1.15199,1.15398,1.15185,1.15342,3220,12,0
2025-04-22 04:00:00,1.15341,1.15395,1.15265,1.15295,2061,12,0
2025-04-22 05:00:00,1.15295,1.15467,1.15175,1.15417,3758,12,0
2025-04-22 06:00:00,1.15417,1.15452,1.14954,1.15001,5035,12,0
2025-04-22 07:00:00,1.15012,1.15085,1.14826,1.15052,5124,12,0
2025-04-22 08:00:00,1.15052,1.15145,1.1494,1.14991,4578,12,0
2025-04-22 09:00:00,1.14993,1.15071,1.14872,1.14899,3922,12,0
2025-04-22 10:00:00,1.14897,1.15001,1.14875,1.14881,3782,12,0
2025-04-22 11:00:00,1.14878,1.14999,1.14834,1.14857,3296,12,0
2025-04-22 12:00:00,1.14851,1.14895,1.14617,1.14693,4698,12,0
2025-04-22 13:00:00,1.14694,1.14844,1.14554,1.14744,4670,12,0
2025-04-22 14:00:00,1.14738,1.14915,1.14605,1.14772,4625,12,0
2025-04-22 15:00:00,1.14773,1.1485,1.14631,1.14644,3744,12,0
2025-04-22 16:00:00,1.14642,1.14683,1.14326,1.14333,4391,12,0
2025-04-22 17:00:00,1.14333,1.14534,1.14302,1.14497,3652,12,0
2025-04-22 18:00:00,1.14497,1.14497,1.14222,1.14266,2248,12,0
2025-04-22 19:00:00,1.14266,1.14334,1.14194,1.14203,1966,12,0
2025-04-22 20:00:00,1.14202,1.14297,1.14164,1.14186,1231,12,0
2025-04-22 21:00:00,1.14153,1.14246,1.13603,1.13608,1621,36,0
2025-04-22 22:00:00,1.13607,1.13696,1.13075,1.13366,5172,12,0
2025-04-22 23:00:00,1.13368,1.13618,1.1329,1.13503,4067,12,0
2025-04-23 00:00:00,1.13501,1.13975,1.13487,1.13968,4695,12,0
2025-04-23 01:00:00,1.13968,1.14145,1.13838,1.14066,4411,12,0
2025-04-23 02:00:00,1.14064,1.14102,1.13897,1.1404,3349,12,0
2025-04-23 03:00:00,1.14041,1.14045,1.13725,1.13786,2897,12,0
2025-04-23 04:00:00,1.13786,1.13913,1.13702,1.13895,2419,12,0
2025-04-23 05:00:00,1.13896,1.13993,1.13703,1.13762,3166,12,0
2025-04-23 06:00:00,1.1376,1.13957,1.13741,1.1384,4883,12,0
2025-04-23 07:00:00,1.13843,1.14088,1.13777,1.13844,5221,12,0
2025-04-23 08:00:00,1.13849,1.14148,1.13793,1.14124,4087,12,0
2025-04-23 09:00:00,1.14125,1.14392,1.14123,1.14175,3764,12,0
2025-04-23 10:00:00,1.14175,1.14186,1.13895,1.14013,3225,12,0
2025-04-23 11:00:00,1.14013,1.14153,1.13856,1.14104,3368,12,0
2025-04-23 12:00:00,1.141,1.14192,1.14014,1.14049,3710,12,0
2025-04-23 13:00:00,1.14047,1.14116,1.1333,1.1333,6305,12,0
2025-04-23 14:00:00,1.13326,1.13806,1.13276,1.13527,7921,12,0
2025-04-23 15:00:00,1.13528,1.13828,1.13434,1.13481,6287,12,0
2025-04-23 16:00:00,1.13481,1.13651,1.13361,1.13392,4519,12,0
2025-04-23 17:00:00,1.13392,1.13433,1.13243,1.13289,2991,12,0
2025-04-23 18:00:00,1.13289,1.13295,1.13146,1.13231,2898,12,0
2025-04-23 19:00:00,1.13232,1.13312,1.13177,1.13269,2209,12,0
2025-04-23 20:00:00,1.13268,1.13277,1.13098,1.13141,1528,12,0
2025-04-23 21:00:00,1.1309,1.1322,1.13082,1.13173,610,36,0
2025-04-23 22:00:00,1.1316,1.13466,1.1316,1.13316,2124,12,0
2025-04-23 23:00:00,1.13317,1.13379,1.13259,1.13287,1939,12,0
2025-04-24 00:00:00,1.13289,1.13463,1.13208,1.13429,3786,12,0
2025-04-24 01:00:00,1.13428,1.1357,1.13397,1.13491,3569,12,0
2025-04-24 02:00:00,1.13491,1.13566,1.13456,1.13545,2379,12,0
2025-04-24 03:00:00,1.13545,1.13553,1.13358,1.13375,1984,12,0
2025-04-24 04:00:00,1.13379,1.13417,1.13318,1.13386,1635,12,0
2025-04-24 05:00:00,1.13387,1.1345,1.13301,1.13358,2423,12,0
2025-04-24 06:00:00,1.13358,1.13538,1.13353,1.13517,3232,12,0
2025-04-24 07:00:00,1.13517,1.13798,1.13512,1.13794,3666,12,0
2025-04-24 08:00:00,1.13793,1.13924,1.13625,1.13798,3954,12,0
2025-04-24 09:00:00,1.13799,1.13905,1.13746,1.13839,2824,12,0
2025-04-24 10:00:00,1.13839,1.1394,1.13755,1.13786,2659,12,0
2025-04-24 11:00:00,1.13786,1.13895,1.13678,1.13723,2842,12,0
2025-04-24 12:00:00,1.13721,1.1378,1.13574,1.1376,4169,12,0
2025-04-24 13:00:00,1.1376,1.13834,1.13628,1.13754,3846,12,0
2025-04-24 14:00:00,1.13754,1.13865,1.13624,1.13721,4456,12,0
2025-04-24 15:00:00,1.13721,1.13753,1.13471,1.13602,4186,12,0
2025-04-24 16:00:00,1.13603,1.13801,1.13572,1.13796,3000,12,0
2025-04-24 17:00:00,1.13795,1.1385,1.13667,1.13685,2192,12,0
2025-04-24 18:00:00,1.13685,1.13789,1.13631,1.13774,1955,12,0
2025-04-24 19:00:00,1.13774,1.13968,1.13769,1.13842,2014,12,0
2025-04-24 20:00:00,1.1384,1.13971,1.13813,1.13886,1306,12,0
2025-04-24 21:00:00,1.13824,1.13901,1.13799,1.1384,1084,36,0
2025-04-24 22:00:00,1.1384,1.13909,1.13835,1.13859,1328,12,0
2025-04-24 23:00:00,1.13863,1.13876,1.137,1.13721,1474,12,0
2025-04-25 00:00:00,1.13721,1.13721,1.13462,1.13466,3031,12,0
2025-04-25 01:00:00,1.13466,1.13547,1.13418,1.1343,3081,12,0
2025-04-25 02:00:00,1.1343,1.1351,1.13408,1.13475,2208,12,0
2025-04-25 03:00:00,1.13475,1.13588,1.13243,1.13251,3415,12,0
2025-04-25 04:00:00,1.13252,1.13356,1.1315,1.13344,3005,12,0
2025-04-25 05:00:00,1.13344,1.13411,1.13248,1.13305,2964,12,0
2025-04-25 06:00:00,1.13305,1.13569,1.13213,1.1341,3385,12,0
2025-04-25 07:00:00,1.13412,1.13674,1.13412,1.13593,4156,12,0
2025-04-25 08:00:00,1.13593,1.13638,1.13391,1.13499,2883,12,0
2025-04-25 09:00:00,1.13499,1.13601,1.13444,1.13457,2925,12,0
2025-04-25 10:00:00,1.13457,1.1359,1.13335,1.13553,3395,12,0
2025-04-25 11:00:00,1.13552,1.13661,1.13452,1.1349,2631,12,0
2025-04-25 12:00:00,1.13487,1.13596,1.13484,1.13519,2669,12,0
2025-04-25 13:00:00,1.13521,1.13544,1.13323,1.13527,4060,12,0
2025-04-25 14:00:00,1.13526,1.13801,1.13518,1.13678,4465,12,0
2025-04-25 15:00:00,1.13678,1.13818,1.13572,1.13798,2932,12,0
2025-04-25 16:00:00,1.13798,1.13881,1.13678,1.1368,2176,12,0
2025-04-25 17:00:00,1.1368,1.13821,1.13644,1.13759,2483,12,0
2025-04-25 18:00:00,1.13759,1.13802,1.13687,1.1379,1894,12,0
2025-04-25 19:00:00,1.13789,1.13803,1.13581,1.13586,1570,12,0
2025-04-25 20:00:00,1.13587,1.13637,1.13566,1.13581,1006,12,0
2025-04-27 21:00:00,1.13607,1.1361,1.13562,1.13595,192,41,0
2025-04-27 22:00:00,1.13595,1.1365,1.13392,1.13493,873,12,0
2025-04-27 23:00:00,1.13493,1.13544,1.13405,1.13445,1055,12,0
2025-04-28 00:00:00,1.13445,1.13639,1.13441,1.13632,2718,12,0
2025-04-28 01:00:00,1.13632,1.1366,1.13492,1.13505,2970,12,0
2025-04-28 02:00:00,1.13506,1.13566,1.13424,1.1353,2217,12,0
2025-04-28 03:00:00,1.1353,1.13596,1.13506,1.13555,1711,12,0
2025-04-28 04:00:00,1.13555,1.13721,1.13519,1.13718,2102,12,0
2025-04-28 05:00:00,1.13718,1.13802,1.13713,1.13737,2174,12,0
2025-04-28 06:00:00,1.13732,1.13737,1.13288,1.13313,3428,12,0
2025-04-28 07:00:00,1.13311,1.13613,1.13303,1.13477,3493,12,0
2025-04-28 08:00:00,1.13476,1.13511,1.13347,1.13431,3071,12,0
2025-04-28 09:00:00,1.13431,1.1358,1.13417,1.13494,2971,12,0
2025-04-28 10:00:00,1.13494,1.13598,1.13452,1.135,2421,12,0
2025-04-28 11:00:00,1.13499,1.13556,1.13403,1.1351,2367,12,0
2025-04-28 12:00:00,1.13515,1.13722,1.13499,1.13504,3368,12,0
2025-04-28 13:00:00,1.13506,1.13735,1.13392,1.13641,4052,12,0
2025-04-28 14:00:00,1.13641,1.1413,1.13567,1.13782,4949,12,0
2025-04-28 15:00:00,1.13782,1.13919,1.13706,1.13856,4014,12,0
2025-04-28 16:00:00,1.13856,1.14216,1.13846,1.14107,3483,12,0
2025-04-28 17:00:00,1.14107,1.14185,1.13998,1.14003,2817,12,0
2025-04-28 18:00:00,1.14003,1.14135,1.13997,1.14129,2114,12,0
2025-04-28 19:00:00,1.14129,1.14241,1.14128,1.14213,1819,12,0
2025-04-28 20:00:00,1.14215,1.14242,1.14188,1.14213,1135,12,0
2025-04-28 21:00:00,1.14132,1.14208,1.14132,1.14195,244,36,0
2025-04-28 22:00:00,1.14202,1.14214,1.14115,1.14122,1108,12,0
2025-04-28 23:00:00,1.14124,1.14214,1.14001,1.14074,1691,12,0
2025-04-29 00:00:00,1.14075,1.14158,1.13986,1.13992,2421,12,0
2025-04-29 01:00:00,1.13993,1.14081,1.13869,1.1392,2526,12,0
2025-04-29 02:00:00,1.1392,1.14195,1.13917,1.13975,3019,12,0
2025-04-29 03:00:00,1.13975,1.13996,1.13858,1.13902,2474,12,0
2025-04-29 04:00:00,1.13902,1.13932,1.13733,1.13778,2119,12,0
2025-04-29 05:00:00,1.13777,1.13876,1.13754,1.13866,2375,12,0
2025-04-29 06:00:00,1.13865,1.13989,1.13828,1.13893,3292,12,0
2025-04-29 07:00:00,1.13937,1.14117,1.13868,1.14028,4068,12,0
2025-04-29 08:00:00,1.14041,1.14076,1.1381,1.13852,3735,12,0
2025-04-29 09:00:00,1.1385,1.13968,1.13799,1.138,3261,12,0
2025-04-29 10:00:00,1.13795,1.13849,1.13723,1.13773,2771,12,0
2025-04-29 11:00:00,1.13773,1.13865,1.13702,1.13739,2631,12,0
2025-04-29 12:00:00,1.13744,1.1414,1.13697,1.141,3795,12,0
2025-04-29 13:00:00,1.14101,1.14164,1.13896,1.13953,4766,12,0
2025-04-29 14:00:00,1.13947,1.14169,1.13782,1.13826,5633,12,0
2025-04-29 15:00:00,1.13828,1.14039,1.13818,1.13954,3916,12,0
2025-04-29 16:00:00,1.13954,1.14184,1.13947,1.14027,3069,12,0
2025-04-29 17:00:00,1.14025,1.14041,1.1383,1.13852,2492,12,0
2025-04-29 18:00:00,1.13846,1.13926,1.13755,1.13818,2170,12,0
2025-04-29 19:00:00,1.13816,1.13878,1.13755,1.1381,1580,12,0
2025-04-29 20:00:00,1.13811,1.13916,1.13802,1.13845,1082,12,0
2025-04-29 21:00:00,1.13804,1.13869,1.13768,1.13835,1048,36,0
2025-04-29 22:00:00,1.13842,1.13953,1.1382,1.13915,1227,12,0
2025-04-29 23:00:00,1.13924,1.13928,1.13854,1.13896,1165,12,0
2025-04-30 00:00:00,1.13897,1.13946,1.13761,1.1382,2540,12,0
2025-04-30 01:00:00,1.13821,1.13861,1.13564,1.13581,2784,12,0
2025-04-30 02:00:00,1.1358,1.13719,1.13542,1.137,2416,12,0
2025-04-30 03:00:00,1.137,1.13791,1.13663,1.13681,1927,12,0
2025-04-30 04:00:00,1.13681,1.13775,1.13656,1.13728,1955,12,0
2025-04-30 05:00:00,1.13729,1.13838,1.13712,1.13824,1811,12,0
2025-04-30 06:00:00,1.13823,1.13989,1.13651,1.13901,3174,12,0
2025-04-30 07:00:00,1.13896,1.13897,1.13729,1.13782,3440,12,0
2025-04-30 08:00:00,1.13784,1.13848,1.13619,1.1371,3526,12,0
2025-04-30 09:00:00,1.13709,1.13789,1.13597,1.13615,2827,12,0
2025-04-30 10:00:00,1.13616,1.13691,1.13601,1.13614,2386,12,0
2025-04-30 11:00:00,1.13614,1.13798,1.13554,1.13728,2921,12,0
2025-04-30 12:00:00,1.13729,1.13883,1.13642,1.13736,5446,12,0
2025-04-30 13:00:00,1.13729,1.13769,1.13608,1.13679,4792,12,0
2025-04-30 14:00:00,1.13678,1.13787,1.13489,1.13663,5622,12,0
2025-04-30 15:00:00,1.13664,1.13745,1.13225,1.13476,6011,12,0
2025-04-30 16:00:00,1.13476,1.13586,1.13443,1.13548,3061,12,0
2025-04-30 17:00:00,1.13548,1.13641,1.13445,1.13451,2178,12,0
2025-04-30 18:00:00,1.13451,1.13579,1.13425,1.13483,2783,12,0
2025-04-30 19:00:00,1.13483,1.13527,1.13275,1.13289,1938,12,0
2025-04-30 20:00:00,1.13291,1.13304,1.13166,1.13263,1911,12,0
2025-04-30 21:00:00,1.13233,1.13304,1.13233,1.13249,314,38,0
2025-04-30 22:00:00,1.1325,1.133,1.13218,1.13251,1565,12,0
2025-04-30 23:00:00,1.13251,1.13255,1.13182,1.13213,1328,12,0
2025-05-01 00:00:00,1.13213,1.13291,1.132,1.13212,2526,12,0
2025-05-01 01:00:00,1.13211,1.13215,1.13024,1.13078,2111,12,0
2025-05-01 02:00:00,1.13078,1.13155,1.13054,1.13146,1754,12,0
2025-05-01 03:00:00,1.13147,1.13179,1.12989,1.13117,2781,12,0
2025-05-01 04:00:00,1.13117,1.13139,1.13018,1.1302,1990,12,0
2025-05-01 05:00:00,1.1302,1.1306,1.12873,1.12996,2760,12,0
2025-05-01 06:00:00,1.12996,1.13119,1.12978,1.13017,3199,12,0
2025-05-01 07:00:00,1.13018,1.13101,1.12871,1.13095,3468,12,0
2025-05-01 08:00:00,1.13093,1.13305,1.13092,1.13191,2787,12,0
2025-05-01 09:00:00,1.13191,1.13244,1.13128,1.13136,2404,12,0
2025-05-01 10:00:00,1.13137,1.13336,1.13112,1.13314,2276,12,0
2025-05-01 11:00:00,1.13314,1.13403,1.13156,1.13198,2827,12,0
2025-05-01 12:00:00,1.13197,1.13383,1.13078,1.13147,4329,12,0
2025-05-01 13:00:00,1.13144,1.13271,1.13105,1.13181,4278,12,0
2025-05-01 14:00:00,1.1318,1.1318,1.12696,1.1281,5695,12,0
2025-05-01 15:00:00,1.1281,1.12896,1.12653,1.12787,3978,12,0
2025-05-01 16:00:00,1.12787,1.12916,1.12725,1.12902,2657,12,0
2025-05-01 17:00:00,1.12902,1.12907,1.12791,1.12824,1796,12,0
2025-05-01 18:00:00,1.12824,1.12929,1.12746,1.1285,2432,12,0
2025-05-01 19:00:00,1.12853,1.12915,1.12804,1.12879,1907,12,0
2025-05-01 20:00:00,1.12879,1.1293,1.12839,1.12905,1392,12,0
2025-05-01 21:00:00,1.12831,1.1288,1.12817,1.12855,297,36,0
2025-05-01 22:00:00,1.12853,1.12988,1.12851,1.12944,1330,12,0
2025-05-01 23:00:00,1.12947,1.12967,1.12905,1.12951,1521,12,0
2025-05-02 00:00:00,1.12951,1.1299,1.12735,1.12816,3692,12,0
2025-05-02 01:00:00,1.12819,1.12951,1.12779,1.12951,3164,12,0
2025-05-02 02:00:00,1.12951,1.13028,1.12921,1.12934,2289,12,0
2025-05-02 03:00:00,1.12934,1.1315,1.12932,1.13121,1964,12,0
2025-05-02 04:00:00,1.13122,1.13134,1.13005,1.13038,2505,12,0
2025-05-02 05:00:00,1.13038,1.13133,1.13018,1.13071,2156,12,0
2025-05-02 06:00:00,1.13072,1.13286,1.13053,1.13252,3494,12,0
2025-05-02 07:00:00,1.13251,1.13372,1.13172,1.13275,3482,12,0
2025-05-02 08:00:00,1.13275,1.13342,1.13154,1.1332,3301,12,0
2025-05-02 09:00:00,1.13324,1.13545,1.13252,1.13501,3655,12,0
2025-05-02 10:00:00,1.13496,1.13513,1.13269,1.13305,2765,12,0
2025-05-02 11:00:00,1.13305,1.13499,1.13235,1.1346,3101,12,0
2025-05-02 12:00:00,1.1346,1.13467,1.13038,1.13184,6078,12,0
2025-05-02 13:00:00,1.13185,1.13794,1.13143,1.13721,6486,12,0
2025-05-02 14:00:00,1.13721,1.13803,1.13571,1.1368,5809,12,0
2025-05-02 15:00:00,1.13681,1.13681,1.13199,1.13284,4518,12,0
2025-05-02 16:00:00,1.13284,1.13384,1.13165,1.13192,4229,12,0
2025-05-02 17:00:00,1.13193,1.13198,1.12979,1.13035,3171,12,0
2025-05-02 18:00:00,1.13035,1.1308,1.12918,1.12992,2743,12,0
2025-05-02 19:00:00,1.12993,1.13083,1.12991,1.13038,2057,12,0
2025-05-02 20:00:00,1.13038,1.13045,1.12925,1.12983,1100,12,0
2025-05-04 21:00:00,1.12978,1.13051,1.12906,1.1296,466,45,0
2025-05-04 22:00:00,1.12988,1.13141,1.12972,1.13053,1739,12,0
2025-05-04 23:00:00,1.13058,1.13271,1.13016,1.13204,1513,12,0
2025-05-05 00:00:00,1.13204,1.13232,1.13136,1.13219,2454,12,0
2025-05-05 01:00:00,1.1322,1.13394,1.1322,1.13341,3208,12,0
2025-05-05 02:00:00,1.13343,1.13463,1.13309,1.13416,2229,12,0
2025-05-05 03:00:00,1.13416,1.13419,1.13275,1.13315,1691,12,0
2025-05-05 04:00:00,1.13315,1.13385,1.13279,1.13368,1686,12,0
2025-05-05 05:00:00,1.13368,1.13469,1.13296,1.13328,2440,12,0
2025-05-05 06:00:00,1.13326,1.13363,1.13174,1.13254,3616,12,0
2025-05-05 07:00:00,1.13254,1.13304,1.13126,1.13129,3252,12,0
2025-05-05 08:00:00,1.13126,1.13322,1.13109,1.13254,3453,12,0
2025-05-05 09:00:00,1.13262,1.13434,1.13258,1.13407,3322,12,0
2025-05-05 10:00:00,1.13408,1.13449,1.13325,1.13442,2815,12,0
2025-05-05 11:00:00,1.13442,1.13568,1.13395,1.1342,2764,12,0
2025-05-05 12:00:00,1.1342,1.13628,1.13397,1.13593,3814,12,0
2025-05-05 13:00:00,1.13593,1.13643,1.1351,1.13519,3404,12,0
2025-05-05 14:00:00,1.13511,1.13526,1.13299,1.13383,5029,12,0
2025-05-05 15:00:00,1.13379,1.13407,1.13119,1.13137,3268,12,0
2025-05-05 16:00:00,1.13137,1.13137,1.12986,1.13017,2614,12,0
2025-05-05 17:00:00,1.13017,1.13105,1.1297,1.12994,1754,12,0
2025-05-05 18:00:00,1.12993,1.13148,1.12965,1.13125,1717,12,0
2025-05-05 19:00:00,1.13124,1.13204,1.13102,1.13142,1725,12,0
2025-05-05 20:00:00,1.13141,1.13197,1.13113,1.13138,900,12,0
2025-05-05 21:00:00,1.13101,1.13176,1.13101,1.13153,308,38,0
2025-05-05 22:00:00,1.13153,1.13195,1.13127,1.13139,744,12,0
2025-05-05 23:00:00,1.13139,1.13158,1.13092,1.13114,737,12,0
2025-05-06 00:00:00,1.13115,1.13115,1.12802,1.12855,2606,12,0
2025-05-06 01:00:00,1.12856,1.12961,1.12793,1.1293,3340,12,0
2025-05-06 02:00:00,1.1293,1.13134,1.12923,1.13066,2633,12,0
2025-05-06 03:00:00,1.13067,1.13168,1.13028,1.13145,1917,12,0
2025-05-06 04:00:00,1.13145,1.13269,1.1314,1.1324,1322,12,0
2025-05-06 05:00:00,1.1324,1.1325,1.13128,1.13176,1719,12,0
2025-05-06 06:00:00,1.13176,1.1335,1.13135,1.1325,3132,12,0
2025-05-06 07:00:00,1.13255,1.13474,1.13216,1.13384,4270,12,0
2025-05-06 08:00:00,1.13383,1.13491,1.13219,1.13266,4436,12,0
2025-05-06 09:00:00,1.13266,1.13292,1.13048,1.13111,3571,12,0
2025-05-06 10:00:00,1.13112,1.1327,1.1309,1.13254,3117,12,0
2025-05-06 11:00:00,1.13251,1.13343,1.13218,1.13265,3044,12,0
2025-05-06 12:00:00,1.13265,1.13433,1.13162,1.13399,3426,12,0
2025-05-06 13:00:00,1.13399,1.13568,1.13256,1.13528,3869,12,0
2025-05-06 14:00:00,1.13526,1.1369,1.13404,1.13407,4568,12,0
2025-05-06 15:00:00,1.13406,1.13493,1.13348,1.13431,3269,12,0
2025-05-06 16:00:00,1.13429,1.13551,1.13302,1.13482,3104,12,0
2025-05-06 17:00:00,1.13482,1.13697,1.13482,1.13638,2461,12,0
2025-05-06 18:00:00,1.13637,1.13718,1.13541,1.13711,1925,12,0
2025-05-06 19:00:00,1.13707,1.13805,1.13662,1.13722,1781,12,0
2025-05-06 20:00:00,1.13721,1.13791,1.13649,1.13718,1218,12,0
2025-05-06 21:00:00,1.13636,1.13724,1.13598,1.13698,414,36,0
2025-05-06 22:00:00,1.13696,1.13726,1.13253,1.13419,3223,12,0
2025-05-06 23:00:00,1.1342,1.1345,1.13326,1.13394,2283,12,0
2025-05-07 00:00:00,1.13393,1.13511,1.13246,1.13404,4086,12,0
2025-05-07 01:00:00,1.13405,1.13509,1.13255,1.13441,4244,12,0
2025-05-07 02:00:00,1.13443,1.13489,1.13349,1.13403,3163,12,0
2025-05-07 03:00:00,1.13404,1.13468,1.13359,1.13453,2174,12,0
2025-05-07 04:00:00,1.13454,1.1351,1.13423,1.13431,1953,12,0
2025-05-07 05:00:00,1.13431,1.13664,1.13424,1.1365,2589,12,0
2025-05-07 06:00:00,1.13648,1.13773,1.13591,1.13732,3228,12,0
2025-05-07 07:00:00,1.13731,1.13731,1.13542,1.13619,3621,12,0
2025-05-07 08:00:00,1.13619,1.1373,1.13535,1.13575,3517,12,0
2025-05-07 09:00:00,1.13575,1.13613,1.13465,1.13562,3130,12,0
2025-05-07 10:00:00,1.13562,1.13664,1.13554,1.13648,2799,12,0
2025-05-07 11:00:00,1.13653,1.13724,1.13558,1.13569,2702,12,0
2025-05-07 12:00:00,1.13568,1.1366,1.13553,1.13584,3151,12,0
2025-05-07 13:00:00,1.13584,1.13677,1.13523,1.13663,3452,12,0
2025-05-07 14:00:00,1.13663,1.13704,1.13539,1.13665,3237,12,0
2025-05-07 15:00:00,1.13664,1.1369,1.13409,1.13466,3403,12,0
2025-05-07 16:00:00,1.13466,1.13536,1.13363,1.13483,2348,12,0
2025-05-07 17:00:00,1.13482,1.13489,1.13342,1.13391,1930,12,0
2025-05-07 18:00:00,1.13392,1.13645,1.13195,1.13331,6089,13,0
2025-05-07 19:00:00,1.13332,1.13338,1.13,1.13062,5160,12,0
2025-05-07 20:00:00,1.13063,1.13074,1.12911,1.13035,1797,12,0
2025-05-07 21:00:00,1.12944,1.1313,1.12943,1.13089,619,36,0
2025-05-07 22:00:00,1.13088,1.13088,1.12993,1.13005,1688,12,0
2025-05-07 23:00:00,1.13005,1.13096,1.13004,1.13024,1217,12,0
2025-05-08 00:00:00,1.13029,1.13219,1.13015,1.13096,2747,12,0
2025-05-08 01:00:00,1.13095,1.13322,1.13075,1.13311,3826,12,0
2025-05-08 02:00:00,1.1331,1.1335,1.13217,1.13222,2902,12,0
2025-05-08 03:00:00,1.13222,1.13357,1.13221,1.13271,2321,12,0
2025-05-08 04:00:00,1.13271,1.13304,1.13173,1.13173,1771,12,0
2025-05-08 05:00:00,1.13173,1.13178,1.12962,1.13033,3034,12,0
2025-05-08 06:00:00,1.13031,1.13069,1.1276,1.12816,4225,12,0
2025-05-08 07:00:00,1.12817,1.12971,1.12696,1.12966,3994,12,0
2025-05-08 08:00:00,1.12966,1.13024,1.12829,1.12873,3907,12,0
2025-05-08 09:00:00,1.12873,1.12974,1.12823,1.12841,3223,12,0
2025-05-08 10:00:00,1.1284,1.12991,1.12749,1.12866,3093,12,0
2025-05-08 11:00:00,1.12867,1.13045,1.12848,1.12955,3525,12,0
2025-05-08 12:00:00,1.12955,1.13195,1.12924,1.12992,4157,12,0
2025-05-08 13:00:00,1.12993,1.13113,1.12948,1.13054,4432,12,0
2025-05-08 14:00:00,1.13055,1.13158,1.12752,1.12776,4952,12,0
2025-05-08 15:00:00,1.1278,1.12891,1.12338,1.12479,5892,12,0
2025-05-08 16:00:00,1.12476,1.12487,1.12198,1.12255,4218,12,0
2025-05-08 17:00:00,1.12255,1.12293,1.1212,1.12261,2786,12,0
2025-05-08 18:00:00,1.12261,1.12301,1.1219,1.1224,2091,12,0
2025-05-08 19:00:00,1.1224,1.12277,1.12113,1.12255,2412,12,0
2025-05-08 20:00:00,1.12256,1.12291,1.12193,1.12274,1183,12,0
2025-05-08 21:00:00,1.12199,1.12266,1.12197,1.12266,233,36,0
2025-05-08 22:00:00,1.12266,1.12324,1.12251,1.12313,883,12,0
2025-05-08 23:00:00,1.12315,1.12319,1.12214,1.1226,1225,12,0
2025-05-09 00:00:00,1.12262,1.12326,1.12124,1.12265,2672,12,0
2025-05-09 01:00:00,1.12263,1.12287,1.12102,1.12117,3203,12,0
2025-05-09 02:00:00,1.12117,1.12188,1.11959,1.12179,2658,12,0
2025-05-09 03:00:00,1.12179,1.12271,1.12177,1.1222,2886,12,0
2025-05-09 04:00:00,1.1222,1.12293,1.1222,1.12273,2003,12,0
2025-05-09 05:00:00,1.12273,1.12358,1.12178,1.12351,2183,12,0
2025-05-09 06:00:00,1.12345,1.1247,1.12317,1.12398,3091,12,0
2025-05-09 07:00:00,1.12398,1.12577,1.12364,1.125,3540,12,0
2025-05-09 08:00:00,1.12508,1.12586,1.12415,1.12558,3090,12,0
2025-05-09 09:00:00,1.12559,1.12591,1.12445,1.12456,2745,12,0
2025-05-09 10:00:00,1.12456,1.12508,1.12418,1.12451,2718,12,0
2025-05-09 11:00:00,1.1245,1.12599,1.12432,1.12539,2959,12,0
2025-05-09 12:00:00,1.1254,1.12562,1.12464,1.12535,2930,12,0
2025-05-09 13:00:00,1.12535,1.1267,1.12529,1.12578,3193,12,0
2025-05-09 14:00:00,1.12578,1.12923,1.12552,1.12672,4134,12,0
2025-05-09 15:00:00,1.12671,1.12725,1.12596,1.12691,3387,12,0
2025-05-09 16:00:00,1.12691,1.12746,1.12569,1.12579,2395,12,0
2025-05-09 17:00:00,1.1258,1.12645,1.12522,1.12614,1540,12,0
2025-05-09 18:00:00,1.12614,1.12656,1.12539,1.12583,1613,12,0
2025-05-09 19:00:00,1.12579,1.12594,1.12479,1.12565,1254,12,0
2025-05-09 20:00:00,1.12555,1.12567,1.12459,1.12487,884,12,0
2025-05-11 21:00:00,1.11887,1.12204,1.11856,1.12058,1033,41,0
2025-05-11 22:00:00,1.12093,1.1231,1.12067,1.12247,2394,12,0
2025-05-11 23:00:00,1.12247,1.12359,1.12225,1.12273,1903,12,0
2025-05-12 00:00:00,1.12273,1.12387,1.12243,1.12383,3144,12,0
2025-05-12 01:00:00,1.12382,1.12422,1.12216,1.12252,3534,12,0
2025-05-12 02:00:00,1.12253,1.12374,1.12244,1.12278,2413,12,0
2025-05-12 03:00:00,1.12278,1.12337,1.12244,1.12325,2386,12,0
2025-05-12 04:00:00,1.12319,1.12339,1.12255,1.1227,1614,12,0
2025-05-12 05:00:00,1.1227,1.12295,1.12131,1.12216,2384,12,0
2025-05-12 06:00:00,1.12216,1.12353,1.12155,1.12175,3317,12,0
2025-05-12 07:00:00,1.12175,1.1218,1.10971,1.11043,8525,12,0
2025-05-12 08:00:00,1.11043,1.11445,1.10819,1.1137,6490,12,0
2025-05-12 09:00:00,1.1137,1.11412,1.11141,1.11179,4519,12,0
2025-05-12 10:00:00,1.11175,1.11177,1.10715,1.10789,4891,12,0
2025-05-12 11:00:00,1.1079,1.11169,1.10765,1.11109,4664,12,0
2025-05-12 12:00:00,1.11106,1.11257,1.10999,1.11129,4299,12,0
2025-05-12 13:00:00,1.11129,1.11339,1.11095,1.11181,4869,12,0
2025-05-12 14:00:00,1.11176,1.11336,1.11067,1.11112,5682,12,0
2025-05-12 15:00:00,1.11112,1.11232,1.10998,1.11045,4033,12,0
2025-05-12 16:00:00,1.11046,1.11104,1.10829,1.1084,3045,12,0
2025-05-12 17:00:00,1.1084,1.10878,1.10719,1.10785,2242,12,0
2025-05-12 18:00:00,1.10785,1.10908,1.10647,1.1089,2665,12,0
2025-05-12 19:00:00,1.10889,1.10962,1.10815,1.10916,2021,12,0
2025-05-12 20:00:00,1.10916,1.10941,1.10863,1.10874,1192,12,0
2025-05-12 21:00:00,1.10823,1.10899,1.10823,1.10877,456,36,0
2025-05-12 22:00:00,1.10877,1.10938,1.1087,1.10928,1135,12,0
2025-05-12 23:00:00,1.10935,1.10995,1.10886,1.10954,1607,12,0
2025-05-13 00:00:00,1.10954,1.11063,1.10945,1.11043,2674,12,0
2025-05-13 01:00:00,1.11043,1.11087,1.10989,1.11061,3405,12,0
2025-05-13 02:00:00,1.1106,1.1111,1.10986,1.11024,2310,12,0
2025-05-13 03:00:00,1.11024,1.11164,1.10986,1.11159,1884,12,0
2025-05-13 04:00:00,1.11159,1.11166,1.11082,1.1116,1830,12,0
2025-05-13 05:00:00,1.11163,1.11189,1.11081,1.11097,2210,12,0
2025-05-13 06:00:00,1.11104,1.11181,1.1101,1.11108,3624,12,0
2025-05-13 07:00:00,1.11107,1.11238,1.11021,1.11153,4016,12,0
2025-05-13 08:00:00,1.11154,1.11171,1.11022,1.11108,3471,12,0
2025-05-13 09:00:00,1.1111,1.11142,1.11018,1.11065,2943,12,0
2025-05-13 10:00:00,1.11065,1.1109,1.10964,1.11041,2639,12,0
2025-05-13 11:00:00,1.11039,1.11115,1.11028,1.11064,2253,12,0
2025-05-13 12:00:00,1.11064,1.11308,1.11063,1.11302,4579,12,0
2025-05-13 13:00:00,1.11302,1.11481,1.1127,1.1135,5054,12,0
2025-05-13 14:00:00,1.1135,1.11639,1.11298,1.11608,5059,12,0
2025-05-13 15:00:00,1.11608,1.11772,1.11563,1.11743,4144,12,0
2025-05-13 16:00:00,1.11742,1.11819,1.1164,1.11753,2615,13,0
2025-05-13 17:00:00,1.11753,1.11792,1.11671,1.11766,1894,12,0
2025-05-13 18:00:00,1.11764,1.11854,1.11746,1.11844,1772,12,0
2025-05-13 19:00:00,1.11844,1.11913,1.11821,1.1189,1459,12,0
2025-05-13 20:00:00,1.11891,1.11942,1.11832,1.11832,1126,12,0
2025-05-13 21:00:00,1.11813,1.11859,1.11795,1.11844,426,36,0
2025-05-13 22:00:00,1.11843,1.11966,1.11843,1.11966,971,12,0
2025-05-13 23:00:00,1.11966,1.11966,1.11842,1.11852,1270,12,0
2025-05-14 00:00:00,1.11852,1.1196,1.11816,1.11914,2397,12,0
2025-05-14 01:00:00,1.11914,1.11975,1.11828,1.11876,3529,12,0
2025-05-14 02:00:00,1.11879,1.1192,1.11821,1.11883,2394,12,0
2025-05-14 03:00:00,1.11883,1.11952,1.11837,1.11946,2239,12,0
2025-05-14 04:00:00,1.11947,1.11998,1.11872,1.11879,2082,12,0
2025-05-14 05:00:00,1.11877,1.11919,1.1184,1.11858,2039,12,0
2025-05-14 06:00:00,1.11858,1.11978,1.11795,1.11872,3219,12,0
2025-05-14 07:00:00,1.11873,1.1216,1.1181,1.12143,4059,12,0
2025-05-14 08:00:00,1.12142,1.12519,1.1212,1.1238,5698,12,0
2025-05-14 09:00:00,1.1238,1.12652,1.12303,1.12514,4869,12,0
2025-05-14 10:00:00,1.12515,1.12524,1.12266,1.12305,3269,12,0
2025-05-14 11:00:00,1.12305,1.12344,1.12129,1.12168,3245,12,0
2025-05-14 12:00:00,1.12169,1.12349,1.12089,1.12246,4048,12,0
2025-05-14 13:00:00,1.12246,1.12342,1.12097,1.12193,4616,12,0
2025-05-14 14:00:00,1.12193,1.12231,1.12021,1.12117,4977,12,0
2025-05-14 15:00:00,1.12114,1.12145,1.1197,1.12048,4294,12,0
2025-05-14 16:00:00,1.12048,1.12127,1.11749,1.11883,3739,12,0
2025-05-14 17:00:00,1.11882,1.11965,1.11809,1.11887,2640,13,0
2025-05-14 18:00:00,1.11887,1.11893,1.11707,1.11777,2286,12,0
2025-05-14 19:00:00,1.11774,1.11774,1.11649,1.11667,1928,12,0
2025-05-14 20:00:00,1.11668,1.11741,1.11639,1.1174,1110,12,0
2025-05-14 21:00:00,1.11659,1.11785,1.11655,1.11759,343,36,0
2025-05-14 22:00:00,1.11774,1.11838,1.11759,1.1182,883,12,0
2025-05-14 23:00:00,1.11827,1.11876,1.11798,1.11807,1179,12,0
2025-05-15 00:00:00,1.11806,1.1194,1.11753,1.11912,2599,12,0
2025-05-15 01:00:00,1.11909,1.11992,1.11901,1.11931,2660,12,0
2025-05-15 02:00:00,1.1193,1.11959,1.11883,1.1194,1938,12,0
2025-05-15 03:00:00,1.1194,1.12007,1.11915,1.11963,1829,12,0
2025-05-15 04:00:00,1.11963,1.11992,1.11911,1.11923,1592,12,0
2025-05-15 05:00:00,1.11923,1.11986,1.11846,1.11927,2177,12,0
2025-05-15 06:00:00,1.11927,1.12269,1.11889,1.12267,3544,12,0
2025-05-15 07:00:00,1.12258,1.12274,1.11909,1.11967,3944,12,0
2025-05-15 08:00:00,1.11967,1.12108,1.11918,1.12093,3301,12,0
2025-05-15 09:00:00,1.12094,1.12124,1.12,1.12017,2650,12,0
2025-05-15 10:00:00,1.12017,1.12107,1.11974,1.11996,2612,12,0
2025-05-15 11:00:00,1.11998,1.12025,1.11788,1.11825,2884,12,0
2025-05-15 12:00:00,1.11828,1.12133,1.11818,1.12091,4452,12,0
2025-05-15 13:00:00,1.12091,1.12233,1.11944,1.12002,5030,12,0
2025-05-15 14:00:00,1.12002,1.12102,1.11752,1.11858,4909,12,0
2025-05-15 15:00:00,1.11859,1.11963,1.11722,1.11872,3550,12,0
2025-05-15 16:00:00,1.11871,1.11899,1.1172,1.11803,2464,12,0
2025-05-15 17:00:00,1.11803,1.11885,1.11697,1.11706,2121,12,0
2025-05-15 18:00:00,1.11707,1.1179,1.11704,1.11764,1755,12,0
2025-05-15 19:00:00,1.11764,1.11858,1.11719,1.11831,1659,12,0
2025-05-15 20:00:00,1.1183,1.11872,1.11813,1.11857,913,12,0
2025-05-15 21:00:00,1.11827,1.11887,1.11755,1.11878,465,36,0
2025-05-15 22:00:00,1.11876,1.11924,1.11851,1.11916,1008,12,0
2025-05-15 23:00:00,1.11919,1.11934,1.11889,1.11914,958,12,0
2025-05-16 00:00:00,1.11913,1.12076,1.11898,1.12042,2794,12,0
2025-05-16 01:00:00,1.12041,1.12081,1.11977,1.12028,2268,12,0
2025-05-16 02:00:00,1.12026,1.1208,1.11989,1.12016,2115,12,0
2025-05-16 03:00:00,1.12016,1.12052,1.11985,1.11999,1914,12,0
2025-05-16 04:00:00,1.11999,1.12036,1.11956,1.12028,1861,12,0
2025-05-16 05:00:00,1.12024,1.12182,1.12004,1.12151,1970,12,0
2025-05-16 06:00:00,1.12151,1.12192,1.12068,1.12118,2774,12,0
2025-05-16 07:00:00,1.12117,1.12169,1.12054,1.12084,3403,12,0
2025-05-16 08:00:00,1.12083,1.12088,1.11965,1.11985,3209,12,0
2025-05-16 09:00:00,1.11981,1.12081,1.11909,1.11938,2728,12,0
2025-05-16 10:00:00,1.11938,1.11996,1.11875,1.11988,2702,12,0
2025-05-16 11:00:00,1.11991,1.12076,1.11895,1.11938,2557,12,0
2025-05-16 12:00:00,1.11937,1.11983,1.11903,1.11965,2744,12,0
2025-05-16 13:00:00,1.11965,1.12052,1.11875,1.11994,3109,12,0
2025-05-16 14:00:00,1.11993,1.12014,1.11513,1.11543,4993,12,0
2025-05-16 15:00:00,1.1154,1.11581,1.11396,1.11397,3067,12,0
2025-05-16 16:00:00,1.11397,1.1147,1.11306,1.11443,2506,12,0
2025-05-16 17:00:00,1.11444,1.11471,1.11389,1.11443,1600,12,0
2025-05-16 18:00:00,1.11443,1.11547,1.11426,1.11521,1510,12,0
2025-05-16 19:00:00,1.11517,1.11579,1.11474,1.11487,1931,12,0
2025-05-16 20:00:00,1.11486,1.11645,1.11439,1.11633,1423,12,0
2025-05-18 21:00:00,1.1172,1.118,1.11675,1.11685,718,44,0
2025-05-18 22:00:00,1.11707,1.11937,1.11699,1.11897,1987,12,0
2025-05-18 23:00:00,1.11897,1.11937,1.11812,1.11883,1600,12,0
2025-05-19 00:00:00,1.11886,1.1198,1.11796,1.11966,3342,12,0
2025-05-19 01:00:00,1.11966,1.11984,1.11724,1.11756,3353,12,0
2025-05-19 02:00:00,1.11756,1.11879,1.11718,1.11817,2814,12,0
2025-05-19 03:00:00,1.11817,1.11849,1.11779,1.11806,2009,12,0
2025-05-19 04:00:00,1.11804,1.11868,1.11767,1.11832,1493,12,0
2025-05-19 05:00:00,1.11833,1.11878,1.11757,1.11844,1912,12,0
2025-05-19 06:00:00,1.11842,1.12118,1.11811,1.12084,3456,12,0
2025-05-19 07:00:00,1.12086,1.12445,1.1205,1.12376,4603,12,0
2025-05-19 08:00:00,1.12375,1.12586,1.12353,1.12568,3918,12,0
2025-05-19 09:00:00,1.12569,1.128,1.12545,1.12792,4162,12,0
2025-05-19 10:00:00,1.12792,1.12877,1.12681,1.12775,3374,12,0
2025-05-19 11:00:00,1.12775,1.12792,1.12613,1.12725,3305,12,0
2025-05-19 12:00:00,1.12725,1.12731,1.1256,1.12564,3326,12,0
2025-05-19 13:00:00,1.12561,1.12646,1.12466,1.12509,4493,12,0
2025-05-19 14:00:00,1.12509,1.12572,1.12411,1.12533,4052,12,0
2025-05-19 15:00:00,1.12534,1.12593,1.12327,1.12356,3557,12,0
2025-05-19 16:00:00,1.12351,1.12391,1.12286,1.12347,2223,12,0
2025-05-19 17:00:00,1.12347,1.12382,1.12237,1.12297,1911,12,0
2025-05-19 18:00:00,1.12297,1.12363,1.12241,1.12344,1604,12,0
2025-05-19 19:00:00,1.12344,1.12412,1.12323,1.12394,1135,12,0
2025-05-19 20:00:00,1.12393,1.12442,1.12383,1.12422,1175,12,0
2025-05-19 21:00:00,1.12326,1.12431,1.12326,1.12412,383,36,0
2025-05-19 22:00:00,1.12401,1.12426,1.12342,1.12345,762,12,0
2025-05-19 23:00:00,1.12345,1.12356,1.12309,1.12316,739,12,0
2025-05-20 00:00:00,1.12317,1.12317,1.12173,1.12274,2151,12,0
2025-05-20 01:00:00,1.12285,1.12507,1.12284,1.12378,2812,12,0
2025-05-20 02:00:00,1.12378,1.12455,1.12259,1.12315,1841,12,0
2025-05-20 03:00:00,1.12315,1.12469,1.12289,1.12445,1981,12,0
2025-05-20 04:00:00,1.12442,1.12499,1.12398,1.12417,1930,12,0
2025-05-20 05:00:00,1.12412,1.12579,1.12412,1.12542,3050,12,0
2025-05-20 06:00:00,1.12542,1.12618,1.12503,1.1257,3483,12,0
2025-05-20 07:00:00,1.12565,1.12771,1.12525,1.12757,3632,12,0
2025-05-20 08:00:00,1.12752,1.12755,1.1247,1.12577,3300,12,0
2025-05-20 09:00:00,1.12577,1.12665,1.12492,1.12548,2888,12,0
2025-05-20 10:00:00,1.12546,1.12573,1.12424,1.1244,2463,12,0
2025-05-20 11:00:00,1.12441,1.12512,1.12433,1.12451,2555,12,0
2025-05-20 12:00:00,1.1245,1.12467,1.1223,1.12338,3322,12,0
2025-05-20 13:00:00,1.12336,1.1249,1.12242,1.12453,4164,12,0
2025-05-20 14:00:00,1.12453,1.12685,1.12452,1.12677,4863,12,0
2025-05-20 15:00:00,1.12679,1.12692,1.12489,1.12525,3306,12,0
2025-05-20 16:00:00,1.12525,1.12573,1.12445,1.12562,2150,12,0
2025-05-20 17:00:00,1.12562,1.12769,1.12542,1.12734,1910,12,0
2025-05-20 18:00:00,1.12734,1.12798,1.12707,1.12719,2074,12,0
2025-05-20 19:00:00,1.1272,1.1282,1.12714,1.12798,1438,12,0
2025-05-20 20:00:00,1.12803,1.12846,1.12777,1.12843,929,12,0
2025-05-20 21:00:00,1.12797,1.12831,1.12775,1.12814,550,36,0
2025-05-20 22:00:00,1.12814,1.12864,1.12797,1.12804,1540,12,0
2025-05-20 23:00:00,1.12803,1.12893,1.12798,1.12877,1119,12,0
2025-05-21 00:00:00,1.12883,1.1301,1.12869,1.12949,2464,12,0
2025-05-21 01:00:00,1.12949,1.13021,1.1286,1.12978,2692,12,0
2025-05-21 02:00:00,1.12978,1.13252,1.12968,1.13213,3246,12,0
2025-05-21 03:00:00,1.13212,1.1339,1.13187,1.13333,2575,12,0
2025-05-21 04:00:00,1.13329,1.13359,1.13249,1.13283,2152,12,0
2025-05-21 05:00:00,1.13284,1.13375,1.1326,1.13314,2687,12,0
2025-05-21 06:00:00,1.13313,1.13525,1.13216,1.13322,4315,12,0
2025-05-21 07:00:00,1.13313,1.13334,1.13136,1.13227,4113,12,0
2025-05-21 08:00:00,1.13227,1.13334,1.13117,1.13219,3145,12,0
2025-05-21 09:00:00,1.13221,1.13344,1.13141,1.13343,2719,12,0
2025-05-21 10:00:00,1.13343,1.13614,1.1331,1.13383,3853,12,0
2025-05-21 11:00:00,1.13382,1.13442,1.13184,1.1323,3003,12,0
2025-05-21 12:00:00,1.13239,1.13343,1.13169,1.1334,4007,12,0
2025-05-21 13:00:00,1.13342,1.13384,1.13228,1.13363,4182,12,0
2025-05-21 14:00:00,1.1336,1.1354,1.13319,1.13403,4826,12,0
2025-05-21 15:00:00,1.13403,1.1348,1.13319,1.1342,3540,12,0
2025-05-21 16:00:00,1.13421,1.13515,1.13384,1.13399,2110,12,0
2025-05-21 17:00:00,1.13399,1.13623,1.13371,1.13478,3825,12,0
2025-05-21 18:00:00,1.13476,1.13483,1.13312,1.13327,2132,12,0
2025-05-21 19:00:00,1.13323,1.13386,1.13179,1.13184,2197,12,0
2025-05-21 20:00:00,1.13181,1.13309,1.1315,1.13292,1002,12,0
2025-05-21 21:00:00,1.13226,1.13281,1.13226,1.13253,372,44,0
2025-05-21 22:00:00,1.13251,1.13292,1.13144,1.13146,2443,12,0
2025-05-21 23:00:00,1.13145,1.13319,1.13105,1.13315,2259,12,0
2025-05-22 00:00:00,1.13318,1.13429,1.13256,1.13267,5460,12,0
2025-05-22 01:00:00,1.13267,1.13401,1.13168,1.13373,4673,12,0
2025-05-22 02:00:00,1.13373,1.13444,1.13277,1.13383,3906,12,0
2025-05-22 03:00:00,1.13384,1.13416,1.133,1.13325,2869,12,0
2025-05-22 04:00:00,1.13319,1.13338,1.13241,1.13324,2444,12,0
2025-05-22 05:00:00,1.13324,1.13348,1.13243,1.13329,3043,12,0
2025-05-22 06:00:00,1.13329,1.13415,1.13169,1.13219,4980,12,0
2025-05-22 07:00:00,1.13219,1.13242,1.12946,1.13193,6630,12,0
2025-05-22 08:00:00,1.13193,1.13343,1.13007,1.13013,6199,12,0
2025-05-22 09:00:00,1.13011,1.13028,1.12905,1.12936,4965,12,0
2025-05-22 10:00:00,1.12936,1.12991,1.12897,1.12915,3547,12,0
2025-05-22 11:00:00,1.12915,1.13125,1.12915,1.13081,4275,12,0
2025-05-22 12:00:00,1.13083,1.13145,1.12844,1.12944,5757,12,0
2025-05-22 13:00:00,1.12944,1.13084,1.12812,1.12827,6902,12,0
2025-05-22 14:00:00,1.12826,1.12974,1.12744,1.12767,7101,12,0
2025-05-22 15:00:00,1.12768,1.12878,1.12653,1.12799,5359,12,0
2025-05-22 16:00:00,1.12797,1.12873,1.12678,1.1269,3512,12,0
2025-05-22 17:00:00,1.12687,1.12704,1.12552,1.12674,3631,12,0
2025-05-22 18:00:00,1.12673,1.12802,1.12668,1.12774,2017,12,0
2025-05-22 19:00:00,1.12775,1.12851,1.12774,1.12781,1844,12,0
2025-05-22 20:00:00,1.12781,1.12829,1.1277,1.12785,1182,12,0
2025-05-22 21:00:00,1.12759,1.12804,1.12758,1.12793,270,35,0
2025-05-22 22:00:00,1.12793,1.12866,1.12772,1.12857,1476,12,0
2025-05-22 23:00:00,1.12857,1.12886,1.12804,1.12817,1259,12,0
2025-05-23 00:00:00,1.12816,1.12994,1.12783,1.12964,3317,12,0
2025-05-23 01:00:00,1.12964,1.13183,1.12943,1.13134,3730,12,0
2025-05-23 02:00:00,1.13137,1.13174,1.13077,1.13142,2446,12,0
2025-05-23 03:00:00,1.13142,1.1317,1.13105,1.13109,1819,12,0
2025-05-23 04:00:00,1.13109,1.13205,1.13072,1.13173,2032,12,0
2025-05-23 05:00:00,1.13173,1.13253,1.13077,1.1322,2569,12,0
2025-05-23 06:00:00,1.1322,1.13263,1.13097,1.13116,4017,12,0
2025-05-23 07:00:00,1.13117,1.13436,1.13087,1.1339,4602,12,0
2025-05-23 08:00:00,1.1339,1.13441,1.13321,1.13415,3443,12,0
2025-05-23 09:00:00,1.13414,1.13535,1.13379,1.13487,3601,12,0
2025-05-23 10:00:00,1.13487,1.13572,1.13438,1.13483,3498,12,0
2025-05-23 11:00:00,1.13484,1.13751,1.1298,1.13209,10270,12,0
2025-05-23 12:00:00,1.1321,1.13497,1.12971,1.13329,7437,12,0
2025-05-23 13:00:00,1.13328,1.13373,1.13126,1.13142,3639,12,0
2025-05-23 14:00:00,1.1314,1.13457,1.13104,1.13444,3190,12,0
2025-05-23 15:00:00,1.13444,1.13588,1.13313,1.13487,2708,12,0
2025-05-23 16:00:00,1.13486,1.13591,1.13404,1.13576,1941,12,0
2025-05-23 17:00:00,1.13576,1.13667,1.13512,1.13603,1343,12,0
2025-05-23 18:00:00,1.13598,1.13688,1.13552,1.13588,1563,12,0
2025-05-23 19:00:00,1.13592,1.13651,1.13548,1.13629,1208,12,0
2025-05-23 20:00:00,1.13624,1.13675,1.13585,1.13634,1070,12,0
2025-05-25 21:00:00,1.13625,1.13674,1.13603,1.13672,346,34,0
2025-05-25 22:00:00,1.13655,1.13791,1.13616,1.13733,3622,12,0
2025-05-25 23:00:00,1.13737,1.13813,1.13692,1.13744,2062,12,0
2025-05-26 00:00:00,1.13743,1.13973,1.1374,1.13964,4371,12,0
2025-05-26 01:00:00,1.13963,1.14153,1.13874,1.14119,4439,12,0
2025-05-26 02:00:00,1.14119,1.14182,1.14075,1.1409,3721,12,0
2025-05-26 03:00:00,1.14091,1.14119,1.14044,1.14108,2670,12,0
2025-05-26 04:00:00,1.14108,1.14126,1.14026,1.14089,2548,12,0
2025-05-26 05:00:00,1.14088,1.1418,1.13999,1.14166,3057,12,0
2025-05-26 06:00:00,1.14166,1.14178,1.14073,1.14085,3903,12,0
2025-05-26 07:00:00,1.14084,1.14116,1.13879,1.13886,4054,12,0
2025-05-26 08:00:00,1.13888,1.13949,1.13825,1.1384,3076,12,0
2025-05-26 09:00:00,1.13841,1.13854,1.13755,1.13785,2412,12,0
2025-05-26 10:00:00,1.13786,1.13858,1.13759,1.13837,2051,12,0
2025-05-26 11:00:00,1.13837,1.13863,1.13735,1.13764,1786,12,0
2025-05-26 12:00:00,1.13765,1.13818,1.13683,1.13745,2090,12,0
2025-05-26 13:00:00,1.13745,1.13829,1.13726,1.13811,1868,12,0
2025-05-26 14:00:00,1.13812,1.13842,1.13761,1.13837,2466,12,0
2025-05-26 15:00:00,1.13838,1.13848,1.13768,1.13809,1617,12,0
2025-05-26 16:00:00,1.13809,1.13827,1.13755,1.13827,918,12,0
2025-05-26 17:00:00,1.13827,1.13833,1.13779,1.138,533,12,0
2025-05-26 18:00:00,1.138,1.13828,1.13793,1.13803,508,12,0
2025-05-26 19:00:00,1.13803,1.13849,1.13798,1.13848,330,12,0
2025-05-26 20:00:00,1.13848,1.13873,1.13835,1.13871,523,12,0
2025-05-26 21:00:00,1.1379,1.13851,1.13761,1.13798,387,51,0
2025-05-26 22:00:00,1.13836,1.13942,1.13814,1.13898,1351,12,0
2025-05-26 23:00:00,1.13898,1.13906,1.13864,1.1388,1203,12,0
2025-05-27 00:00:00,1.1388,1.14024,1.1387,1.13994,3028,12,0
2025-05-27 01:00:00,1.13994,1.14067,1.13906,1.13947,3025,12,0
2025-05-27 02:00:00,1.13946,1.14024,1.13901,1.13922,2440,12,0
2025-05-27 03:00:00,1.13922,1.14003,1.13895,1.13932,1655,12,0
2025-05-27 04:00:00,1.13932,1.13972,1.1377,1.13777,2503,12,0
2025-05-27 05:00:00,1.13777,1.13788,1.13664,1.13776,4360,12,0
2025-05-27 06:00:00,1.13782,1.13923,1.13637,1.13646,4988,12,0
2025-05-27 07:00:00,1.13645,1.13706,1.13367,1.13403,6110,12,0
2025-05-27 08:00:00,1.13403,1.13572,1.13383,1.13483,4224,12,0
2025-05-27 09:00:00,1.13482,1.13575,1.1344,1.13478,4096,12,0
2025-05-27 10:00:00,1.13478,1.13513,1.13401,1.13432,4041,12,0
2025-05-27 11:00:00,1.13433,1.13536,1.13406,1.13506,3356,12,0
2025-05-27 12:00:00,1.13509,1.13672,1.13505,1.13662,3890,12,0
2025-05-27 13:00:00,1.13663,1.13749,1.13551,1.13576,4717,12,0
2025-05-27 14:00:00,1.13578,1.13608,1.13376,1.13406,6312,12,0
2025-05-27 15:00:00,1.13406,1.13407,1.13227,1.13249,4527,12,0
2025-05-27 16:00:00,1.13248,1.13349,1.1323,1.13313,2418,12,0
2025-05-27 17:00:00,1.13312,1.13364,1.13297,1.13322,1869,12,0
2025-05-27 18:00:00,1.13322,1.13382,1.13279,1.13366,1747,12,0
2025-05-27 19:00:00,1.13366,1.13382,1.13295,1.13303,1639,12,0
2025-05-27 20:00:00,1.13303,1.13321,1.1326,1.13264,1488,12,0
2025-05-27 21:00:00,1.13223,1.13309,1.1322,1.13263,677,34,0
2025-05-27 22:00:00,1.13263,1.13366,1.13256,1.13361,728,12,0
2025-05-27 23:00:00,1.13361,1.13374,1.13309,1.13364,993,12,0
2025-05-28 00:00:00,1.13365,1.13446,1.13334,1.13338,2294,12,0
2025-05-28 01:00:00,1.13338,1.13385,1.13147,1.13169,4588,12,0
2025-05-28 02:00:00,1.13169,1.13248,1.13,1.13047,3788,12,0
2025-05-28 03:00:00,1.1305,1.13124,1.12998,1.13068,3473,12,0
2025-05-28 04:00:00,1.13067,1.131,1.1302,1.13057,2613,12,0
2025-05-28 05:00:00,1.13057,1.13142,1.12949,1.13142,3317,12,0
2025-05-28 06:00:00,1.13142,1.13164,1.13031,1.13039,4051,12,0
2025-05-28 07:00:00,1.13038,1.13305,1.13024,1.13261,4410,12,0
2025-05-28 08:00:00,1.13261,1.13338,1.13176,1.13315,3643,12,0
2025-05-28 09:00:00,1.13317,1.13399,1.13275,1.1333,3404,12,0
2025-05-28 10:00:00,1.1333,1.13401,1.13234,1.13252,3198,12,0
2025-05-28 11:00:00,1.13252,1.1328,1.1316,1.13171,3224,12,0
2025-05-28 12:00:00,1.13172,1.13239,1.13069,1.13103,4333,12,0
2025-05-28 13:00:00,1.13103,1.13131,1.12964,1.13081,5102,12,0
2025-05-28 14:00:00,1.13089,1.13242,1.13003,1.13018,4810,12,0
2025-05-28 15:00:00,1.13017,1.1308,1.12833,1.12841,3641,12,0
2025-05-28 16:00:00,1.1284,1.12962,1.12836,1.12935,2003,12,0
2025-05-28 17:00:00,1.12932,1.13002,1.129,1.12908,1865,12,0
2025-05-28 18:00:00,1.12909,1.12975,1.12838,1.1293,1947,12,0
2025-05-28 19:00:00,1.12929,1.12951,1.12871,1.1289,1430,12,0
2025-05-28 20:00:00,1.1289,1.12951,1.12887,1.12922,1222,12,0
2025-05-28 21:00:00,1.12879,1.12944,1.12877,1.12929,430,34,0
2025-05-28 22:00:00,1.1293,1.12967,1.129,1.12913,1080,12,0
2025-05-28 23:00:00,1.12912,1.12918,1.12102,1.1229,4884,12,0
2025-05-29 00:00:00,1.12277,1.12502,1.12225,1.12344,5367,12,0
2025-05-29 01:00:00,1.12343,1.12526,1.12229,1.12513,4130,12,0
2025-05-29 02:00:00,1.12513,1.12565,1.12412,1.12454,2926,12,0
2025-05-29 03:00:00,1.12454,1.12556,1.12422,1.12478,2300,12,0
2025-05-29 04:00:00,1.12479,1.12542,1.12435,1.12472,1805,12,0
2025-05-29 05:00:00,1.12473,1.125,1.12304,1.12432,2631,12,0
2025-05-29 06:00:00,1.12433,1.12731,1.12417,1.12708,4005,12,0
2025-05-29 07:00:00,1.12707,1.12822,1.12707,1.12756,3745,12,0
2025-05-29 08:00:00,1.12751,1.12785,1.12614,1.12713,2863,12,0
2025-05-29 09:00:00,1.12714,1.12834,1.1271,1.12774,2432,12,0
2025-05-29 10:00:00,1.12772,1.1291,1.1276,1.1286,2460,12,0
2025-05-29 11:00:00,1.12859,1.12901,1.12674,1.12703,2690,12,0
2025-05-29 12:00:00,1.12704,1.13493,1.12704,1.13486,5442,12,0
2025-05-29 13:00:00,1.13486,1.13595,1.13386,1.13507,5219,12,0
2025-05-29 14:00:00,1.13509,1.13689,1.13423,1.13495,4631,12,0
2025-05-29 15:00:00,1.13496,1.13702,1.13482,1.13695,3540,12,0
2025-05-29 16:00:00,1.13692,1.13792,1.13666,1.1371,2492,12,0
2025-05-29 17:00:00,1.1371,1.13838,1.13612,1.13764,2136,12,0
2025-05-29 18:00:00,1.13766,1.13839,1.13738,1.13746,1722,12,0
2025-05-29 19:00:00,1.13746,1.13776,1.13657,1.13661,1786,12,0
2025-05-29 20:00:00,1.13662,1.13695,1.13603,1.13651,1111,12,0
2025-05-29 21:00:00,1.13624,1.1371,1.1362,1.13652,862,34,0
2025-05-29 22:00:00,1.13648,1.13765,1.13648,1.13707,1312,12,0
2025-05-29 23:00:00,1.13707,1.13788,1.13689,1.13762,1202,12,0
2025-05-30 00:00:00,1.13764,1.13844,1.13637,1.13718,2837,12,0
2025-05-30 01:00:00,1.13718,1.13894,1.13518,1.13541,3615,12,0
2025-05-30 02:00:00,1.13542,1.13586,1.13478,1.1349,2436,12,0
2025-05-30 03:00:00,1.1349,1.13566,1.13453,1.1349,1875,12,0
2025-05-30 04:00:00,1.13491,1.13531,1.13452,1.13455,1969,12,0
2025-05-30 05:00:00,1.13455,1.13539,1.13425,1.13505,2157,12,0
2025-05-30 06:00:00,1.13506,1.13515,1.13354,1.13461,3208,12,0
2025-05-30 07:00:00,1.1346,1.13475,1.13274,1.1337,4017,12,0
2025-05-30 08:00:00,1.1337,1.13442,1.13229,1.13234,3420,12,0
2025-05-30 09:00:00,1.13234,1.13317,1.13226,1.13251,2856,12,0
2025-05-30 10:00:00,1.1325,1.13343,1.13242,1.13269,2474,12,0
2025-05-30 11:00:00,1.13267,1.13382,1.13226,1.13374,2766,12,0
2025-05-30 12:00:00,1.13375,1.1358,1.13342,1.13454,5118,12,0
2025-05-30 13:00:00,1.13456,1.13474,1.13121,1.13161,4444,12,0
2025-05-30 14:00:00,1.13164,1.1354,1.13131,1.13514,5851,12,0
2025-05-30 15:00:00,1.13516,1.13577,1.1343,1.13458,4451,12,0
2025-05-30 16:00:00,1.13456,1.13546,1.13429,1.13498,3022,12,0
2025-05-30 17:00:00,1.13505,1.13666,1.13493,1.13566,2083,12,0
2025-05-30 18:00:00,1.13566,1.13644,1.13542,1.13581,2329,12,0
2025-05-30 19:00:00,1.1358,1.13602,1.13488,1.13558,1821,12,0
2025-05-30 20:00:00,1.13559,1.13559,1.13442,1.13464,1001,12,0
2025-06-01 21:00:00,1.1343,1.13518,1.13416,1.13458,439,40,0
2025-06-01 22:00:00,1.13474,1.13572,1.13436,1.13547,1945,12,0
2025-06-01 23:00:00,1.1355,1.13598,1.13504,1.13525,1628,12,0
2025-06-02 00:00:00,1.13525,1.13742,1.13521,1.13681,3132,12,0
2025-06-02 01:00:00,1.13682,1.13816,1.13672,1.13696,3241,12,0
2025-06-02 02:00:00,1.13696,1.13728,1.13612,1.13639,2283,12,0
2025-06-02 03:00:00,1.13637,1.13653,1.13536,1.13616,2011,12,0
2025-06-02 04:00:00,1.13617,1.13664,1.13594,1.13649,1649,12,0
2025-06-02 05:00:00,1.1365,1.138,1.13632,1.13789,2107,12,0
2025-06-02 06:00:00,1.13789,1.14062,1.1378,1.14008,2915,12,0
2025-06-02 07:00:00,1.14009,1.14363,1.13983,1.14232,3990,12,0
2025-06-02 08:00:00,1.14232,1.14271,1.14122,1.14196,3583,12,0
2025-06-02 09:00:00,1.14196,1.14364,1.14187,1.14227,3642,12,0
2025-06-02 10:00:00,1.14229,1.14275,1.14125,1.14146,2793,12,0
2025-06-02 11:00:00,1.14149,1.14258,1.14085,1.14136,2919,12,0
2025-06-02 12:00:00,1.14139,1.14285,1.14106,1.14179,3124,12,0
2025-06-02 13:00:00,1.14178,1.14223,1.14036,1.14189,3898,12,0
2025-06-02 14:00:00,1.14202,1.14493,1.14202,1.14342,5448,12,0
2025-06-02 15:00:00,1.14341,1.14383,1.14235,1.14301,4243,12,0
2025-06-02 16:00:00,1.14301,1.14315,1.14112,1.14179,3270,12,0
2025-06-02 17:00:00,1.14177,1.14253,1.14154,1.14219,2586,12,0
2025-06-02 18:00:00,1.14215,1.14421,1.14183,1.14409,2664,12,0
2025-06-02 19:00:00,1.144,1.1445,1.14329,1.14446,2246,12,0
2025-06-02 20:00:00,1.14445,1.14457,1.14393,1.14416,920,12,0
2025-06-02 21:00:00,1.14361,1.14403,1.1433,1.14384,703,34,0
2025-06-02 22:00:00,1.14384,1.14454,1.14365,1.14445,1033,12,0
2025-06-02 23:00:00,1.14446,1.14534,1.14441,1.14525,1285,12,0
2025-06-03 00:00:00,1.14525,1.14541,1.14383,1.14426,3127,12,0
2025-06-03 01:00:00,1.14427,1.14427,1.14261,1.14272,4464,12,0
2025-06-03 02:00:00,1.14272,1.14299,1.1418,1.1425,3118,12,0
2025-06-03 03:00:00,1.1425,1.14269,1.14154,1.14192,3246,12,0
2025-06-03 04:00:00,1.14194,1.14251,1.14165,1.1425,2329,12,0
2025-06-03 05:00:00,1.1425,1.14271,1.14114,1.14215,2943,12,0
2025-06-03 06:00:00,1.14216,1.14306,1.14148,1.14284,3931,12,0
2025-06-03 07:00:00,1.14283,1.14318,1.14137,1.14151,4822,12,0
2025-06-03 08:00:00,1.14152,1.1418,1.14048,1.14111,4362,12,0
2025-06-03 09:00:00,1.14111,1.14176,1.14011,1.14113,4069,12,0
2025-06-03 10:00:00,1.14111,1.1412,1.13958,1.13972,3406,12,0
2025-06-03 11:00:00,1.13973,1.13986,1.13859,1.139,3675,12,0
2025-06-03 12:00:00,1.13904,1.13936,1.13766,1.13814,3961,12,0
2025-06-03 13:00:00,1.13816,1.13945,1.13766,1.13866,5107,12,0
2025-06-03 14:00:00,1.13862,1.13928,1.13635,1.13914,6892,12,0
2025-06-03 15:00:00,1.13913,1.13925,1.13702,1.13715,4365,12,0
2025-06-03 16:00:00,1.13715,1.13829,1.13669,1.13728,2671,12,0
2025-06-03 17:00:00,1.13732,1.13811,1.13723,1.13774,1896,12,0
2025-06-03 18:00:00,1.13774,1.13774,1.13685,1.13743,1689,12,0
2025-06-03 19:00:00,1.13743,1.13757,1.13671,1.13683,1465,12,0
2025-06-03 20:00:00,1.13682,1.13735,1.13678,1.13694,848,12,0
2025-06-03 21:00:00,1.13689,1.13752,1.13674,1.13742,677,34,0
2025-06-03 22:00:00,1.13742,1.13747,1.137,1.13737,935,12,0
2025-06-03 23:00:00,1.13737,1.13856,1.13736,1.13834,1194,12,0
2025-06-04 00:00:00,1.13834,1.13884,1.13777,1.1382,3776,12,0
2025-06-04 01:00:00,1.13822,1.13929,1.13706,1.1385,4666,12,0
2025-06-04 02:00:00,1.1385,1.13873,1.13729,1.13754,2887,12,0
2025-06-04 03:00:00,1.13754,1.13803,1.13651,1.13672,2762,12,0
2025-06-04 04:00:00,1.13672,1.13786,1.1364,1.13661,2992,12,0
2025-06-04 05:00:00,1.13662,1.13713,1.13563,1.13618,3498,12,0
2025-06-04 06:00:00,1.13618,1.13777,1.13568,1.13773,4437,12,0
2025-06-04 07:00:00,1.13771,1.13963,1.1375,1.13862,4260,12,0
2025-06-04 08:00:00,1.1386,1.14033,1.13823,1.13988,3717,12,0
2025-06-04 09:00:00,1.13985,1.13989,1.1381,1.13823,3497,12,0
2025-06-04 10:00:00,1.13823,1.13851,1.13743,1.13818,3348,12,0
2025-06-04 11:00:00,1.13817,1.1387,1.13764,1.13787,2729,12,0
2025-06-04 12:00:00,1.13787,1.14104,1.13787,1.14089,6835,12,0
2025-06-04 13:00:00,1.14089,1.1413,1.13922,1.13971,5257,12,0
2025-06-04 14:00:00,1.14104,1.14339,1.14061,1.1432,7460,12,0
2025-06-04 15:00:00,1.14318,1.14333,1.14164,1.1423,4711,12,0
2025-06-04 16:00:00,1.1423,1.1434,1.14191,1.14325,2920,12,0
2025-06-04 17:00:00,1.14325,1.1433,1.14229,1.14243,2430,12,0
2025-06-04 18:00:00,1.14242,1.14278,1.14196,1.14198,2004,12,0
2025-06-04 19:00:00,1.14198,1.14211,1.14115,1.14116,1654,12,0
2025-06-04 20:00:00,1.14117,1.14218,1.14095,1.14204,1254,12,0
2025-06-04 21:00:00,1.14108,1.14181,1.14106,1.14133,483,35,0
2025-06-04 22:00:00,1.14133,1.14224,1.1413,1.14193,1242,12,0
2025-06-04 23:00:00,1.14197,1.14279,1.1418,1.14204,1510,12,0
2025-06-05 00:00:00,1.14203,1.14288,1.14157,1.14286,4032,12,0
2025-06-05 01:00:00,1.14286,1.14344,1.14129,1.14159,4226,12,0
2025-06-05 02:00:00,1.14159,1.1419,1.14099,1.14171,2995,12,0
2025-06-05 03:00:00,1.14171,1.14221,1.14082,1.14099,3523,12,0
2025-06-05 04:00:00,1.14098,1.14139,1.14073,1.14099,2858,12,0
2025-06-05 05:00:00,1.141,1.14131,1.14038,1.14057,3317,12,0
2025-06-05 06:00:00,1.14057,1.14166,1.14046,1.14084,3661,12,0
2025-06-05 07:00:00,1.14081,1.14245,1.14063,1.14113,3755,12,0
2025-06-05 08:00:00,1.14113,1.14189,1.14084,1.14125,3383,12,0
2025-06-05 09:00:00,1.14124,1.14212,1.14091,1.14183,3473,12,0
2025-06-05 10:00:00,1.14183,1.14322,1.14171,1.14236,3364,12,0
2025-06-05 11:00:00,1.14235,1.14277,1.14154,1.14255,3159,12,0
2025-06-05 12:00:00,1.14255,1.14484,1.14126,1.1429,8949,12,0
2025-06-05 13:00:00,1.1429,1.14946,1.14179,1.148,11332,12,0
2025-06-05 14:00:00,1.14804,1.14816,1.14538,1.14572,8519,12,0
2025-06-05 15:00:00,1.1457,1.14584,1.14345,1.14387,5885,12,0
2025-06-05 16:00:00,1.14389,1.14473,1.14309,1.14473,3875,12,0
2025-06-05 17:00:00,1.14472,1.14477,1.14313,1.14424,2249,12,0
2025-06-05 18:00:00,1.14423,1.14436,1.14306,1.14416,2372,12,0
2025-06-05 19:00:00,1.14416,1.14475,1.14331,1.14374,3707,12,0
2025-06-05 20:00:00,1.14375,1.14447,1.14347,1.14426,1389,12,0
2025-06-05 21:00:00,1.14418,1.1446,1.14367,1.14391,265,34,0
2025-06-05 22:00:00,1.1439,1.14513,1.14387,1.14512,1133,12,0
2025-06-05 23:00:00,1.14513,1.14534,1.14462,1.14529,1209,12,0
2025-06-06 00:00:00,1.14529,1.14569,1.14493,1.14496,2734,12,0
2025-06-06 01:00:00,1.14494,1.14519,1.14405,1.14418,3193,12,0
2025-06-06 02:00:00,1.14418,1.14429,1.14324,1.14372,2934,12,0
2025-06-06 03:00:00,1.14371,1.14434,1.14355,1.14396,2391,12,0
2025-06-06 04:00:00,1.14396,1.14418,1.14366,1.14393,1537,12,0
2025-06-06 05:00:00,1.14394,1.14398,1.14302,1.14352,2617,12,0
2025-06-06 06:00:00,1.14351,1.14417,1.14243,1.14348,3476,12,0
2025-06-06 07:00:00,1.14347,1.14363,1.14208,1.14265,3915,12,0
2025-06-06 08:00:00,1.14265,1.14287,1.14111,1.14141,3640,12,0
2025-06-06 09:00:00,1.1414,1.14207,1.14104,1.14188,3124,12,0
2025-06-06 10:00:00,1.14188,1.14239,1.14167,1.14223,2615,12,0
2025-06-06 11:00:00,1.14223,1.14284,1.14165,1.14173,3072,12,0
2025-06-06 12:00:00,1.14174,1.14306,1.1383,1.13961,5578,12,0
2025-06-06 13:00:00,1.13961,1.14019,1.1371,1.13896,5198,12,0
2025-06-06 14:00:00,1.13897,1.14157,1.13803,1.13888,4630,12,0
2025-06-06 15:00:00,1.13889,1.14018,1.13805,1.1396,3646,12,0
2025-06-06 16:00:00,1.1396,1.1401,1.13855,1.13866,2543,12,0
2025-06-06 17:00:00,1.13866,1.13973,1.1384,1.13925,1694,12,0
2025-06-06 18:00:00,1.13926,1.13991,1.13922,1.13966,1743,12,0
2025-06-06 19:00:00,1.13966,1.14014,1.1392,1.13956,1352,12,0
2025-06-06 20:00:00,1.13958,1.13974,1.13901,1.13924,679,12,0
2025-06-08 21:00:00,1.13894,1.13946,1.1389,1.1392,296,36,0
2025-06-08 22:00:00,1.1392,1.14065,1.1392,1.1406,1282,12,0
2025-06-08 23:00:00,1.1406,1.14108,1.14032,1.14059,1174,12,0
2025-06-09 00:00:00,1.14059,1.14085,1.13921,1.13932,2642,12,0
2025-06-09 01:00:00,1.13932,1.14168,1.13932,1.14148,2881,12,0
2025-06-09 02:00:00,1.14149,1.14248,1.14136,1.14165,2730,12,0
2025-06-09 03:00:00,1.14165,1.14204,1.14114,1.14114,2137,12,0
2025-06-09 04:00:00,1.14114,1.14185,1.14104,1.14179,1517,12,0
2025-06-09 05:00:00,1.14184,1.14238,1.14114,1.14214,1708,12,0
2025-06-09 06:00:00,1.14214,1.14291,1.14173,1.14268,2955,12,0
2025-06-09 07:00:00,1.14268,1.14281,1.1419,1.14219,3157,12,0
2025-06-09 08:00:00,1.14219,1.14356,1.14181,1.14278,3412,12,0
2025-06-09 09:00:00,1.14277,1.14385,1.14251,1.14255,2634,12,0
2025-06-09 10:00:00,1.14255,1.14284,1.14155,1.14189,2489,12,0
2025-06-09 11:00:00,1.14189,1.14225,1.14052,1.14169,3343,12,0
2025-06-09 12:00:00,1.14171,1.14176,1.1394,1.13998,3606,12,0
2025-06-09 13:00:00,1.13994,1.14039,1.13859,1.14014,4024,12,0
2025-06-09 14:00:00,1.14014,1.14084,1.13931,1.14074,3150,12,0
2025-06-09 15:00:00,1.14074,1.14248,1.14071,1.14236,2198,12,0
2025-06-09 16:00:00,1.14236,1.14251,1.14147,1.14241,1444,12,0
2025-06-09 17:00:00,1.14241,1.14257,1.14189,1.14215,1229,12,0
2025-06-09 18:00:00,1.14215,1.14304,1.14187,1.14273,1373,12,0
2025-06-09 19:00:00,1.14267,1.14289,1.1422,1.14223,1333,12,0
2025-06-09 20:00:00,1.14223,1.14264,1.14179,1.14188,675,12,0
2025-06-09 21:00:00,1.14121,1.14208,1.14121,1.14189,298,34,0
2025-06-09 22:00:00,1.14191,1.14232,1.14184,1.14224,818,12,0
2025-06-09 23:00:00,1.14224,1.14278,1.14197,1.14258,779,12,0
2025-06-10 00:00:00,1.14257,1.14351,1.14212,1.14237,2507,12,0
2025-06-10 01:00:00,1.14239,1.14277,1.13945,1.13961,3119,12,0
2025-06-10 02:00:00,1.13961,1.14002,1.13856,1.13984,3008,12,0
2025-06-10 03:00:00,1.13984,1.14045,1.13911,1.14024,1965,12,0
2025-06-10 04:00:00,1.14027,1.14036,1.13908,1.1399,1821,12,0
2025-06-10 05:00:00,1.1399,1.14131,1.13973,1.14045,3247,12,0
2025-06-10 06:00:00,1.14047,1.14143,1.13914,1.13941,3857,12,0
2025-06-10 07:00:00,1.13939,1.1399,1.13723,1.13915,3670,12,0
2025-06-10 08:00:00,1.13915,1.14109,1.13909,1.14076,2975,12,0
2025-06-10 09:00:00,1.14076,1.14177,1.14028,1.1416,2503,12,0
2025-06-10 10:00:00,1.14163,1.14245,1.1411,1.1423,2241,12,0
2025-06-10 11:00:00,1.1423,1.14336,1.14187,1.14285,2724,12,0
2025-06-10 12:00:00,1.14288,1.14399,1.14243,1.14317,2867,12,0
2025-06-10 13:00:00,1.14316,1.14471,1.14301,1.14422,3606,12,0
2025-06-10 14:00:00,1.14418,1.14444,1.14198,1.14253,3143,12,0
2025-06-10 15:00:00,1.14251,1.14273,1.14151,1.14221,2635,12,0
2025-06-10 16:00:00,1.14221,1.14261,1.14155,1.1423,1722,12,0
2025-06-10 17:00:00,1.14236,1.14282,1.14165,1.14223,1339,12,0
2025-06-10 18:00:00,1.14223,1.14246,1.1416,1.14196,1414,12,0
2025-06-10 19:00:00,1.14196,1.1436,1.14185,1.14255,1431,12,0
2025-06-10 20:00:00,1.14254,1.14294,1.14183,1.14241,873,12,0
2025-06-10 21:00:00,1.14169,1.14252,1.14148,1.14234,867,34,0
2025-06-10 22:00:00,1.14246,1.1429,1.14224,1.14283,854,12,0
2025-06-10 23:00:00,1.14285,1.1439,1.14214,1.14367,1811,12,0
2025-06-11 00:00:00,1.1437,1.14384,1.14198,1.14204,3149,12,0
2025-06-11 01:00:00,1.14204,1.14262,1.14056,1.1408,2545,12,0
2025-06-11 02:00:00,1.1408,1.14172,1.14066,1.14149,2021,12,0
2025-06-11 03:00:00,1.14149,1.14169,1.14108,1.14156,1585,12,0
2025-06-11 04:00:00,1.14156,1.14174,1.14113,1.14151,1389,12,0
2025-06-11 05:00:00,1.14152,1.14225,1.14129,1.14218,1780,12,0
2025-06-11 06:00:00,1.14218,1.14229,1.14066,1.14095,2525,12,0
2025-06-11 07:00:00,1.14095,1.14233,1.14048,1.14189,2838,12,0
2025-06-11 08:00:00,1.14188,1.14379,1.14178,1.14301,2629,12,0
2025-06-11 09:00:00,1.14301,1.14452,1.14292,1.14343,2988,12,0
2025-06-11 10:00:00,1.1435,1.1442,1.14327,1.14377,2057,12,0
2025-06-11 11:00:00,1.14377,1.14399,1.14262,1.14322,2359,12,0
2025-06-11 12:00:00,1.14322,1.14889,1.14277,1.14598,5384,12,0
2025-06-11 13:00:00,1.146,1.1473,1.14523,1.14697,4258,12,0
2025-06-11 14:00:00,1.14696,1.14861,1.14665,1.14812,3624,12,0
2025-06-11 15:00:00,1.14811,1.14897,1.14741,1.14888,3068,12,0
2025-06-11 16:00:00,1.14888,1.14954,1.14816,1.14889,2081,12,0
2025-06-11 17:00:00,1.14891,1.14983,1.14877,1.14968,1587,12,0
2025-06-11 18:00:00,1.14968,1.14989,1.14829,1.14856,2418,12,0
2025-06-11 19:00:00,1.14856,1.14862,1.14787,1.14821,1652,12,0
2025-06-11 20:00:00,1.14824,1.1488,1.14797,1.14879,1119,12,0
2025-06-11 21:00:00,1.1483,1.14874,1.14805,1.14871,333,34,0
2025-06-11 22:00:00,1.1487,1.15083,1.14869,1.15052,1063,12,0
2025-06-11 23:00:00,1.15055,1.15126,1.15039,1.15096,1614,12,0
2025-06-12 00:00:00,1.15097,1.1526,1.1501,1.15207,2782,12,0
2025-06-12 01:00:00,1.15206,1.15287,1.1514,1.1518,3043,12,0
2025-06-12 02:00:00,1.15179,1.15183,1.15059,1.15108,2375,12,0
2025-06-12 03:00:00,1.15108,1.15216,1.15098,1.15192,2147,12,0
2025-06-12 04:00:00,1.15192,1.15192,1.15118,1.15148,1956,12,0
2025-06-12 05:00:00,1.15145,1.15321,1.15101,1.15269,2168,12,0
2025-06-12 06:00:00,1.15269,1.1531,1.15107,1.15216,3136,12,0
2025-06-12 07:00:00,1.15217,1.15273,1.15053,1.15258,3354,12,0
2025-06-12 08:00:00,1.15257,1.15468,1.15226,1.15437,3236,12,0
2025-06-12 09:00:00,1.15436,1.15879,1.15397,1.15714,3351,12,0
2025-06-12 10:00:00,1.15715,1.16099,1.15662,1.15922,4227,12,0
2025-06-12 11:00:00,1.15922,1.16061,1.15834,1.1589,3471,12,0
2025-06-12 12:00:00,1.15891,1.16309,1.15877,1.16091,4492,12,0
2025-06-12 13:00:00,1.1609,1.16166,1.15789,1.15844,4098,12,0
2025-06-12 14:00:00,1.15844,1.15896,1.15784,1.15816,3675,12,0
2025-06-12 15:00:00,1.15816,1.15844,1.15668,1.15764,3729,12,0
2025-06-12 16:00:00,1.15764,1.15789,1.15664,1.15755,2754,12,0
2025-06-12 17:00:00,1.15754,1.15776,1.15632,1.15744,1988,12,0
2025-06-12 18:00:00,1.15744,1.15802,1.15696,1.1577,1458,12,0
2025-06-12 19:00:00,1.1577,1.15802,1.15742,1.15756,1375,12,0
2025-06-12 20:00:00,1.15756,1.15866,1.15751,1.15854,881,12,0
2025-06-12 21:00:00,1.15754,1.15875,1.1573,1.15872,441,34,0
2025-06-12 22:00:00,1.15862,1.15923,1.15862,1.15893,1173,12,0
2025-06-12 23:00:00,1.15893,1.16089,1.15862,1.16081,1577,12,0
2025-06-13 00:00:00,1.1608,1.16137,1.15387,1.15583,8782,12,0
2025-06-13 01:00:00,1.15583,1.15597,1.15367,1.15477,5216,12,0
2025-06-13 02:00:00,1.15477,1.15577,1.15363,1.15448,3709,12,0
2025-06-13 03:00:00,1.15449,1.15461,1.15269,1.15369,4618,12,0
2025-06-13 04:00:00,1.15368,1.15403,1.15134,1.15248,4165,12,0
2025-06-13 05:00:00,1.15248,1.15366,1.15113,1.15286,4555,12,0
2025-06-13 06:00:00,1.15286,1.15458,1.15234,1.15419,6911,12,0
2025-06-13 07:00:00,1.15421,1.15601,1.15347,1.15349,6283,12,0
2025-06-13 08:00:00,1.15348,1.15466,1.1525,1.15282,4422,12,0
2025-06-13 09:00:00,1.15281,1.15353,1.1518,1.15228,5142,12,0
2025-06-13 10:00:00,1.15228,1.15291,1.14882,1.15042,5615,12,0
2025-06-13 11:00:00,1.15042,1.15102,1.14904,1.15096,5145,12,0
2025-06-13 12:00:00,1.15096,1.15221,1.15059,1.15159,4043,12,0
2025-06-13 13:00:00,1.15155,1.1527,1.15007,1.15227,4436,12,0
2025-06-13 14:00:00,1.15218,1.15458,1.15201,1.1544,3589,12,0
2025-06-13 15:00:00,1.15439,1.1569,1.15375,1.15559,3014,12,0
2025-06-13 16:00:00,1.15558,1.15654,1.15518,1.15539,2080,12,0
2025-06-13 17:00:00,1.1554,1.15549,1.15367,1.15486,1844,12,0
2025-06-13 18:00:00,1.15486,1.15503,1.15329,1.15406,2409,12,0
2025-06-13 19:00:00,1.15405,1.15512,1.15361,1.15494,1776,12,0
2025-06-13 20:00:00,1.15494,1.15507,1.15371,1.15503,1152,12,0
2025-06-15 21:00:00,1.15242,1.15345,1.1522,1.15277,755,34,0
2025-06-15 22:00:00,1.15292,1.15473,1.15241,1.15406,6394,12,0
2025-06-15 23:00:00,1.15408,1.15413,1.15269,1.15373,3364,12,0
2025-06-16 00:00:00,1.15373,1.15462,1.15303,1.15342,4079,12,0
2025-06-16 01:00:00,1.15337,1.15438,1.15314,1.15317,4190,12,0
2025-06-16 02:00:00,1.15319,1.15358,1.15257,1.15298,3897,12,0
2025-06-16 03:00:00,1.15296,1.15344,1.15232,1.15266,3003,12,0
2025-06-16 04:00:00,1.15267,1.15365,1.15267,1.15353,2608,12,0
2025-06-16 05:00:00,1.15354,1.1562,1.15353,1.15562,3656,12,0
2025-06-16 06:00:00,1.15562,1.15755,1.15393,1.1573,4814,12,0
2025-06-16 07:00:00,1.15728,1.15859,1.15664,1.15783,5246,12,0
2025-06-16 08:00:00,1.15783,1.15842,1.15747,1.1578,3934,12,0
2025-06-16 09:00:00,1.15783,1.15842,1.15755,1.15837,3567,12,0
2025-06-16 10:00:00,1.15838,1.15853,1.15718,1.15747,3097,12,0
2025-06-16 11:00:00,1.15747,1.15833,1.15691,1.15725,3212,12,0
2025-06-16 12:00:00,1.15725,1.15843,1.15702,1.15836,3972,12,0
2025-06-16 13:00:00,1.15837,1.16045,1.15837,1.16005,5344,12,0
2025-06-16 14:00:00,1.16008,1.16141,1.15889,1.15908,2445,12,0
2025-06-16 15:00:00,1.15908,1.15943,1.15785,1.15794,1914,12,0
2025-06-16 16:00:00,1.15796,1.15855,1.15779,1.15833,1426,12,0
2025-06-16 17:00:00,1.15834,1.15844,1.15721,1.15773,1218,12,0
2025-06-16 18:00:00,1.1577,1.15809,1.15732,1.15796,1334,12,0
2025-06-16 19:00:00,1.15794,1.15796,1.15545,1.15551,1191,12,0
2025-06-16 20:00:00,1.15549,1.15628,1.15538,1.15589,700,12,0
2025-06-16 21:00:00,1.15542,1.15643,1.15532,1.1559,631,34,0
2025-06-16 22:00:00,1.15597,1.15616,1.15528,1.15555,1133,12,0
2025-06-16 23:00:00,1.15555,1.15615,1.15485,1.15529,1196,12,0
2025-06-17 00:00:00,1.15531,1.15536,1.15419,1.15493,3277,12,0
2025-06-17 01:00:00,1.15494,1.15599,1.1549,1.15536,2896,12,0
2025-06-17 02:00:00,1.15536,1.15603,1.15449,1.1558,3047,12,0
2025-06-17 03:00:00,1.1558,1.15634,1.15544,1.15616,3380,12,0
2025-06-17 04:00:00,1.15616,1.15667,1.15588,1.15604,2348,12,0
2025-06-17 05:00:00,1.15603,1.15649,1.1552,1.15573,2825,12,0
2025-06-17 06:00:00,1.15572,1.15719,1.1552,1.15617,3810,12,0
2025-06-17 07:00:00,1.15617,1.15631,1.15448,1.15571,4557,12,0
2025-06-17 08:00:00,1.15572,1.15592,1.15495,1.15513,3506,12,0
2025-06-17 09:00:00,1.15509,1.15603,1.15496,1.1556,3720,12,0
2025-06-17 10:00:00,1.15561,1.15681,1.15545,1.15675,2930,12,0
2025-06-17 11:00:00,1.15676,1.15731,1.15568,1.15611,3475,12,0
2025-06-17 12:00:00,1.15611,1.15794,1.15471,1.15496,5779,12,0
2025-06-17 13:00:00,1.15497,1.1569,1.15497,1.15583,4933,12,0
2025-06-17 14:00:00,1.15583,1.15604,1.15101,1.15261,4825,12,0
2025-06-17 15:00:00,1.15261,1.15351,1.15181,1.15334,3550,12,0
2025-06-17 16:00:00,1.15335,1.15386,1.14981,1.1502,3423,12,0
2025-06-17 17:00:00,1.15022,1.15081,1.14778,1.1486,4071,12,0
2025-06-17 18:00:00,1.1486,1.14896,1.14743,1.14789,3267,12,0
2025-06-17 19:00:00,1.1479,1.14883,1.14765,1.14841,2346,12,0
2025-06-17 20:00:00,1.14842,1.14849,1.1474,1.14813,1637,12,0
2025-06-17 21:00:00,1.14702,1.14859,1.147,1.14803,433,34,0
2025-06-17 22:00:00,1.14802,1.14831,1.1474,1.14745,1170,12,0
2025-06-17 23:00:00,1.14749,1.14821,1.14745,1.14811,1313,12,0
2025-06-18 00:00:00,1.14809,1.14963,1.148,1.14916,3428,12,0
2025-06-18 01:00:00,1.14915,1.15003,1.14888,1.14964,2753,12,0
2025-06-18 02:00:00,1.14964,1.15006,1.14927,1.14973,2122,12,0
2025-06-18 03:00:00,1.14974,1.15046,1.14957,1.14994,1922,12,0
2025-06-18 04:00:00,1.14993,1.15073,1.14959,1.15049,1899,12,0
2025-06-18 05:00:00,1.15051,1.15066,1.14998,1.15041,1967,12,0
2025-06-18 06:00:00,1.15041,1.15148,1.15001,1.15097,3230,12,0
2025-06-18 07:00:00,1.15095,1.15228,1.15084,1.15127,2882,12,0
2025-06-18 08:00:00,1.15123,1.15156,1.14978,1.15015,2579,12,0
2025-06-18 09:00:00,1.15015,1.15101,1.14966,1.15032,2676,12,0
2025-06-18 10:00:00,1.15032,1.15102,1.14912,1.14929,2407,12,0
2025-06-18 11:00:00,1.14928,1.1508,1.14916,1.15068,2531,12,0
2025-06-18 12:00:00,1.1507,1.15159,1.15004,1.15056,3133,12,0
2025-06-18 13:00:00,1.15052,1.15082,1.14877,1.14882,3556,12,0
2025-06-18 14:00:00,1.14881,1.15221,1.14838,1.15068,5366,12,0
2025-06-18 15:00:00,1.15068,1.15296,1.15052,1.15196,3268,12,0
2025-06-18 16:00:00,1.15198,1.15246,1.15009,1.15025,2495,12,0
2025-06-18 17:00:00,1.15025,1.15085,1.14875,1.14955,2011,12,0
2025-06-18 18:00:00,1.14951,1.15287,1.14737,1.14741,6338,12,0
2025-06-18 19:00:00,1.14748,1.14871,1.14604,1.14739,4392,12,0
2025-06-18 20:00:00,1.14728,1.14835,1.14716,1.14823,1514,12,0
2025-06-18 21:00:00,1.14733,1.14813,1.14702,1.14803,676,34,0
2025-06-18 22:00:00,1.14804,1.14883,1.14745,1.14797,1193,12,0
2025-06-18 23:00:00,1.14799,1.14811,1.14705,1.14755,1825,12,0
2025-06-19 00:00:00,1.14754,1.14833,1.14735,1.14805,3535,12,0
2025-06-19 01:00:00,1.14805,1.14814,1.14516,1.14527,4707,12,0
2025-06-19 02:00:00,1.14526,1.14577,1.145,1.14547,3201,12,0
2025-06-19 03:00:00,1.14547,1.14676,1.1453,1.14652,2265,12,0
2025-06-19 04:00:00,1.14652,1.14688,1.14627,1.14688,2323,12,0
2025-06-19 05:00:00,1.14688,1.14689,1.14503,1.14563,3107,12,0
2025-06-19 06:00:00,1.14563,1.14671,1.14457,1.14662,4029,12,0
2025-06-19 07:00:00,1.14661,1.14763,1.14596,1.14612,5098,12,0
2025-06-19 08:00:00,1.14611,1.14787,1.14558,1.14759,5092,12,0
2025-06-19 09:00:00,1.14759,1.14793,1.1469,1.1475,3845,12,0
2025-06-19 10:00:00,1.1475,1.14787,1.14688,1.1473,3413,12,0
2025-06-19 11:00:00,1.1473,1.14869,1.1467,1.14803,3501,12,0
2025-06-19 12:00:00,1.14803,1.14856,1.14688,1.14769,3410,12,0
2025-06-19 13:00:00,1.14767,1.1484,1.14708,1.14722,3816,12,0
2025-06-19 14:00:00,1.14722,1.14801,1.14612,1.14678,4146,12,0
2025-06-19 15:00:00,1.14679,1.14718,1.1458,1.14592,2672,12,0
2025-06-19 16:00:00,1.14591,1.14611,1.1454,1.14561,1840,12,0
2025-06-19 17:00:00,1.1456,1.14826,1.1455,1.14785,1752,12,0
2025-06-19 18:00:00,1.14784,1.14867,1.14767,1.14845,1215,12,0
2025-06-19 19:00:00,1.14845,1.14997,1.14838,1.14973,1441,12,0
2025-06-19 20:00:00,1.14972,1.14988,1.14916,1.14966,915,12,0
2025-06-19 21:00:00,1.14879,1.14963,1.14842,1.14923,510,34,0
2025-06-19 22:00:00,1.14923,1.15,1.14905,1.14971,1877,12,0
2025-06-19 23:00:00,1.1498,1.15121,1.14963,1.15114,1904,12,0
2025-06-20 00:00:00,1.15114,1.15235,1.151,1.15222,3437,12,0
2025-06-20 01:00:00,1.15222,1.15227,1.15124,1.15127,3502,12,0
2025-06-20 02:00:00,1.15128,1.15213,1.15104,1.15174,3444,12,0
2025-06-20 03:00:00,1.15173,1.15298,1.15146,1.15289,3304,12,0
2025-06-20 04:00:00,1.15289,1.15317,1.15239,1.15265,2302,12,0
2025-06-20 05:00:00,1.15264,1.15284,1.15183,1.15267,2673,12,0
2025-06-20 06:00:00,1.15266,1.15292,1.15133,1.15159,4631,12,0
2025-06-20 07:00:00,1.15159,1.15189,1.15094,1.15159,3541,12,0
2025-06-20 08:00:00,1.15159,1.1526,1.15109,1.15219,3771,12,0
2025-06-20 09:00:00,1.15219,1.15279,1.1519,1.15263,3217,12,0
2025-06-20 10:00:00,1.15263,1.15343,1.15218,1.15236,2503,12,0
2025-06-20 11:00:00,1.15234,1.15254,1.15112,1.15206,3327,12,0
2025-06-20 12:00:00,1.15205,1.15263,1.15051,1.15123,5350,12,0
2025-06-20 13:00:00,1.15124,1.15208,1.15084,1.1518,4346,12,0
2025-06-20 14:00:00,1.15177,1.15185,1.14945,1.15129,3944,12,0
2025-06-20 15:00:00,1.15128,1.15282,1.15104,1.15191,2231,12,0
2025-06-20 16:00:00,1.1519,1.15367,1.15187,1.15354,1598,12,0
2025-06-20 17:00:00,1.15358,1.15434,1.15311,1.15317,1329,12,0
2025-06-20 18:00:00,1.15317,1.15365,1.15266,1.15279,1116,12,0
2025-06-20 19:00:00,1.15279,1.15312,1.1515,1.1515,1109,12,0
2025-06-20 20:00:00,1.15151,1.1522,1.15133,1.15207,898,12,0
2025-06-22 21:00:00,1.14534,1.14733,1.14502,1.14681,1135,37,0
2025-06-22 22:00:00,1.14685,1.14944,1.14685,1.14878,4565,12,0
2025-06-22 23:00:00,1.14885,1.15066,1.14857,1.14991,2810,12,0
2025-06-23 00:00:00,1.14995,1.15053,1.14802,1.14888,4939,12,0
2025-06-23 01:00:00,1.14887,1.14922,1.14717,1.14918,4586,12,0
2025-06-23 02:00:00,1.14919,1.15063,1.14919,1.1499,4139,12,0
2025-06-23 03:00:00,1.14992,1.15027,1.14915,1.14934,3890,12,0
2025-06-23 04:00:00,1.14934,1.14958,1.14845,1.149,3183,12,0
2025-06-23 05:00:00,1.149,1.1514,1.149,1.15123,3741,12,0
2025-06-23 06:00:00,1.15124,1.15205,1.15027,1.15064,5131,12,0
2025-06-23 07:00:00,1.15064,1.15157,1.1489,1.1498,5303,12,0
2025-06-23 08:00:00,1.14977,1.15013,1.14797,1.14812,4635,12,0
2025-06-23 09:00:00,1.14812,1.14824,1.1453,1.14713,5684,12,0
2025-06-23 10:00:00,1.14713,1.14812,1.14588,1.1462,4054,12,0
2025-06-23 11:00:00,1.14621,1.1474,1.14599,1.14721,4234,12,0
2025-06-23 12:00:00,1.14728,1.14773,1.14564,1.1467,4670,12,0
2025-06-23 13:00:00,1.1467,1.14933,1.14642,1.14892,4876,12,0
2025-06-23 14:00:00,1.14891,1.15401,1.14886,1.15302,2832,12,0
2025-06-23 15:00:00,1.15303,1.15517,1.15283,1.15367,2205,12,0
2025-06-23 16:00:00,1.15376,1.15567,1.15172,1.15444,2157,12,0
2025-06-23 17:00:00,1.15442,1.15729,1.154,1.15687,2134,12,0
2025-06-23 18:00:00,1.15687,1.15773,1.15654,1.15736,1843,12,0
2025-06-23 19:00:00,1.15735,1.15783,1.15698,1.15778,1336,12,0
2025-06-23 20:00:00,1.15784,1.15811,1.15741,1.15777,797,12,0
2025-06-23 21:00:00,1.15743,1.15785,1.15743,1.15767,303,21,0
2025-06-23 22:00:00,1.15764,1.16016,1.15722,1.15919,1990,12,0
2025-06-23 23:00:00,1.15919,1.16078,1.15863,1.15975,3041,12,0
2025-06-24 00:00:00,1.15974,1.16082,1.1589,1.15985,5652,12,0
2025-06-24 01:00:00,1.15984,1.16051,1.15894,1.15903,4669,12,0
2025-06-24 02:00:00,1.15903,1.16009,1.15858,1.15997,3500,12,0
2025-06-24 03:00:00,1.15998,1.16093,1.15994,1.16052,2764,12,0
2025-06-24 04:00:00,1.16052,1.16137,1.16017,1.16058,2274,12,0
2025-06-24 05:00:00,1.16056,1.16132,1.16006,1.16101,3081,12,0
2025-06-24 06:00:00,1.16101,1.16219,1.16007,1.16046,6281,12,0
2025-06-24 07:00:00,1.16046,1.161,1.15794,1.15911,6670,12,0
2025-06-24 08:00:00,1.15908,1.1599,1.15849,1.15921,5634,12,0
2025-06-24 09:00:00,1.1592,1.16176,1.15912,1.16089,4913,12,0
2025-06-24 10:00:00,1.16086,1.16086,1.15938,1.15961,3073,12,0
2025-06-24 11:00:00,1.15961,1.16146,1.1596,1.16079,3637,12,0
2025-06-24 12:00:00,1.16078,1.16108,1.15928,1.16001,4621,12,0
2025-06-24 13:00:00,1.16,1.16027,1.15817,1.15914,4567,12,0
2025-06-24 14:00:00,1.15916,1.16409,1.15901,1.16163,5212,12,0
2025-06-24 15:00:00,1.1616,1.16352,1.16059,1.16064,3778,12,0
2025-06-24 16:00:00,1.16064,1.16244,1.16046,1.16233,2588,12,0
2025-06-24 17:00:00,1.16233,1.16319,1.16217,1.16254,1974,12,0
2025-06-24 18:00:00,1.16254,1.16285,1.16194,1.1623,1919,12,0
2025-06-24 19:00:00,1.16229,1.16246,1.16115,1.1612,1458,12,0
2025-06-24 20:00:00,1.16125,1.1615,1.16077,1.1608,1140,12,0
2025-06-24 21:00:00,1.16006,1.16084,1.16006,1.1604,453,34,0
2025-06-24 22:00:00,1.16063,1.16105,1.16037,1.16073,989,12,0
2025-06-24 23:00:00,1.16073,1.16148,1.1607,1.16116,1135,12,0
2025-06-25 00:00:00,1.16117,1.1626,1.16104,1.16245,2412,12,0
2025-06-25 01:00:00,1.16244,1.16307,1.16168,1.16279,2695,12,0
2025-06-25 02:00:00,1.16283,1.16288,1.16171,1.16199,1998,12,0
2025-06-25 03:00:00,1.16199,1.16227,1.16107,1.16113,1706,12,0
2025-06-25 04:00:00,1.16112,1.16175,1.16111,1.16133,1581,12,0
2025-06-25 05:00:00,1.16134,1.16199,1.16087,1.16188,1771,12,0
2025-06-25 06:00:00,1.16185,1.16221,1.16031,1.16066,2557,12,0
2025-06-25 07:00:00,1.16066,1.16086,1.15893,1.15981,3004,12,0
2025-06-25 08:00:00,1.15984,1.16108,1.15925,1.16095,2624,12,0
2025-06-25 09:00:00,1.16094,1.16107,1.15914,1.16001,2601,12,0
2025-06-25 10:00:00,1.16001,1.16075,1.15966,1.1603,2003,12,0
2025-06-25 11:00:00,1.1603,1.16128,1.15962,1.15987,2430,12,0
2025-06-25 12:00:00,1.15985,1.16046,1.15894,1.15922,2834,12,0
2025-06-25 13:00:00,1.15923,1.1607,1.15896,1.16005,3114,12,0
2025-06-25 14:00:00,1.16003,1.1623,1.16003,1.16203,3642,12,0
2025-06-25 15:00:00,1.16202,1.16291,1.16163,1.16192,2888,12,0
2025-06-25 16:00:00,1.16191,1.16353,1.1619,1.16302,2278,12,0
2025-06-25 17:00:00,1.16303,1.16438,1.16264,1.1642,2111,12,0
2025-06-25 18:00:00,1.1642,1.16607,1.16413,1.16605,2034,12,0
2025-06-25 19:00:00,1.16605,1.16645,1.16557,1.16577,1674,12,0
2025-06-25 20:00:00,1.16577,1.16604,1.16505,1.16584,1145,12,0
2025-06-25 21:00:00,1.16523,1.16564,1.16514,1.16551,316,33,0
2025-06-25 22:00:00,1.16563,1.16598,1.16549,1.1659,971,12,0
2025-06-25 23:00:00,1.16591,1.16843,1.16587,1.16829,1907,12,0
2025-06-26 00:00:00,1.16835,1.16885,1.16795,1.16816,2016,12,0
2025-06-26 01:00:00,1.16816,1.16872,1.16668,1.16856,2343,12,0
2025-06-26 02:00:00,1.16857,1.16949,1.16815,1.16901,2131,12,0
2025-06-26 03:00:00,1.16902,1.17168,1.16881,1.1694,2468,12,0
2025-06-26 04:00:00,1.1694,1.16942,1.16779,1.16793,1599,12,0
2025-06-26 05:00:00,1.16791,1.16855,1.1675,1.16848,1974,12,0
2025-06-26 06:00:00,1.16848,1.16999,1.16713,1.16982,3252,12,0
2025-06-26 07:00:00,1.1699,1.17129,1.16909,1.17097,3495,12,0
2025-06-26 08:00:00,1.17097,1.17437,1.17063,1.1727,3812,12,0
2025-06-26 09:00:00,1.1727,1.17283,1.17119,1.17245,3127,12,0
2025-06-26 10:00:00,1.17246,1.17304,1.17129,1.17143,2519,12,0
2025-06-26 11:00:00,1.17144,1.17149,1.16934,1.16942,3031,12,0
2025-06-26 12:00:00,1.16943,1.17122,1.16894,1.1706,4154,12,0
2025-06-26 13:00:00,1.17067,1.17202,1.16937,1.17165,4304,12,0
2025-06-26 14:00:00,1.17165,1.17185,1.17056,1.17079,4599,12,0
2025-06-26 15:00:00,1.17078,1.17168,1.169,1.17161,3524,12,0
2025-06-26 16:00:00,1.17161,1.17397,1.17093,1.1729,2802,12,0
2025-06-26 17:00:00,1.17286,1.17315,1.17202,1.17243,2236,12,0
2025-06-26 18:00:00,1.17242,1.1728,1.17173,1.17199,1980,12,0
2025-06-26 19:00:00,1.17199,1.172,1.17033,1.17038,1780,12,0
2025-06-26 20:00:00,1.17038,1.1708,1.16934,1.17005,1257,12,0
2025-06-26 21:00:00,1.16916,1.16984,1.1686,1.16939,836,34,0
2025-06-26 22:00:00,1.16939,1.16967,1.168,1.16827,1403,12,0
2025-06-26 23:00:00,1.16831,1.16978,1.16827,1.16927,1743,12,0
2025-06-27 00:00:00,1.1693,1.16973,1.16876,1.16914,3776,12,0
2025-06-27 01:00:00,1.16914,1.17038,1.16851,1.1701,3611,12,0
2025-06-27 02:00:00,1.17011,1.17051,1.16852,1.16992,2653,12,0
2025-06-27 03:00:00,1.16992,1.17089,1.16946,1.16951,2566,12,0
2025-06-27 04:00:00,1.1695,1.16977,1.16845,1.16845,2441,12,0
2025-06-27 05:00:00,1.16851,1.1693,1.16839,1.16887,2652,12,0
2025-06-27 06:00:00,1.16887,1.1718,1.16829,1.1718,4339,12,0
2025-06-27 07:00:00,1.17181,1.17264,1.17064,1.1714,4114,12,0
2025-06-27 08:00:00,1.17143,1.17257,1.17081,1.17089,3508,12,0
2025-06-27 09:00:00,1.17091,1.17107,1.17009,1.17089,2860,12,0
2025-06-27 10:00:00,1.17089,1.1715,1.17009,1.17132,2927,12,0
2025-06-27 11:00:00,1.17135,1.17195,1.17103,1.17135,2949,12,0
2025-06-27 12:00:00,1.17136,1.17489,1.17022,1.17464,6839,12,0
2025-06-27 13:00:00,1.17465,1.17532,1.1715,1.17265,6245,12,0
2025-06-27 14:00:00,1.17275,1.17377,1.17049,1.17178,4479,12,0
2025-06-27 15:00:00,1.17179,1.17296,1.17111,1.17229,3336,12,0
2025-06-27 16:00:00,1.1723,1.17317,1.17168,1.17216,2949,12,0
2025-06-27 17:00:00,1.17216,1.17232,1.16947,1.17015,3511,12,0
2025-06-27 18:00:00,1.17015,1.1705,1.16873,1.1699,3366,12,0
2025-06-27 19:00:00,1.1699,1.17084,1.16983,1.17061,2215,12,0
2025-06-27 20:00:00,1.17058,1.17203,1.17054,1.17203,1215,12,0
2025-06-29 21:00:00,1.17275,1.17295,1.17168,1.17294,373,33,0
2025-06-29 22:00:00,1.17303,1.17324,1.17212,1.17295,1548,12,0
2025-06-29 23:00:00,1.173,1.17381,1.17254,1.1726,1486,12,0
2025-06-30 00:00:00,1.17261,1.17281,1.1715,1.17175,2463,12,0
2025-06-30 01:00:00,1.17174,1.17342,1.17146,1.172,2590,12,0
2025-06-30 02:00:00,1.172,1.17308,1.17173,1.17184,2438,12,0
2025-06-30 03:00:00,1.17184,1.17215,1.17111,1.17116,1980,12,0
2025-06-30 04:00:00,1.17116,1.17313,1.17115,1.17296,1939,12,0
2025-06-30 05:00:00,1.17295,1.17377,1.17226,1.17257,2696,12,0
2025-06-30 06:00:00,1.17261,1.175,1.17201,1.17427,3357,12,0
2025-06-30 07:00:00,1.17425,1.17427,1.17233,1.1724,3448,12,0
2025-06-30 08:00:00,1.17212,1.17297,1.17131,1.17289,3669,12,0
2025-06-30 09:00:00,1.17288,1.17321,1.17166,1.17189,2985,12,0
2025-06-30 10:00:00,1.1719,1.17244,1.1716,1.17241,2288,12,0
2025-06-30 11:00:00,1.17241,1.17311,1.17224,1.17226,2416,12,0
2025-06-30 12:00:00,1.17231,1.17247,1.1707,1.17127,2970,12,0
2025-06-30 13:00:00,1.17126,1.1721,1.17115,1.17207,3086,12,0
2025-06-30 14:00:00,1.17207,1.17503,1.17101,1.17381,4694,12,0
2025-06-30 15:00:00,1.17378,1.17712,1.1733,1.17692,4176,12,0
2025-06-30 16:00:00,1.17692,1.17694,1.17483,1.17622,3312,12,0
2025-06-30 17:00:00,1.17621,1.17701,1.17599,1.17653,2397,12,0
2025-06-30 18:00:00,1.17653,1.17792,1.1764,1.17753,2497,12,0
2025-06-30 19:00:00,1.17754,1.17801,1.1772,1.17791,2030,12,0
2025-06-30 20:00:00,1.17791,1.17871,1.17767,1.17863,1368,12,0
2025-06-30 21:00:00,1.17772,1.17845,1.17678,1.17793,1198,34,0
2025-06-30 22:00:00,1.17793,1.17901,1.17775,1.1785,1857,12,0
2025-06-30 23:00:00,1.1785,1.17871,1.17827,1.17858,1104,12,0
2025-07-01 00:00:00,1.17858,1.17975,1.17857,1.17971,3121,12,0
2025-07-01 01:00:00,1.1797,1.18069,1.17792,1.17797,3776,12,0
2025-07-01 02:00:00,1.17796,1.17888,1.17772,1.17877,2392,12,0
2025-07-01 03:00:00,1.17876,1.17934,1.17861,1.1789,1861,12,0
2025-07-01 04:00:00,1.1789,1.17935,1.17821,1.17857,1845,12,0
2025-07-01 05:00:00,1.17857,1.1789,1.17796,1.17859,2146,12,0
2025-07-01 06:00:00,1.17858,1.17862,1.17754,1.17786,3340,12,0
2025-07-01 07:00:00,1.17786,1.17873,1.17666,1.17855,4655,12,0
2025-07-01 08:00:00,1.17856,1.18169,1.17738,1.18041,5313,12,0
2025-07-01 09:00:00,1.18039,1.18291,1.1796,1.1813,5278,12,0
2025-07-01 10:00:00,1.1813,1.18229,1.18103,1.1811,3716,12,0
2025-07-01 11:00:00,1.18111,1.18187,1.18051,1.18133,3521,12,0
2025-07-01 12:00:00,1.18133,1.18169,1.18017,1.18032,4670,12,0
2025-07-01 13:00:00,1.18032,1.18114,1.17922,1.18012,5359,12,0
2025-07-01 14:00:00,1.1798,1.18016,1.17746,1.17793,6394,12,0
2025-07-01 15:00:00,1.17791,1.17791,1.17682,1.17752,3924,12,0
2025-07-01 16:00:00,1.17753,1.17753,1.17608,1.17645,2909,12,0
2025-07-01 17:00:00,1.17648,1.1783,1.17648,1.17822,2321,12,0
2025-07-01 18:00:00,1.17823,1.17829,1.17744,1.17803,1767,12,0
2025-07-01 19:00:00,1.178,1.17908,1.17787,1.17905,1826,12,0
2025-07-01 20:00:00,1.17906,1.18058,1.17902,1.18049,1226,12,0
2025-07-01 21:00:00,1.18021,1.1803,1.1798,1.18027,604,34,0
2025-07-01 22:00:00,1.18025,1.18059,1.18016,1.18022,1093,12,0
2025-07-01 23:00:00,1.18023,1.18063,1.17985,1.18046,1238,12,0
2025-07-02 00:00:00,1.18046,1.18075,1.17986,1.1807,3049,12,0
2025-07-02 01:00:00,1.18069,1.18095,1.17914,1.1793,3108,12,0
2025-07-02 02:00:00,1.17931,1.18014,1.17876,1.17995,2720,12,0
2025-07-02 03:00:00,1.17999,1.18024,1.17954,1.17996,1994,12,0
2025-07-02 04:00:00,1.17997,1.18006,1.17951,1.17958,1723,12,0
2025-07-02 05:00:00,1.17958,1.17974,1.17837,1.17867,2620,12,0
2025-07-02 06:00:00,1.17868,1.17931,1.17728,1.1781,3642,12,0
2025-07-02 07:00:00,1.1781,1.1783,1.17706,1.17736,3851,12,0
2025-07-02 08:00:00,1.17736,1.1781,1.17695,1.17751,3495,12,0
2025-07-02 09:00:00,1.17751,1.17771,1.17665,1.17697,3262,12,0
2025-07-02 10:00:00,1.17696,1.17802,1.17641,1.17668,2890,12,0
2025-07-02 11:00:00,1.17668,1.17706,1.17463,1.17491,4034,12,0
2025-07-02 12:00:00,1.17491,1.17878,1.17467,1.17556,8796,12,0
2025-07-02 13:00:00,1.17558,1.17769,1.17543,1.17594,5953,12,0
2025-07-02 14:00:00,1.17593,1.17702,1.17504,1.17669,4255,12,0
2025-07-02 15:00:00,1.17669,1.17891,1.17655,1.17888,3489,12,0
2025-07-02 16:00:00,1.17888,1.17934,1.17848,1.1788,2689,12,0
2025-07-02 17:00:00,1.17879,1.17995,1.17879,1.17949,2014,12,0
2025-07-02 18:00:00,1.17948,1.17994,1.17929,1.1799,1800,12,0
2025-07-02 19:00:00,1.1799,1.18026,1.17949,1.18017,1493,12,0
2025-07-02 20:00:00,1.18016,1.18018,1.1795,1.17966,947,12,0
2025-07-02 21:00:00,1.17919,1.17963,1.17852,1.17947,631,33,0
2025-07-02 22:00:00,1.17943,1.17996,1.17935,1.17978,846,12,0
2025-07-02 23:00:00,1.1798,1.18016,1.17966,1.17982,880,12,0
2025-07-03 00:00:00,1.17982,1.18082,1.17974,1.1806,2908,12,0
2025-07-03 01:00:00,1.18059,1.18095,1.18033,1.18039,2217,12,0
2025-07-03 02:00:00,1.18039,1.18042,1.17938,1.17971,2203,12,0
2025-07-03 03:00:00,1.17971,1.17989,1.17886,1.17912,2005,12,0
2025-07-03 04:00:00,1.17912,1.17926,1.17867,1.17887,1564,12,0
2025-07-03 05:00:00,1.17887,1.17955,1.17861,1.17954,1806,12,0
2025-07-03 06:00:00,1.17955,1.18024,1.1791,1.18016,2963,12,0
2025-07-03 07:00:00,1.18016,1.18094,1.17938,1.18007,3657,12,0
2025-07-03 08:00:00,1.18006,1.18079,1.1795,1.17973,3178,12,0
2025-07-03 09:00:00,1.17972,1.17975,1.17878,1.17918,2982,12,0
2025-07-03 10:00:00,1.17918,1.17995,1.17864,1.17928,2564,12,0
2025-07-03 11:00:00,1.17927,1.17963,1.17825,1.17841,3020,12,0
2025-07-03 12:00:00,1.17842,1.1789,1.17167,1.17375,3232,12,0
2025-07-03 13:00:00,1.17374,1.17787,1.17334,1.1773,2445,12,0
2025-07-03 14:00:00,1.17719,1.17893,1.17506,1.17531,2384,12,0
2025-07-03 15:00:00,1.17526,1.17658,1.17488,1.17564,1929,12,0
2025-07-03 16:00:00,1.17569,1.17576,1.17393,1.17518,1654,12,0
2025-07-03 17:00:00,1.17515,1.17577,1.17499,1.17534,917,12,0
2025-07-03 18:00:00,1.17533,1.1756,1.17475,1.17482,775,12,0
2025-07-03 19:00:00,1.17481,1.17518,1.17437,1.17472,792,12,0
2025-07-03 20:00:00,1.1747,1.17589,1.17459,1.17564,679,12,0
2025-07-03 21:00:00,1.17548,1.17582,1.17497,1.17561,390,33,0
2025-07-03 22:00:00,1.17561,1.17589,1.1753,1.17588,993,12,0
2025-07-03 23:00:00,1.17588,1.17709,1.17553,1.17686,1319,12,0
2025-07-04 00:00:00,1.17686,1.177,1.17631,1.17662,3037,12,0
2025-07-04 01:00:00,1.17663,1.17689,1.17551,1.17591,3092,12,0
2025-07-04 02:00:00,1.1759,1.17699,1.17589,1.17648,2201,12,0
2025-07-04 03:00:00,1.17647,1.1772,1.17638,1.17697,2049,12,0
2025-07-04 04:00:00,1.17696,1.17797,1.17686,1.17796,2049,12,0
2025-07-04 05:00:00,1.17796,1.17849,1.17793,1.17834,2366,12,0
2025-07-04 06:00:00,1.17834,1.17845,1.17737,1.17804,3217,12,0
2025-07-04 07:00:00,1.17805,1.1782,1.17669,1.17691,4344,12,0
2025-07-04 08:00:00,1.17691,1.17769,1.17677,1.17739,3533,12,0
2025-07-04 09:00:00,1.17739,1.17816,1.17715,1.17777,3081,12,0
2025-07-04 10:00:00,1.17777,1.17804,1.17743,1.17771,2984,12,0
2025-07-04 11:00:00,1.17771,1.17814,1.17678,1.17684,2796,12,0
2025-07-04 12:00:00,1.17685,1.17713,1.17633,1.1766,2583,12,0
2025-07-04 13:00:00,1.1766,1.17804,1.17658,1.17789,2402,12,0
2025-07-04 14:00:00,1.17791,1.17869,1.17746,1.17779,2885,12,0
2025-07-04 15:00:00,1.17777,1.17841,1.17754,1.1778,2177,12,0
2025-07-04 16:00:00,1.17781,1.17812,1.1773,1.17736,1775,12,0
2025-07-04 17:00:00,1.17736,1.17773,1.17717,1.17751,4868,12,0
2025-07-04 18:00:00,1.17751,1.17789,1.17738,1.17785,2993,12,0
2025-07-04 19:00:00,1.17785,1.17791,1.17713,1.17726,3878,12,0
2025-07-04 20:00:00,1.17726,1.17807,1.17675,1.17708,3506,15,0
2025-07-06 21:00:00,1.17752,1.17818,1.17752,1.17775,381,34,0
2025-07-06 22:00:00,1.17775,1.17813,1.17727,1.17793,1534,12,0
2025-07-06 23:00:00,1.17799,1.17817,1.17744,1.17797,1303,12,0
2025-07-07 00:00:00,1.17798,1.17897,1.1778,1.17791,3013,12,0
2025-07-07 01:00:00,1.17791,1.17802,1.17694,1.17714,2992,12,0
2025-07-07 02:00:00,1.17714,1.17747,1.17641,1.17669,3120,12,0
2025-07-07 03:00:00,1.17669,1.1774,1.17657,1.17684,2274,12,0
2025-07-07 04:00:00,1.17684,1.17718,1.17635,1.17656,2347,12,0
2025-07-07 05:00:00,1.17656,1.17731,1.17627,1.17707,2826,12,0
2025-07-07 06:00:00,1.17707,1.1773,1.17495,1.17554,3824,12,0
2025-07-07 07:00:00,1.17554,1.17581,1.17447,1.1745,4286,12,0
2025-07-07 08:00:00,1.1745,1.17469,1.17226,1.17238,4206,12,0
2025-07-07 09:00:00,1.17238,1.17342,1.17216,1.17335,3755,12,0
2025-07-07 10:00:00,1.17335,1.17356,1.17225,1.1727,2969,12,0
2025-07-07 11:00:00,1.1727,1.17336,1.17244,1.1729,2677,12,0
2025-07-07 12:00:00,1.17291,1.17304,1.17176,1.17217,3503,12,0
2025-07-07 13:00:00,1.17217,1.174,1.17213,1.17344,4038,12,0
2025-07-07 14:00:00,1.17344,1.17448,1.17322,1.17384,3525,12,0
2025-07-07 15:00:00,1.17382,1.174,1.17298,1.17322,3308,12,0
2025-07-07 16:00:00,1.17325,1.17392,1.16867,1.16936,5712,12,0
2025-07-07 17:00:00,1.16936,1.17134,1.16859,1.17063,4889,12,0
2025-07-07 18:00:00,1.17059,1.1719,1.16993,1.17183,3155,12,0
2025-07-07 19:00:00,1.17183,1.17232,1.17157,1.17188,2049,12,0
2025-07-07 20:00:00,1.17188,1.17208,1.17058,1.17077,1375,12,0
2025-07-07 21:00:00,1.17065,1.17083,1.17055,1.17068,471,34,0
2025-07-07 22:00:00,1.17067,1.17369,1.17067,1.17347,1545,12,0
2025-07-07 23:00:00,1.17347,1.1738,1.17307,1.17362,1877,12,0
2025-07-08 00:00:00,1.17362,1.17473,1.17362,1.17427,3678,12,0
2025-07-08 01:00:00,1.17427,1.17436,1.17302,1.17375,3400,12,0
2025-07-08 02:00:00,1.17375,1.17483,1.17352,1.1738,2488,12,0
2025-07-08 03:00:00,1.17381,1.17483,1.17363,1.17463,2193,12,0
2025-07-08 04:00:00,1.17463,1.17495,1.17399,1.17407,2801,12,0
2025-07-08 05:00:00,1.17408,1.17442,1.17329,1.1734,3236,12,0
2025-07-08 06:00:00,1.1734,1.17444,1.17312,1.17412,4129,12,0
2025-07-08 07:00:00,1.17413,1.17648,1.17413,1.17594,4052,12,0
2025-07-08 08:00:00,1.17594,1.17601,1.1747,1.17482,3865,12,0
2025-07-08 09:00:00,1.17481,1.17501,1.17384,1.17414,3258,12,0
2025-07-08 10:00:00,1.17415,1.17418,1.17226,1.17277,3060,12,0
2025-07-08 11:00:00,1.17275,1.17379,1.1721,1.17212,3418,12,0
2025-07-08 12:00:00,1.17211,1.17241,1.17133,1.17203,3918,12,0
2025-07-08 13:00:00,1.17203,1.17218,1.16932,1.17044,5128,12,0
2025-07-08 14:00:00,1.17038,1.1706,1.16819,1.16916,5583,12,0
2025-07-08 15:00:00,1.16917,1.17121,1.16891,1.17062,4254,12,0
2025-07-08 16:00:00,1.17061,1.17125,1.16957,1.17084,4590,12,0
2025-07-08 17:00:00,1.17082,1.17254,1.1707,1.17238,3715,12,0
2025-07-08 18:00:00,1.17238,1.17282,1.17176,1.17245,2953,12,0
2025-07-08 19:00:00,1.17245,1.17292,1.17188,1.17238,2372,12,0
2025-07-08 20:00:00,1.17239,1.17282,1.1722,1.17251,1363,12,0
2025-07-08 21:00:00,1.17191,1.17223,1.1714,1.17169,665,34,0
2025-07-08 22:00:00,1.1717,1.17288,1.1717,1.17281,814,12,0
2025-07-08 23:00:00,1.17283,1.17284,1.17211,1.17228,1353,12,0
2025-07-09 00:00:00,1.17229,1.17254,1.17169,1.17241,2964,12,0
2025-07-09 01:00:00,1.17241,1.17254,1.17165,1.172,2939,12,0
2025-07-09 02:00:00,1.172,1.1725,1.17042,1.17107,3132,12,0
2025-07-09 03:00:00,1.17106,1.17111,1.17023,1.1703,2568,12,0
2025-07-09 04:00:00,1.1703,1.17134,1.17006,1.1712,2449,12,0
2025-07-09 05:00:00,1.1712,1.17209,1.17101,1.1716,2859,12,0
2025-07-09 06:00:00,1.1716,1.17279,1.17117,1.17253,3451,12,0
2025-07-09 07:00:00,1.17254,1.17279,1.17039,1.17069,4307,12,0
2025-07-09 08:00:00,1.17068,1.17196,1.17018,1.17126,4011,12,0
2025-07-09 09:00:00,1.17126,1.17193,1.17067,1.17128,3232,12,0
2025-07-09 10:00:00,1.17128,1.17171,1.17012,1.17014,3010,12,0
2025-07-09 11:00:00,1.17014,1.17061,1.1689,1.16907,3071,12,0
2025-07-09 12:00:00,1.16907,1.17164,1.16907,1.17149,4506,12,0
2025-07-09 13:00:00,1.17148,1.17221,1.16997,1.17028,4807,12,0
2025-07-09 14:00:00,1.17028,1.17241,1.17022,1.17142,4957,12,0
2025-07-09 15:00:00,1.17142,1.17157,1.17044,1.17055,3214,12,0
2025-07-09 16:00:00,1.17055,1.17084,1.17,1.17045,2320,12,0
2025-07-09 17:00:00,1.17041,1.17105,1.17032,1.17077,2536,12,0
2025-07-09 18:00:00,1.17076,1.17173,1.17045,1.17127,2808,12,0
2025-07-09 19:00:00,1.17126,1.17227,1.17123,1.17183,1802,12,0
2025-07-09 20:00:00,1.17183,1.17227,1.1711,1.17218,1456,12,0
2025-07-09 21:00:00,1.17157,1.17216,1.17091,1.17175,535,34,0
2025-07-09 22:00:00,1.17176,1.17245,1.17175,1.17241,794,12,0
2025-07-09 23:00:00,1.17243,1.17393,1.17223,1.17375,1088,12,0
2025-07-10 00:00:00,1.17375,1.17491,1.17353,1.17431,3304,12,0
2025-07-10 01:00:00,1.17431,1.17438,1.17373,1.17402,2422,12,0
2025-07-10 02:00:00,1.17402,1.17438,1.17365,1.17385,2209,12,0
2025-07-10 03:00:00,1.17385,1.17392,1.17332,1.17333,1788,12,0
2025-07-10 04:00:00,1.17335,1.17355,1.17296,1.17345,1639,12,0
2025-07-10 05:00:00,1.17345,1.17405,1.17342,1.17384,1921,12,0
2025-07-10 06:00:00,1.17382,1.1743,1.17287,1.17321,3317,12,0
2025-07-10 07:00:00,1.17321,1.17374,1.17255,1.17325,3459,12,0
2025-07-10 08:00:00,1.17326,1.17337,1.17254,1.17273,2569,12,0
2025-07-10 09:00:00,1.17273,1.17338,1.17273,1.17302,2317,12,0
2025-07-10 10:00:00,1.17303,1.17334,1.1727,1.17279,2060,12,0
2025-07-10 11:00:00,1.17279,1.1729,1.17076,1.17111,2871,12,0
2025-07-10 12:00:00,1.17113,1.17135,1.17009,1.17058,4039,12,0
2025-07-10 13:00:00,1.17057,1.17141,1.1686,1.1692,4844,12,0
2025-07-10 14:00:00,1.16921,1.16932,1.16619,1.16795,6963,12,0
2025-07-10 15:00:00,1.16795,1.16879,1.16733,1.16868,4325,12,0
2025-07-10 16:00:00,1.16869,1.16895,1.16814,1.16847,2990,12,0
2025-07-10 17:00:00,1.16848,1.16907,1.16809,1.16887,2358,12,0
2025-07-10 18:00:00,1.16887,1.16943,1.16872,1.16917,2314,12,0
2025-07-10 19:00:00,1.16917,1.16985,1.16893,1.16951,2176,12,0
2025-07-10 20:00:00,1.1695,1.16995,1.16939,1.16995,1498,12,0
2025-07-10 21:00:00,1.16993,1.17019,1.16943,1.17019,521,34,0
2025-07-10 22:00:00,1.17017,1.17068,1.1701,1.17053,1048,12,0
2025-07-10 23:00:00,1.17053,1.17057,1.16989,1.17011,1037,12,0
2025-07-11 00:00:00,1.17011,1.17044,1.1664,1.16742,6229,12,0
2025-07-11 01:00:00,1.16743,1.16855,1.1668,1.16747,4614,12,0
2025-07-11 02:00:00,1.16748,1.16776,1.167,1.16704,3048,12,0
2025-07-11 03:00:00,1.16704,1.1684,1.16696,1.16811,2465,12,0
2025-07-11 04:00:00,1.16811,1.16824,1.16684,1.16759,2700,12,0
2025-07-11 05:00:00,1.16759,1.16835,1.16746,1.16772,2589,12,0
2025-07-11 06:00:00,1.16772,1.16845,1.16696,1.16742,4086,12,0
2025-07-11 07:00:00,1.16742,1.16952,1.16742,1.16884,3990,12,0
2025-07-11 08:00:00,1.16885,1.16918,1.1679,1.16817,3588,12,0
2025-07-11 09:00:00,1.16816,1.1695,1.16807,1.16946,3130,12,0
2025-07-11 10:00:00,1.16946,1.16964,1.16869,1.16919,3281,12,0
2025-07-11 11:00:00,1.16919,1.17007,1.16856,1.16873,3668,12,0
2025-07-11 12:00:00,1.16873,1.16996,1.16818,1.16877,3696,12,0
2025-07-11 13:00:00,1.16878,1.17135,1.16859,1.1688,5263,12,0
2025-07-11 14:00:00,1.16881,1.16937,1.16737,1.16915,5509,12,0
2025-07-11 15:00:00,1.16912,1.17036,1.16885,1.16956,3808,12,0
2025-07-11 16:00:00,1.16956,1.16973,1.16881,1.16909,3366,12,0
2025-07-11 17:00:00,1.16909,1.16943,1.16858,1.16928,2044,12,0
2025-07-11 18:00:00,1.16928,1.16952,1.16877,1.16879,2497,12,0
2025-07-11 19:00:00,1.16884,1.16914,1.16852,1.16874,2022,12,0
2025-07-11 20:00:00,1.16874,1.1693,1.16779,1.16827,1847,12,0
2025-07-13 21:00:00,1.166,1.16714,1.16594,1.16683,862,34,0
2025-07-13 22:00:00,1.1667,1.16841,1.16622,1.16641,2899,12,0
2025-07-13 23:00:00,1.16641,1.16824,1.16627,1.16821,2207,12,0
2025-07-14 00:00:00,1.16821,1.16935,1.1681,1.16929,2885,12,0
2025-07-14 01:00:00,1.1693,1.16971,1.16835,1.1684,3193,12,0
2025-07-14 02:00:00,1.16839,1.16898,1.16719,1.16737,2636,12,0
2025-07-14 03:00:00,1.16737,1.16844,1.16725,1.16806,2180,12,0
2025-07-14 04:00:00,1.16805,1.16813,1.16741,1.16742,2273,12,0
2025-07-14 05:00:00,1.16742,1.16781,1.16643,1.16691,2688,12,0
2025-07-14 06:00:00,1.16692,1.16698,1.16536,1.1663,3485,12,0
2025-07-14 07:00:00,1.16633,1.16868,1.16623,1.16851,3900,12,0
2025-07-14 08:00:00,1.16851,1.16883,1.16794,1.16821,2828,12,0
2025-07-14 09:00:00,1.16821,1.16916,1.16788,1.16906,2809,12,0
2025-07-14 10:00:00,1.16908,1.16945,1.16872,1.16941,2237,12,0
2025-07-14 11:00:00,1.1694,1.16965,1.16856,1.16881,2810,12,0
2025-07-14 12:00:00,1.1688,1.16913,1.16794,1.16852,3131,12,0
2025-07-14 13:00:00,1.16851,1.16861,1.16741,1.16814,3890,12,0
2025-07-14 14:00:00,1.16813,1.16937,1.1678,1.16829,4146,12,0
2025-07-14 15:00:00,1.16829,1.16954,1.16668,1.16708,4391,12,0
2025-07-14 16:00:00,1.16708,1.16748,1.16595,1.16618,3830,12,0
2025-07-14 17:00:00,1.16614,1.16663,1.16586,1.16622,2004,12,0
2025-07-14 18:00:00,1.16622,1.16723,1.16621,1.16698,2145,12,0
2025-07-14 19:00:00,1.16698,1.16712,1.16639,1.16677,1343,12,0
2025-07-14 20:00:00,1.16677,1.16686,1.16625,1.16633,1131,12,0
2025-07-14 21:00:00,1.16615,1.16654,1.16595,1.16629,327,33,0
2025-07-14 22:00:00,1.16637,1.16673,1.16633,1.16661,989,12,0
2025-07-14 23:00:00,1.16661,1.16665,1.16597,1.16648,1122,12,0
2025-07-15 00:00:00,1.16648,1.16767,1.16639,1.16716,2864,12,0
2025-07-15 01:00:00,1.16718,1.16742,1.16652,1.16685,2589,12,0
2025-07-15 02:00:00,1.1669,1.16745,1.16647,1.16737,2293,12,0
2025-07-15 03:00:00,1.16737,1.16772,1.16724,1.16753,1602,12,0
2025-07-15 04:00:00,1.16754,1.16796,1.16731,1.16753,1438,12,0
2025-07-15 05:00:00,1.16753,1.16857,1.16753,1.16853,1874,12,0
2025-07-15 06:00:00,1.16853,1.16875,1.16738,1.16773,2622,12,0
2025-07-15 07:00:00,1.16773,1.16922,1.16713,1.16899,3545,12,0
2025-07-15 08:00:00,1.16898,1.16907,1.16812,1.16862,2387,12,0
2025-07-15 09:00:00,1.16862,1.16904,1.16806,1.16845,2599,12,0
2025-07-15 10:00:00,1.16845,1.16869,1.16757,1.16832,2209,12,0
2025-07-15 11:00:00,1.16831,1.16836,1.16669,1.16691,2602,12,0
2025-07-15 12:00:00,1.1669,1.16904,1.16617,1.16774,5606,12,0
2025-07-15 13:00:00,1.16772,1.16788,1.16388,1.16427,5312,12,0
2025-07-15 14:00:00,1.16427,1.16436,1.16149,1.1618,5403,12,0
2025-07-15 15:00:00,1.16179,1.1618,1.16001,1.16175,4160,12,0
2025-07-15 16:00:00,1.16174,1.16198,1.15931,1.15954,3804,12,0
2025-07-15 17:00:00,1.15954,1.16006,1.15924,1.15962,2540,12,0
2025-07-15 18:00:00,1.15961,1.16047,1.15948,1.16023,2302,12,0
2025-07-15 19:00:00,1.16023,1.16029,1.15986,1.16003,1684,12,0
2025-07-15 20:00:00,1.16003,1.16031,1.15985,1.16016,1154,12,0
2025-07-15 21:00:00,1.15962,1.16001,1.1595,1.15982,256,34,0
2025-07-15 22:00:00,1.15982,1.16039,1.15971,1.16038,994,12,0
2025-07-15 23:00:00,1.16039,1.16074,1.16023,1.16067,961,12,0
2025-07-16 00:00:00,1.16068,1.16129,1.16016,1.16072,3057,12,0
2025-07-16 01:00:00,1.16073,1.16149,1.16057,1.16132,2815,12,0
2025-07-16 02:00:00,1.16132,1.16132,1.16064,1.16097,1826,12,0
2025-07-16 03:00:00,1.16098,1.16149,1.16052,1.16105,1866,12,0
2025-07-16 04:00:00,1.16111,1.16194,1.16098,1.16192,1684,12,0
2025-07-16 05:00:00,1.16192,1.16203,1.16137,1.16201,2492,12,0
2025-07-16 06:00:00,1.16199,1.16274,1.16181,1.16271,3186,12,0
2025-07-16 07:00:00,1.16272,1.16279,1.1612,1.16182,3402,12,0
2025-07-16 08:00:00,1.1618,1.16252,1.16173,1.16247,3215,12,0
2025-07-16 09:00:00,1.16247,1.16257,1.16125,1.16152,3268,12,0
2025-07-16 10:00:00,1.16151,1.16184,1.16085,1.16167,2434,12,0
2025-07-16 11:00:00,1.16166,1.16204,1.16002,1.1603,3101,12,0
2025-07-16 12:00:00,1.16031,1.1613,1.15918,1.1598,5878,12,0
2025-07-16 13:00:00,1.1598,1.16025,1.15622,1.15719,5875,12,0
2025-07-16 14:00:00,1.15719,1.1605,1.15617,1.15923,4197,12,0
2025-07-16 15:00:00,1.15918,1.17211,1.15917,1.16291,6781,12,0
2025-07-16 16:00:00,1.16279,1.16555,1.16148,1.16385,2623,12,0
2025-07-16 17:00:00,1.16386,1.16577,1.16357,1.16408,2014,12,0
2025-07-16 18:00:00,1.1641,1.16428,1.1627,1.16276,1441,12,0
2025-07-16 19:00:00,1.16279,1.16366,1.162,1.16352,1445,12,0
2025-07-16 20:00:00,1.16352,1.16418,1.16329,1.16408,946,12,0
2025-07-16 21:00:00,1.16342,1.16402,1.1628,1.16334,729,33,0
2025-07-16 22:00:00,1.16338,1.16419,1.1633,1.16357,1141,12,0
2025-07-16 23:00:00,1.16359,1.16394,1.16327,1.16348,1224,12,0
2025-07-17 00:00:00,1.16347,1.16356,1.16166,1.16232,2995,12,0
2025-07-17 01:00:00,1.16233,1.16285,1.16127,1.16273,3012,12,0
2025-07-17 02:00:00,1.16273,1.16274,1.16161,1.16177,2604,12,0
2025-07-17 03:00:00,1.16177,1.16189,1.16134,1.16185,2183,12,0
2025-07-17 04:00:00,1.16186,1.16241,1.16154,1.16239,1676,12,0
2025-07-17 05:00:00,1.16239,1.16268,1.1616,1.16163,2144,12,0
2025-07-17 06:00:00,1.16162,1.1617,1.15726,1.15824,5387,12,0
2025-07-17 07:00:00,1.15825,1.15961,1.15734,1.15901,4293,12,0
2025-07-17 08:00:00,1.15901,1.16046,1.15888,1.16011,2990,12,0
2025-07-17 09:00:00,1.16013,1.16042,1.15877,1.15902,2498,12,0
2025-07-17 10:00:00,1.15902,1.15906,1.15826,1.15854,2125,12,0
2025-07-17 11:00:00,1.15854,1.15893,1.15698,1.15738,2552,12,0
2025-07-17 12:00:00,1.15737,1.1592,1.15562,1.15865,5447,12,0
2025-07-17 13:00:00,1.15865,1.15981,1.15795,1.15856,5188,12,0
2025-07-17 14:00:00,1.15856,1.15922,1.15773,1.15872,3347,12,0
2025-07-17 15:00:00,1.15872,1.16021,1.15848,1.15957,2874,12,0
2025-07-17 16:00:00,1.15959,1.16013,1.15828,1.15856,2382,12,0
2025-07-17 17:00:00,1.15856,1.15899,1.15817,1.15844,1939,12,0
2025-07-17 18:00:00,1.15844,1.15874,1.15792,1.15838,1627,12,0
2025-07-17 19:00:00,1.15837,1.15992,1.15836,1.1597,1605,12,0
2025-07-17 20:00:00,1.15968,1.15997,1.15936,1.15964,1206,12,0
2025-07-17 21:00:00,1.15914,1.15969,1.1587,1.1595,417,34,0
2025-07-17 22:00:00,1.1595,1.16185,1.1595,1.1616,1521,12,0
2025-07-17 23:00:00,1.16164,1.16191,1.16138,1.16143,1377,12,0
2025-07-18 00:00:00,1.16143,1.16272,1.16136,1.1624,3264,12,0
2025-07-18 01:00:00,1.1624,1.16338,1.16193,1.16282,2738,12,0
2025-07-18 02:00:00,1.16281,1.16306,1.16234,1.16287,2410,12,0
2025-07-18 03:00:00,1.16287,1.16312,1.16213,1.16232,2436,12,0
2025-07-18 04:00:00,1.16232,1.16234,1.16175,1.16187,1633,12,0
2025-07-18 05:00:00,1.16187,1.162,1.16116,1.16166,2166,12,0
2025-07-18 06:00:00,1.16167,1.1622,1.16113,1.16197,3078,12,0
2025-07-18 07:00:00,1.16199,1.16307,1.16193,1.16284,3080,12,0
2025-07-18 08:00:00,1.16282,1.16451,1.16275,1.16351,3334,12,0
2025-07-18 09:00:00,1.16351,1.16425,1.16326,1.16328,2851,12,0
2025-07-18 10:00:00,1.16328,1.16415,1.16315,1.16394,2517,12,0
2025-07-18 11:00:00,1.16394,1.16475,1.16389,1.16438,2736,12,0
2025-07-18 12:00:00,1.16438,1.16579,1.16426,1.16558,4023,12,0
2025-07-18 13:00:00,1.16558,1.16671,1.16474,1.16651,4195,12,0
2025-07-18 14:00:00,1.16677,1.16713,1.16439,1.16472,3643,12,0
2025-07-18 15:00:00,1.16474,1.16572,1.16421,1.1644,2665,12,0
2025-07-18 16:00:00,1.16441,1.16483,1.16256,1.1628,3514,12,0
2025-07-18 17:00:00,1.16279,1.16293,1.16173,1.16265,2247,12,0
2025-07-18 18:00:00,1.16266,1.16275,1.16189,1.16211,1963,12,0
2025-07-18 19:00:00,1.16211,1.16226,1.16164,1.16218,1793,12,0
2025-07-18 20:00:00,1.16216,1.1627,1.16183,1.16204,1403,12,0
2025-07-20 21:00:00,1.16257,1.1633,1.16188,1.16298,871,45,0
2025-07-20 22:00:00,1.16298,1.1632,1.16219,1.16259,3089,12,0
2025-07-20 23:00:00,1.16258,1.16311,1.16242,1.1629,1393,12,0
2025-07-21 00:00:00,1.1629,1.16359,1.16182,1.16186,2668,12,0
2025-07-21 01:00:00,1.16186,1.16249,1.16151,1.16167,2531,12,0
2025-07-21 02:00:00,1.16167,1.16237,1.16139,1.16215,2022,12,0
2025-07-21 03:00:00,1.16215,1.16252,1.1619,1.16248,1695,12,0
2025-07-21 04:00:00,1.16247,1.16295,1.16221,1.16288,1388,12,0
2025-07-21 05:00:00,1.16288,1.16349,1.16271,1.16331,1871,12,0
2025-07-21 06:00:00,1.16329,1.16422,1.16286,1.16408,3281,12,0
2025-07-21 07:00:00,1.1641,1.16469,1.1635,1.16431,3449,12,0
2025-07-21 08:00:00,1.1643,1.16517,1.16358,1.16418,3312,12,0
2025-07-21 09:00:00,1.16418,1.16479,1.16377,1.16442,2565,12,0
2025-07-21 10:00:00,1.16442,1.16457,1.1633,1.1645,2696,12,0
2025-07-21 11:00:00,1.16448,1.16693,1.16438,1.16671,3337,12,0
2025-07-21 12:00:00,1.1667,1.16728,1.16619,1.16646,3289,12,0
2025-07-21 13:00:00,1.16645,1.16648,1.16571,1.16642,3342,12,0
2025-07-21 14:00:00,1.16642,1.16979,1.16633,1.16958,5312,12,0
2025-07-21 15:00:00,1.16958,1.17162,1.1695,1.17041,4533,12,0
2025-07-21 16:00:00,1.17036,1.17052,1.16948,1.16994,3000,12,0
2025-07-21 17:00:00,1.16994,1.17009,1.16853,1.16901,2331,12,0
2025-07-21 18:00:00,1.16902,1.16948,1.16863,1.16934,1934,12,0
2025-07-21 19:00:00,1.16934,1.16955,1.16888,1.1689,1639,12,0
2025-07-21 20:00:00,1.16888,1.16956,1.16874,1.16952,1443,12,0
2025-07-21 21:00:00,1.1689,1.16935,1.16888,1.16909,533,34,0
2025-07-21 22:00:00,1.16909,1.16943,1.16906,1.16942,785,12,0
2025-07-21 23:00:00,1.16942,1.16953,1.16898,1.16943,832,12,0
2025-07-22 00:00:00,1.16943,1.16949,1.16829,1.16879,2568,12,0
2025-07-22 01:00:00,1.16879,1.16896,1.16817,1.16876,2291,12,0
2025-07-22 02:00:00,1.16876,1.16952,1.16875,1.16902,1721,12,0
2025-07-22 03:00:00,1.16902,1.16906,1.16845,1.16866,1496,12,0
2025-07-22 04:00:00,1.16866,1.16942,1.16855,1.16878,1483,12,0
2025-07-22 05:00:00,1.16878,1.16917,1.16824,1.16866,2004,12,0
2025-07-22 06:00:00,1.16866,1.16916,1.16836,1.16902,2505,12,0
2025-07-22 07:00:00,1.16902,1.16917,1.16811,1.16854,2820,12,0
2025-07-22 08:00:00,1.16854,1.17028,1.16833,1.16979,3032,12,0
2025-07-22 09:00:00,1.16979,1.17063,1.16927,1.1705,2566,12,0
2025-07-22 10:00:00,1.1705,1.17089,1.16992,1.17011,2396,12,0
2025-07-22 11:00:00,1.17011,1.17032,1.16937,1.17009,2998,12,0
2025-07-22 12:00:00,1.17014,1.17044,1.16826,1.169,3740,12,0
2025-07-22 13:00:00,1.169,1.17039,1.16782,1.17037,4229,12,0
2025-07-22 14:00:00,1.17036,1.1726,1.16903,1.17217,2462,12,0
2025-07-22 15:00:00,1.17214,1.17484,1.17142,1.17475,2127,12,0
2025-07-22 16:00:00,1.17477,1.176,1.17442,1.17545,1650,12,0
2025-07-22 17:00:00,1.17546,1.17548,1.17424,1.17453,2203,12,0
2025-07-22 18:00:00,1.17452,1.17478,1.17413,1.17475,1689,12,0
2025-07-22 19:00:00,1.17471,1.17523,1.17443,1.1751,1523,12,0
2025-07-22 20:00:00,1.17508,1.1754,1.17446,1.1754,1537,12,0
2025-07-22 21:00:00,1.17526,1.17531,1.17413,1.17455,530,33,0
2025-07-22 22:00:00,1.17458,1.17495,1.17428,1.17475,874,12,0
2025-07-22 23:00:00,1.17477,1.17556,1.17355,1.17375,2272,12,0
2025-07-23 00:00:00,1.17372,1.17474,1.17329,1.17466,4220,12,0
2025-07-23 01:00:00,1.1747,1.1748,1.17299,1.17364,4002,12,0
2025-07-23 02:00:00,1.17365,1.17413,1.1732,1.17341,3752,12,0
2025-07-23 03:00:00,1.17342,1.17456,1.17332,1.17383,2530,12,0
2025-07-23 04:00:00,1.17383,1.17393,1.17314,1.17343,1948,12,0
2025-07-23 05:00:00,1.17344,1.17374,1.17266,1.17299,2658,12,0
2025-07-23 06:00:00,1.17299,1.1742,1.17296,1.17416,3500,12,0
2025-07-23 07:00:00,1.17413,1.17524,1.17331,1.17415,3793,12,0
2025-07-23 08:00:00,1.17415,1.17475,1.17303,1.17323,3657,12,0
2025-07-23 09:00:00,1.17323,1.1739,1.17297,1.17354,3167,12,0
2025-07-23 10:00:00,1.17354,1.17359,1.17223,1.17255,3218,12,0
2025-07-23 11:00:00,1.17255,1.17309,1.17229,1.1725,3246,12,0
2025-07-23 12:00:00,1.1725,1.17326,1.17196,1.17245,3287,12,0
2025-07-23 13:00:00,1.17244,1.17298,1.17103,1.17257,4004,12,0
2025-07-23 14:00:00,1.17254,1.17373,1.17226,1.17331,3816,12,0
2025-07-23 15:00:00,1.17331,1.17577,1.17211,1.17462,5005,12,0
2025-07-23 16:00:00,1.17462,1.17602,1.17425,1.17506,5005,12,0
2025-07-23 17:00:00,1.17506,1.17646,1.17449,1.1759,2980,12,0
2025-07-23 18:00:00,1.17591,1.17733,1.17588,1.17707,2305,12,0
2025-07-23 19:00:00,1.1771,1.17743,1.17674,1.17727,1811,12,0
2025-07-23 20:00:00,1.17729,1.17745,1.17657,1.17723,1789,12,0
2025-07-23 21:00:00,1.17668,1.17728,1.17627,1.17659,536,33,0
2025-07-23 22:00:00,1.17661,1.17743,1.1766,1.17729,1327,12,0
2025-07-23 23:00:00,1.17729,1.17784,1.17723,1.17725,1086,12,0
2025-07-24 00:00:00,1.17725,1.1773,1.17613,1.17663,2788,12,0
2025-07-24 01:00:00,1.17663,1.1779,1.17662,1.17745,3581,12,0
2025-07-24 02:00:00,1.17744,1.1778,1.17703,1.17762,2525,12,0
2025-07-24 03:00:00,1.17763,1.17795,1.17731,1.17745,2068,12,0
2025-07-24 04:00:00,1.17746,1.17774,1.17721,1.17735,1738,12,0
2025-07-24 05:00:00,1.17735,1.17777,1.17698,1.17703,2529,12,0
2025-07-24 06:00:00,1.17702,1.17724,1.17563,1.17563,3554,12,0
2025-07-24 07:00:00,1.17565,1.17691,1.17545,1.17609,4143,12,0
2025-07-24 08:00:00,1.17615,1.17676,1.17549,1.17576,3451,12,0
2025-07-24 09:00:00,1.17576,1.17587,1.1746,1.17518,2891,12,0
2025-07-24 10:00:00,1.17519,1.17542,1.17428,1.17484,2499,12,0
2025-07-24 11:00:00,1.17484,1.17558,1.1745,1.17554,2843,12,0
2025-07-24 12:00:00,1.17554,1.17581,1.17314,1.17354,4813,12,0
2025-07-24 13:00:00,1.17354,1.17763,1.17298,1.17708,6177,12,0
2025-07-24 14:00:00,1.17707,1.17881,1.17609,1.17656,4348,12,0
2025-07-24 15:00:00,1.17658,1.17778,1.17546,1.17641,4910,12,0
2025-07-24 16:00:00,1.17641,1.1772,1.17561,1.17621,3642,12,0
2025-07-24 17:00:00,1.17622,1.17777,1.17596,1.17691,2343,12,0
2025-07-24 18:00:00,1.17691,1.17703,1.17615,1.17653,2131,12,0
2025-07-24 19:00:00,1.17653,1.17696,1.17574,1.17575,2250,12,0
2025-07-24 20:00:00,1.17575,1.17594,1.17443,1.1749,1969,12,0
2025-07-24 21:00:00,1.17434,1.17481,1.1729,1.17446,715,34,0
2025-07-24 22:00:00,1.17445,1.17527,1.17433,1.17512,1124,12,0
2025-07-24 23:00:00,1.17514,1.17567,1.17491,1.17541,1178,12,0
2025-07-25 00:00:00,1.17541,1.17581,1.1748,1.17538,3067,12,0
2025-07-25 01:00:00,1.17538,1.17581,1.17384,1.17423,3019,12,0
2025-07-25 02:00:00,1.17423,1.17432,1.17334,1.17388,2014,12,0
2025-07-25 03:00:00,1.17386,1.17447,1.17363,1.17419,2091,12,0
2025-07-25 04:00:00,1.17419,1.17458,1.17335,1.17395,1986,12,0
2025-07-25 05:00:00,1.17394,1.17484,1.17364,1.17461,2693,12,0
2025-07-25 06:00:00,1.1746,1.17603,1.17412,1.17473,3933,12,0
2025-07-25 07:00:00,1.17474,1.17589,1.17473,1.17524,4423,12,0
2025-07-25 08:00:00,1.1752,1.17576,1.17411,1.17425,4446,12,0
2025-07-25 09:00:00,1.17424,1.17431,1.17323,1.17345,3366,12,0
2025-07-25 10:00:00,1.17345,1.17367,1.17241,1.17276,2567,12,0
2025-07-25 11:00:00,1.17276,1.17304,1.17107,1.17203,3632,12,0
2025-07-25 12:00:00,1.17204,1.17267,1.17109,1.17177,3827,12,0
2025-07-25 13:00:00,1.17179,1.17298,1.17024,1.17212,8597,12,0
2025-07-25 14:00:00,1.17212,1.17352,1.17211,1.17289,5430,12,0
2025-07-25 15:00:00,1.17289,1.1738,1.17215,1.17285,4026,12,0
2025-07-25 16:00:00,1.17285,1.17301,1.17196,1.17283,3398,12,0
2025-07-25 17:00:00,1.17283,1.17391,1.1728,1.17358,2018,12,0
2025-07-25 18:00:00,1.17358,1.17461,1.17351,1.17449,2370,12,0
2025-07-25 19:00:00,1.17449,1.17464,1.17406,1.17432,1605,12,0
2025-07-25 20:00:00,1.17433,1.17434,1.17355,1.17388,1499,12,0
2025-07-27 21:00:00,1.17511,1.17616,1.17488,1.17594,1064,34,0
2025-07-27 22:00:00,1.17591,1.17684,1.17507,1.17545,2393,12,0
2025-07-27 23:00:00,1.17547,1.17601,1.1753,1.17548,1765,12,0
2025-07-28 00:00:00,1.17548,1.17698,1.17541,1.17633,4140,12,0
2025-07-28 01:00:00,1.17634,1.17692,1.17467,1.17518,4111,12,0
2025-07-28 02:00:00,1.17518,1.17569,1.17456,1.17541,2531,12,0
2025-07-28 03:00:00,1.17541,1.17567,1.17504,1.1756,2177,12,0
2025-07-28 04:00:00,1.1756,1.17575,1.17451,1.17468,1872,12,0
2025-07-28 05:00:00,1.17468,1.1747,1.1739,1.17402,2135,12,0
2025-07-28 06:00:00,1.17402,1.1744,1.17105,1.17207,4866,12,0
2025-07-28 07:00:00,1.17207,1.17234,1.16699,1.16744,5886,12,0
2025-07-28 08:00:00,1.16745,1.16896,1.16704,1.16785,4999,12,0
2025-07-28 09:00:00,1.16785,1.16838,1.16577,1.16664,4139,12,0
2025-07-28 10:00:00,1.16664,1.16714,1.16545,1.16575,3788,12,0
2025-07-28 11:00:00,1.16575,1.1658,1.16432,1.16504,4808,12,0
2025-07-28 12:00:00,1.16504,1.16646,1.16475,1.16573,5886,12,0
2025-07-28 13:00:00,1.16573,1.16616,1.16252,1.16334,5368,12,0
2025-07-28 14:00:00,1.16327,1.16468,1.163,1.16367,3833,12,0
2025-07-28 15:00:00,1.16367,1.16387,1.16074,1.16083,3271,12,0
2025-07-28 16:00:00,1.16082,1.16102,1.15978,1.15985,2309,12,0
2025-07-28 17:00:00,1.1598,1.16008,1.15888,1.15916,2130,12,0
2025-07-28 18:00:00,1.15916,1.15942,1.15846,1.15942,2247,12,0
2025-07-28 19:00:00,1.15941,1.15955,1.15885,1.15909,1699,12,0
2025-07-28 20:00:00,1.15909,1.15936,1.15855,1.15856,1443,12,0
2025-07-28 21:00:00,1.15865,1.15898,1.15862,1.15896,475,34,0
2025-07-28 22:00:00,1.15896,1.15938,1.15871,1.15932,1092,12,0
2025-07-28 23:00:00,1.15933,1.15962,1.15884,1.15959,916,12,0
2025-07-29 00:00:00,1.15959,1.15971,1.15836,1.15844,2802,12,0
2025-07-29 01:00:00,1.15843,1.15977,1.15843,1.15904,3206,12,0
2025-07-29 02:00:00,1.15903,1.15987,1.15903,1.15963,2215,12,0
2025-07-29 03:00:00,1.15964,1.1598,1.15808,1.15823,2165,12,0
2025-07-29 04:00:00,1.15823,1.15879,1.15741,1.15877,2157,12,0
2025-07-29 05:00:00,1.1588,1.15896,1.15762,1.15783,2250,12,0
2025-07-29 06:00:00,1.15783,1.15853,1.15312,1.15331,5863,12,0
2025-07-29 07:00:00,1.15332,1.15543,1.15263,1.15543,6724,12,0
2025-07-29 08:00:00,1.1554,1.15689,1.15519,1.15687,4484,12,0
2025-07-29 09:00:00,1.15687,1.15844,1.15625,1.15762,4169,12,0
2025-07-29 10:00:00,1.15761,1.15876,1.15721,1.15734,3445,12,0
2025-07-29 11:00:00,1.15734,1.15743,1.15368,1.15396,4752,12,0
2025-07-29 12:00:00,1.15394,1.15416,1.15241,1.15242,4678,12,0
2025-07-29 13:00:00,1.15241,1.15464,1.15183,1.1545,5947,12,0
2025-07-29 14:00:00,1.15448,1.15515,1.1521,1.15223,8166,12,0
2025-07-29 15:00:00,1.15223,1.15405,1.15214,1.15327,4956,12,0
2025-07-29 16:00:00,1.15326,1.1549,1.15326,1.15408,3349,12,0
2025-07-29 17:00:00,1.15408,1.15599,1.15393,1.1541,3792,12,0
2025-07-29 18:00:00,1.15411,1.155,1.15369,1.15497,2473,12,0
2025-07-29 19:00:00,1.15497,1.1557,1.15484,1.15493,2165,12,0
2025-07-29 20:00:00,1.15493,1.15521,1.15434,1.15442,1262,12,0
2025-07-29 21:00:00,1.15444,1.15474,1.15439,1.15473,306,34,0
2025-07-29 22:00:00,1.1545,1.15501,1.1545,1.15489,854,12,0
2025-07-29 23:00:00,1.1549,1.15503,1.15461,1.15501,1056,12,0
2025-07-30 00:00:00,1.15501,1.15672,1.15499,1.15663,2884,12,0
2025-07-30 01:00:00,1.15664,1.15723,1.15598,1.15636,3604,12,0
2025-07-30 02:00:00,1.15636,1.1568,1.15598,1.15632,1976,12,0
2025-07-30 03:00:00,1.15632,1.15702,1.15575,1.15612,2343,12,0
2025-07-30 04:00:00,1.15612,1.15615,1.15497,1.15505,1917,12,0
2025-07-30 05:00:00,1.15504,1.15591,1.15477,1.15495,2719,12,0
2025-07-30 06:00:00,1.15496,1.15601,1.15395,1.15558,3896,12,0
2025-07-30 07:00:00,1.15559,1.15681,1.15506,1.15529,4007,12,0
2025-07-30 08:00:00,1.15529,1.15589,1.1548,1.15563,3511,12,0
2025-07-30 09:00:00,1.15562,1.156,1.15444,1.15511,3618,12,0
2025-07-30 10:00:00,1.15511,1.15545,1.15316,1.15389,3230,12,0
2025-07-30 11:00:00,1.15389,1.15401,1.15215,1.15307,3589,12,0
2025-07-30 12:00:00,1.15309,1.15342,1.14685,1.14725,7923,12,0
2025-07-30 13:00:00,1.14723,1.14803,1.14574,1.14687,6502,12,0
2025-07-30 14:00:00,1.14687,1.14816,1.14645,1.14799,3484,12,0
2025-07-30 15:00:00,1.14798,1.14846,1.1463,1.14681,2703,12,0
2025-07-30 16:00:00,1.14691,1.14735,1.14641,1.14732,2072,12,0
2025-07-30 17:00:00,1.14732,1.14813,1.14732,1.14783,2002,12,0
2025-07-30 18:00:00,1.14782,1.15028,1.14239,1.14239,5943,12,0
2025-07-30 19:00:00,1.1424,1.14354,1.14133,1.14234,3957,12,0
2025-07-30 20:00:00,1.14234,1.14288,1.13996,1.14015,2793,12,0
2025-07-30 21:00:00,1.14023,1.14084,1.13996,1.1403,1012,34,0
2025-07-30 22:00:00,1.1403,1.14238,1.14018,1.14222,1501,12,0
2025-07-30 23:00:00,1.14222,1.14299,1.14189,1.14277,1388,12,0
2025-07-31 00:00:00,1.14277,1.14367,1.14275,1.14337,3347,12,0
2025-07-31 01:00:00,1.14337,1.14375,1.14228,1.14302,3422,12,0
2025-07-31 02:00:00,1.14301,1.14313,1.14207,1.14287,3102,12,0
2025-07-31 03:00:00,1.14287,1.14338,1.14068,1.14227,3101,12,0
2025-07-31 04:00:00,1.14227,1.14359,1.14187,1.1435,2493,12,0
2025-07-31 05:00:00,1.14348,1.14425,1.14303,1.14361,2635,12,0
2025-07-31 06:00:00,1.14361,1.14604,1.14347,1.14578,4606,12,0
2025-07-31 07:00:00,1.14578,1.14578,1.14325,1.14485,4815,12,0
2025-07-31 08:00:00,1.14485,1.14544,1.14377,1.14495,4083,12,0
2025-07-31 09:00:00,1.145,1.14503,1.14319,1.14326,3066,12,0
2025-07-31 10:00:00,1.14326,1.14407,1.14201,1.14391,3469,12,0
2025-07-31 11:00:00,1.14391,1.14503,1.14354,1.14486,3993,12,0
2025-07-31 12:00:00,1.14486,1.14504,1.14242,1.1428,5876,12,0
2025-07-31 13:00:00,1.1428,1.14292,1.14055,1.14107,5080,12,0
2025-07-31 14:00:00,1.14107,1.14492,1.14069,1.14441,4174,12,0
2025-07-31 15:00:00,1.14439,1.14492,1.14276,1.14295,3605,12,0
2025-07-31 16:00:00,1.14295,1.14323,1.14209,1.1422,2912,12,0
2025-07-31 17:00:00,1.14221,1.1424,1.14144,1.1419,2174,12,0
2025-07-31 18:00:00,1.1419,1.14323,1.1415,1.1426,1694,12,0
2025-07-31 19:00:00,1.14257,1.14312,1.14116,1.14118,2139,12,0
2025-07-31 20:00:00,1.14122,1.14177,1.14088,1.14141,2036,12,0
2025-07-31 21:00:00,1.14121,1.14181,1.14085,1.14161,425,34,0
2025-07-31 22:00:00,1.14159,1.14225,1.14138,1.14172,1399,12,0
2025-07-31 23:00:00,1.14171,1.14256,1.14112,1.14213,2405,12,0
2025-08-01 00:00:00,1.14213,1.14284,1.14149,1.14237,3845,12,0
2025-08-01 01:00:00,1.14237,1.14281,1.14044,1.14067,4093,12,0
2025-08-01 02:00:00,1.14068,1.14144,1.14051,1.14107,3806,12,0
2025-08-01 03:00:00,1.14107,1.14217,1.14097,1.14175,2463,12,0
2025-08-01 04:00:00,1.14178,1.14209,1.14149,1.14186,1798,12,0
2025-08-01 05:00:00,1.14186,1.14342,1.14154,1.14302,2541,12,0
2025-08-01 06:00:00,1.14302,1.14373,1.14255,1.14286,3386,12,0
2025-08-01 07:00:00,1.14288,1.14334,1.1412,1.1418,4057,12,0
2025-08-01 08:00:00,1.1418,1.14199,1.14048,1.1406,3244,12,0
2025-08-01 09:00:00,1.14059,1.14121,1.13925,1.14003,3522,12,0
2025-08-01 10:00:00,1.14006,1.1417,1.14006,1.14115,3318,12,0
2025-08-01 11:00:00,1.14114,1.14219,1.14036,1.1404,3378,12,0
2025-08-01 12:00:00,1.1404,1.15579,1.1391,1.1545,4863,12,0
2025-08-01 13:00:00,1.15479,1.15825,1.15369,1.15596,3046,12,0
2025-08-01 14:00:00,1.15657,1.15875,1.15505,1.15556,2986,12,0
2025-08-01 15:00:00,1.15544,1.15646,1.15354,1.15538,2343,12,0
2025-08-01 16:00:00,1.1553,1.1564,1.15373,1.15387,1904,12,0
2025-08-01 17:00:00,1.15386,1.15386,1.15158,1.15261,3430,12,0
2025-08-01 18:00:00,1.15261,1.15474,1.15211,1.15251,4173,12,0
2025-08-01 19:00:00,1.15253,1.15817,1.1523,1.15685,5827,12,0
2025-08-01 20:00:00,1.15684,1.15965,1.15682,1.15843,2855,12,0
2025-08-03 21:00:00,1.15857,1.1594,1.15835,1.15864,897,34,0
2025-08-03 22:00:00,1.15864,1.15958,1.15778,1.15834,2944,12,0
2025-08-03 23:00:00,1.15834,1.15896,1.15775,1.15871,2348,12,0
2025-08-04 00:00:00,1.1587,1.15884,1.15552,1.15573,5097,12,0
2025-08-04 01:00:00,1.15573,1.15718,1.15496,1.15707,4804,12,0
2025-08-04 02:00:00,1.15707,1.15776,1.15668,1.15753,3340,12,0
2025-08-04 03:00:00,1.15752,1.15855,1.15752,1.15787,2844,12,0
2025-08-04 04:00:00,1.15786,1.15849,1.15737,1.15738,2516,12,0
2025-08-04 05:00:00,1.15738,1.15815,1.15665,1.15697,3144,12,0
2025-08-04 06:00:00,1.15697,1.15827,1.15627,1.15704,4805,12,0
2025-08-04 07:00:00,1.15711,1.15781,1.155,1.15632,5167,12,0
2025-08-04 08:00:00,1.15631,1.15648,1.15492,1.15575,4795,12,0
2025-08-04 09:00:00,1.15573,1.15769,1.15548,1.15638,4177,12,0
2025-08-04 10:00:00,1.15637,1.15767,1.15546,1.15733,3899,12,0
2025-08-04 11:00:00,1.15733,1.15858,1.1564,1.15663,4877,12,0
2025-08-04 12:00:00,1.15664,1.1588,1.15601,1.15746,5733,12,0
2025-08-04 13:00:00,1.15747,1.15879,1.15723,1.15747,6205,12,0
2025-08-04 14:00:00,1.15753,1.15868,1.15563,1.15634,7433,12,0
2025-08-04 15:00:00,1.15634,1.1576,1.15605,1.15665,5439,12,0
2025-08-04 16:00:00,1.15665,1.15747,1.15563,1.15715,3806,12,0
2025-08-04 17:00:00,1.15716,1.15735,1.15637,1.15723,3093,12,0
2025-08-04 18:00:00,1.15723,1.15771,1.15636,1.15647,3082,12,0
2025-08-04 19:00:00,1.15647,1.15721,1.15624,1.15676,2558,12,0
2025-08-04 20:00:00,1.15675,1.15756,1.15648,1.15721,1709,12,0
2025-08-04 21:00:00,1.15679,1.15696,1.15613,1.15681,427,34,0
2025-08-04 22:00:00,1.15679,1.15808,1.15679,1.15787,1420,12,0
2025-08-04 23:00:00,1.15791,1.15849,1.15772,1.15835,1425,12,0
2025-08-05 00:00:00,1.15837,1.15872,1.15701,1.15712,3164,12,0
2025-08-05 01:00:00,1.15713,1.15734,1.15588,1.15634,3619,12,0
2025-08-05 02:00:00,1.15633,1.15638,1.1555,1.15599,2959,12,0
2025-08-05 03:00:00,1.15599,1.15609,1.15535,1.1555,1920,12,0
2025-08-05 04:00:00,1.1555,1.15597,1.15534,1.15577,2021,12,0
2025-08-05 05:00:00,1.15576,1.15576,1.15434,1.15473,2853,12,0
2025-08-05 06:00:00,1.15473,1.15607,1.15422,1.15503,3414,12,0
2025-08-05 07:00:00,1.15502,1.15618,1.15326,1.15456,4310,12,0
2025-08-05 08:00:00,1.15455,1.15487,1.15307,1.15361,4515,12,0
2025-08-05 09:00:00,1.15363,1.15458,1.15295,1.15416,3425,12,0
2025-08-05 10:00:00,1.15415,1.15451,1.15334,1.15435,3099,12,0
2025-08-05 11:00:00,1.15436,1.15473,1.1527,1.15391,3808,12,0
2025-08-05 12:00:00,1.15389,1.1548,1.15295,1.15365,5703,12,0
2025-08-05 13:00:00,1.15366,1.15539,1.15316,1.15344,5281,12,0
2025-08-05 14:00:00,1.15331,1.15655,1.15327,1.15645,8775,12,0
2025-08-05 15:00:00,1.15646,1.15841,1.15623,1.1579,3458,12,0
2025-08-05 16:00:00,1.1579,1.15854,1.15766,1.15821,2456,12,0
2025-08-05 17:00:00,1.15821,1.15826,1.15748,1.15776,1950,12,0
2025-08-05 18:00:00,1.15776,1.1579,1.15698,1.15729,1970,12,0
2025-08-05 19:00:00,1.15729,1.15742,1.15658,1.1572,1853,12,0
2025-08-05 20:00:00,1.15721,1.15766,1.15708,1.15748,1333,12,0
2025-08-05 21:00:00,1.15705,1.1575,1.15702,1.15725,353,34,0
2025-08-05 22:00:00,1.15726,1.15773,1.15701,1.15755,1177,12,0
2025-08-05 23:00:00,1.15755,1.15807,1.15723,1.15779,1106,12,0
2025-08-06 00:00:00,1.1578,1.15847,1.15719,1.1573,2882,12,0
2025-08-06 01:00:00,1.15729,1.15731,1.15642,1.15662,2868,12,0
2025-08-06 02:00:00,1.15662,1.15711,1.15634,1.15688,2451,12,0
2025-08-06 03:00:00,1.15689,1.15814,1.15686,1.15797,2225,12,0
2025-08-06 04:00:00,1.15797,1.15856,1.15768,1.15822,2071,12,0
2025-08-06 05:00:00,1.15819,1.15829,1.15739,1.15781,2548,12,0
2025-08-06 06:00:00,1.1578,1.15876,1.15759,1.1578,3398,12,0
2025-08-06 07:00:00,1.1578,1.15816,1.15706,1.15805,3786,12,0
2025-08-06 08:00:00,1.15807,1.1583,1.15697,1.15744,3727,12,0
2025-08-06 09:00:00,1.15744,1.15873,1.15735,1.15844,2975,12,0
2025-08-06 10:00:00,1.15843,1.16101,1.15836,1.16064,4091,12,0
2025-08-06 11:00:00,1.16064,1.16145,1.15971,1.16035,3399,12,0
2025-08-06 12:00:00,1.16035,1.16281,1.15997,1.1623,4260,12,0
2025-08-06 13:00:00,1.1623,1.16353,1.16166,1.16352,5028,12,0
2025-08-06 14:00:00,1.16355,1.16369,1.16217,1.16268,3731,12,0
2025-08-06 15:00:00,1.16265,1.16463,1.16221,1.16457,3791,12,0
2025-08-06 16:00:00,1.16456,1.16477,1.16301,1.16342,3037,12,0
2025-08-06 17:00:00,1.16342,1.16545,1.16326,1.16484,2537,12,0
2025-08-06 18:00:00,1.16489,1.16681,1.16474,1.1662,2183,12,0
2025-08-06 19:00:00,1.1662,1.16633,1.1652,1.16558,1524,12,0
2025-08-06 20:00:00,1.1656,1.16586,1.16499,1.16579,1671,12,0
2025-08-06 21:00:00,1.16534,1.16581,1.16491,1.16563,691,34,0
2025-08-06 22:00:00,1.16563,1.16655,1.16556,1.16632,1435,12,0
2025-08-06 23:00:00,1.16632,1.16636,1.16586,1.16626,1256,12,0
2025-08-07 00:00:00,1.16625,1.16632,1.16501,1.16518,2931,12,0
2025-08-07 01:00:00,1.16519,1.16622,1.16488,1.16571,3128,12,0
2025-08-07 02:00:00,1.16571,1.16645,1.16553,1.1657,2356,12,0
2025-08-07 03:00:00,1.1657,1.16649,1.16525,1.16641,2145,12,0
2025-08-07 04:00:00,1.16641,1.16758,1.16624,1.16708,2133,12,0
2025-08-07 05:00:00,1.16708,1.16759,1.16678,1.16746,2533,12,0
2025-08-07 06:00:00,1.16746,1.16792,1.16674,1.16756,3443,12,0
2025-08-07 07:00:00,1.16755,1.16906,1.16726,1.1689,4241,12,0
2025-08-07 08:00:00,1.1689,1.16984,1.1675,1.16822,5040,12,0
2025-08-07 09:00:00,1.16827,1.16843,1.16697,1.167,3372,12,0
2025-08-07 10:00:00,1.167,1.16712,1.16608,1.16697,3626,12,0
2025-08-07 11:00:00,1.16698,1.1676,1.16335,1.1644,6461,12,0
2025-08-07 12:00:00,1.16441,1.16619,1.16368,1.16505,6201,12,0
2025-08-07 13:00:00,1.16505,1.16581,1.16372,1.16421,6670,12,0
2025-08-07 14:00:00,1.16421,1.16492,1.16136,1.16238,7311,12,0
2025-08-07 15:00:00,1.16238,1.16414,1.16103,1.16396,3287,12,0
2025-08-07 16:00:00,1.16394,1.1644,1.16345,1.16376,2191,12,0
2025-08-07 17:00:00,1.16376,1.1639,1.16315,1.16324,2269,12,0
2025-08-07 18:00:00,1.16326,1.16366,1.16208,1.16214,1949,12,0
2025-08-07 19:00:00,1.16215,1.1656,1.16186,1.16539,2814,12,0
2025-08-07 20:00:00,1.16541,1.16706,1.1654,1.16655,1775,12,0
2025-08-07 21:00:00,1.16599,1.16675,1.16564,1.16636,769,34,0
2025-08-07 22:00:00,1.16636,1.16741,1.16634,1.16718,1636,12,0
2025-08-07 23:00:00,1.16721,1.16777,1.16693,1.16764,1759,12,0
2025-08-08 00:00:00,1.16771,1.16789,1.16665,1.16719,3391,12,0
2025-08-08 01:00:00,1.16719,1.16731,1.16545,1.16566,3491,12,0
2025-08-08 02:00:00,1.16566,1.16646,1.16566,1.16603,2220,12,0
2025-08-08 03:00:00,1.16603,1.16605,1.16543,1.16592,2158,12,0
2025-08-08 04:00:00,1.16592,1.16628,1.16568,1.16577,1884,12,0
2025-08-08 05:00:00,1.16574,1.16593,1.16383,1.16405,2951,12,0
2025-08-08 06:00:00,1.16406,1.16523,1.16402,1.16495,3219,12,0
2025-08-08 07:00:00,1.16496,1.16639,1.16481,1.16584,4251,12,0
2025-08-08 08:00:00,1.16586,1.16624,1.16339,1.16366,4303,12,0
2025-08-08 09:00:00,1.16365,1.16434,1.16294,1.16411,4593,12,0
2025-08-08 10:00:00,1.16411,1.16469,1.16281,1.16352,3578,12,0
2025-08-08 11:00:00,1.16351,1.16488,1.16345,1.16432,3446,12,0
2025-08-08 12:00:00,1.16432,1.16536,1.16371,1.16412,4655,12,0
2025-08-08 13:00:00,1.16412,1.16545,1.16407,1.16481,4590,12,0
2025-08-08 14:00:00,1.16476,1.16624,1.16459,1.16555,3586,12,0
2025-08-08 15:00:00,1.1655,1.1667,1.16536,1.16591,2704,12,0
2025-08-08 16:00:00,1.16593,1.16624,1.16489,1.1656,2386,12,0
2025-08-08 17:00:00,1.1656,1.16661,1.16529,1.16585,1911,12,0
2025-08-08 18:00:00,1.16579,1.16623,1.16471,1.16553,2406,12,0
2025-08-08 19:00:00,1.16552,1.16555,1.16357,1.16418,2171,12,0
2025-08-08 20:00:00,1.16418,1.1643,1.16375,1.16399,1061,12,0
2025-08-10 21:00:00,1.16432,1.16474,1.16402,1.16425,397,43,0
2025-08-10 22:00:00,1.16426,1.16503,1.1641,1.16463,1455,12,0
2025-08-10 23:00:00,1.16463,1.16502,1.16439,1.1647,1256,12,0
2025-08-11 00:00:00,1.1647,1.1648,1.16412,1.1647,2732,12,0
2025-08-11 01:00:00,1.16468,1.16584,1.16449,1.16581,2745,12,0
2025-08-11 02:00:00,1.16582,1.16679,1.16582,1.16653,2028,12,0
2025-08-11 03:00:00,1.16655,1.16751,1.16641,1.16706,2108,12,0
2025-08-11 04:00:00,1.16706,1.1675,1.16701,1.16715,1659,12,0
2025-08-11 05:00:00,1.16715,1.1672,1.16666,1.16688,2380,12,0
2025-08-11 06:00:00,1.16688,1.16732,1.16626,1.16638,2904,12,0
2025-08-11 07:00:00,1.16638,1.16654,1.16453,1.16465,3672,12,0
2025-08-11 08:00:00,1.16465,1.16598,1.16435,1.16548,3181,12,0
2025-08-11 09:00:00,1.16547,1.16575,1.16376,1.16408,3006,12,0
2025-08-11 10:00:00,1.16408,1.16473,1.16399,1.16464,2473,12,0
2025-08-11 11:00:00,1.16464,1.16465,1.16225,1.16282,3555,12,0
2025-08-11 12:00:00,1.16283,1.16307,1.16134,1.16197,4089,12,0
2025-08-11 13:00:00,1.16197,1.16271,1.16154,1.16189,4196,12,0
2025-08-11 14:00:00,1.16189,1.16198,1.15897,1.15953,5144,12,0
2025-08-11 15:00:00,1.15953,1.16065,1.15893,1.16059,3958,12,0
2025-08-11 16:00:00,1.16059,1.16114,1.16012,1.16069,2781,12,0
2025-08-11 17:00:00,1.16069,1.16119,1.1598,1.16104,2206,12,0
2025-08-11 18:00:00,1.16104,1.16137,1.16065,1.16116,2224,12,0
2025-08-11 19:00:00,1.16116,1.16122,1.16015,1.16044,1889,12,0
2025-08-11 20:00:00,1.16043,1.16187,1.16036,1.16164,1391,12,0
2025-08-11 21:00:00,1.16079,1.16144,1.16067,1.16132,725,34,0
2025-08-11 22:00:00,1.16133,1.16175,1.16096,1.16123,1150,12,0
2025-08-11 23:00:00,1.16128,1.1617,1.16117,1.16158,1053,12,0
2025-08-12 00:00:00,1.16158,1.16192,1.16112,1.16147,3509,12,0
2025-08-12 01:00:00,1.16146,1.16249,1.16137,1.16186,3228,12,0
2025-08-12 02:00:00,1.16186,1.16252,1.16168,1.16222,2412,12,0
2025-08-12 03:00:00,1.16221,1.16239,1.16176,1.16199,2490,12,0
2025-08-12 04:00:00,1.16197,1.16272,1.16149,1.1627,2537,12,0
2025-08-12 05:00:00,1.16271,1.16285,1.16125,1.16132,3718,12,0
2025-08-12 06:00:00,1.16132,1.1618,1.16075,1.16086,4277,12,0
2025-08-12 07:00:00,1.16086,1.16233,1.16073,1.16197,4370,12,0
2025-08-12 08:00:00,1.16199,1.16218,1.16111,1.16144,3399,12,0
2025-08-12 09:00:00,1.16143,1.16176,1.15996,1.1606,3238,12,0
2025-08-12 10:00:00,1.16057,1.16126,1.1605,1.16097,2742,12,0
2025-08-12 11:00:00,1.16097,1.16105,1.1598,1.16048,3283,12,0
2025-08-12 12:00:00,1.16048,1.16552,1.15991,1.16416,6779,12,0
2025-08-12 13:00:00,1.16416,1.16668,1.16169,1.16517,2821,12,0
2025-08-12 14:00:00,1.16518,1.16621,1.16412,1.16575,2402,12,0
2025-08-12 15:00:00,1.16574,1.16966,1.16557,1.16716,2234,12,0
2025-08-12 16:00:00,1.16717,1.16854,1.16652,1.16789,1937,12,0
2025-08-12 17:00:00,1.16791,1.16798,1.16709,1.16724,1509,12,0
2025-08-12 18:00:00,1.16728,1.16781,1.16639,1.16681,1418,12,0
2025-08-12 19:00:00,1.16682,1.16751,1.16638,1.16743,1257,12,0
2025-08-12 20:00:00,1.16741,1.16761,1.16708,1.16726,906,12,0
2025-08-12 21:00:00,1.16687,1.16732,1.16655,1.16714,457,34,0
2025-08-12 22:00:00,1.16712,1.16769,1.16712,1.16762,882,12,0
2025-08-12 23:00:00,1.16762,1.16788,1.16746,1.1677,947,12,0
2025-08-13 00:00:00,1.1677,1.168,1.16701,1.16793,2426,12,0
2025-08-13 01:00:00,1.16793,1.16858,1.16751,1.16764,3195,12,0
2025-08-13 02:00:00,1.16764,1.16853,1.16697,1.16812,2291,12,0
2025-08-13 03:00:00,1.16812,1.16869,1.16787,1.16832,2183,12,0
2025-08-13 04:00:00,1.1683,1.16856,1.16808,1.16836,1838,12,0
2025-08-13 05:00:00,1.16837,1.16848,1.16758,1.16785,2399,12,0
2025-08-13 06:00:00,1.16786,1.16965,1.16783,1.16916,4070,12,0
2025-08-13 07:00:00,1.16916,1.17123,1.16913,1.17076,4620,12,0
2025-08-13 08:00:00,1.17074,1.172,1.17063,1.17133,4296,12,0
2025-08-13 09:00:00,1.17134,1.17296,1.17133,1.17286,3242,12,0
2025-08-13 10:00:00,1.17287,1.17296,1.17156,1.17159,3147,12,0
2025-08-13 11:00:00,1.17159,1.17186,1.17073,1.17185,3059,12,0
2025-08-13 12:00:00,1.17185,1.17211,1.16966,1.16984,3798,12,0
2025-08-13 13:00:00,1.16985,1.17065,1.16923,1.17046,4488,12,0
2025-08-13 14:00:00,1.17042,1.1723,1.17023,1.17194,3626,12,0
2025-08-13 15:00:00,1.17194,1.1722,1.17076,1.17131,2971,12,0
2025-08-13 16:00:00,1.17131,1.17144,1.17059,1.17061,2102,12,0
2025-08-13 17:00:00,1.17061,1.17103,1.17022,1.17034,1807,12,0
2025-08-13 18:00:00,1.17035,1.17039,1.16953,1.17,1596,12,0
2025-08-13 19:00:00,1.16999,1.17036,1.16967,1.16988,1355,12,0
2025-08-13 20:00:00,1.16988,1.17061,1.16988,1.17038,962,12,0
2025-08-13 21:00:00,1.17018,1.17049,1.16953,1.1704,577,34,0
2025-08-13 22:00:00,1.1704,1.17076,1.17033,1.17076,972,12,0
2025-08-13 23:00:00,1.17076,1.17119,1.17068,1.17117,955,12,0
2025-08-14 00:00:00,1.17117,1.17142,1.17083,1.17106,2919,12,0
2025-08-14 01:00:00,1.17106,1.17146,1.17084,1.17125,2953,12,0
2025-08-14 02:00:00,1.17125,1.17125,1.16984,1.17042,2614,12,0
2025-08-14 03:00:00,1.17042,1.17047,1.16986,1.17031,1938,12,0
2025-08-14 04:00:00,1.1703,1.17062,1.17007,1.17032,1680,12,0
2025-08-14 05:00:00,1.17033,1.17033,1.16962,1.17007,2295,12,0
2025-08-14 06:00:00,1.17006,1.17059,1.16843,1.16844,4331,12,0
2025-08-14 07:00:00,1.16845,1.16923,1.16772,1.1679,4908,12,0
2025-08-14 08:00:00,1.16791,1.16847,1.16672,1.16679,3690,12,0
2025-08-14 09:00:00,1.16679,1.16864,1.16679,1.16813,3609,12,0
2025-08-14 10:00:00,1.16812,1.16968,1.16806,1.16949,3759,12,0
2025-08-14 11:00:00,1.16949,1.1696,1.1682,1.16872,3068,12,0
2025-08-14 12:00:00,1.16878,1.1692,1.16485,1.16633,6129,12,0
2025-08-14 13:00:00,1.16634,1.1671,1.16486,1.16498,4214,12,0
2025-08-14 14:00:00,1.16497,1.1666,1.1637,1.16604,3666,12,0
2025-08-14 15:00:00,1.16604,1.16616,1.16369,1.16425,3361,12,0
2025-08-14 16:00:00,1.16426,1.16449,1.16303,1.16339,2731,12,0
2025-08-14 17:00:00,1.16343,1.1643,1.16307,1.16362,2002,12,0
2025-08-14 18:00:00,1.16363,1.16419,1.16323,1.1641,1819,12,0
2025-08-14 19:00:00,1.1641,1.16499,1.16409,1.16476,1561,12,0
2025-08-14 20:00:00,1.16477,1.16497,1.16439,1.1648,1069,12,0
2025-08-14 21:00:00,1.16454,1.16497,1.16444,1.16491,295,34,0
2025-08-14 22:00:00,1.16481,1.16526,1.16472,1.16494,816,12,0
2025-08-14 23:00:00,1.16496,1.16523,1.16453,1.16498,770,12,0
2025-08-15 00:00:00,1.16499,1.16527,1.16463,1.16517,1742,12,0
2025-08-15 01:00:00,1.16522,1.16574,1.16477,1.16524,1731,12,0
2025-08-15 02:00:00,1.16524,1.16571,1.16488,1.16562,1626,12,0
2025-08-15 03:00:00,1.16562,1.16642,1.16559,1.16595,1432,12,0
2025-08-15 04:00:00,1.16595,1.16632,1.16583,1.16622,1150,12,0
2025-08-15 05:00:00,1.16617,1.16706,1.16607,1.16704,1280,12,0
2025-08-15 06:00:00,1.16704,1.16742,1.16644,1.16713,2170,12,0
2025-08-15 07:00:00,1.16712,1.16837,1.16712,1.16823,3342,12,0
2025-08-15 08:00:00,1.16822,1.16848,1.1676,1.16816,3226,12,0
2025-08-15 09:00:00,1.16816,1.16891,1.16794,1.16871,2820,12,0
2025-08-15 10:00:00,1.16871,1.16909,1.168,1.16852,2224,12,0
2025-08-15 11:00:00,1.16852,1.16913,1.1681,1.16872,2306,12,0
2025-08-15 12:00:00,1.16868,1.16995,1.16725,1.16935,4157,12,0
2025-08-15 13:00:00,1.16947,1.17075,1.1681,1.17027,3569,12,0
2025-08-15 14:00:00,1.17017,1.17146,1.16991,1.17112,3559,12,0
2025-08-15 15:00:00,1.17112,1.17144,1.17026,1.17064,2575,12,0
2025-08-15 16:00:00,1.17063,1.17076,1.16989,1.17032,2081,12,0
2025-08-15 17:00:00,1.17032,1.17054,1.16986,1.17039,1751,12,0
2025-08-15 18:00:00,1.17039,1.17061,1.16981,1.17018,1569,12,0
2025-08-15 19:00:00,1.17018,1.17029,1.16993,1.17004,1302,12,0
2025-08-15 20:00:00,1.17004,1.17075,1.16995,1.1702,878,12,0
2025-08-17 21:00:00,1.1706,1.17133,1.17049,1.17121,394,34,0
2025-08-17 22:00:00,1.17119,1.17138,1.17085,1.1713,1334,12,0
2025-08-17 23:00:00,1.17135,1.17139,1.17028,1.17056,1433,12,0
2025-08-18 00:00:00,1.17056,1.171,1.16993,1.17013,3103,12,0
2025-08-18 01:00:00,1.17011,1.17042,1.16928,1.17026,3067,12,0
2025-08-18 02:00:00,1.17027,1.17049,1.16966,1.17007,2012,12,0
2025-08-18 03:00:00,1.17006,1.17043,1.16989,1.17032,2023,12,0
2025-08-18 04:00:00,1.17032,1.17098,1.1702,1.1708,2033,12,0
2025-08-18 05:00:00,1.1708,1.17086,1.17006,1.17055,1928,12,0
2025-08-18 06:00:00,1.1705,1.17074,1.16929,1.16959,3003,12,0
2025-08-18 07:00:00,1.16961,1.17029,1.16797,1.16809,3905,12,0
2025-08-18 08:00:00,1.16809,1.16869,1.16704,1.16814,3816,12,0
2025-08-18 09:00:00,1.16814,1.16854,1.16725,1.16799,3183,12,0
2025-08-18 10:00:00,1.16792,1.16825,1.16769,1.16803,2654,12,0
2025-08-18 11:00:00,1.16804,1.1688,1.1671,1.16744,2599,12,0
2025-08-18 12:00:00,1.16744,1.16786,1.16655,1.16758,3570,12,0
2025-08-18 13:00:00,1.16757,1.16772,1.16691,1.16771,3711,12,0
2025-08-18 14:00:00,1.16771,1.1684,1.16597,1.16637,4659,12,0
2025-08-18 15:00:00,1.16636,1.16741,1.16602,1.16666,3347,12,0
2025-08-18 16:00:00,1.16665,1.16669,1.16554,1.16572,2964,12,0
2025-08-18 17:00:00,1.16572,1.1666,1.16561,1.16622,2322,12,0
2025-08-18 18:00:00,1.16622,1.16674,1.16579,1.16596,1986,12,0
2025-08-18 19:00:00,1.16597,1.16698,1.16593,1.16665,1658,12,0
2025-08-18 20:00:00,1.16665,1.16688,1.16595,1.16606,1430,12,0
2025-08-18 21:00:00,1.16553,1.16601,1.16553,1.16594,254,34,0
2025-08-18 22:00:00,1.16594,1.16746,1.16587,1.1669,1233,12,0
2025-08-18 23:00:00,1.1669,1.16691,1.16614,1.16674,1173,12,0
2025-08-19 00:00:00,1.16674,1.16697,1.16551,1.16578,2598,12,0
2025-08-19 01:00:00,1.16576,1.16617,1.16383,1.1649,3727,12,0
2025-08-19 02:00:00,1.16487,1.16554,1.16465,1.16519,2627,12,0
2025-08-19 03:00:00,1.16524,1.16584,1.16497,1.16544,2569,12,0
2025-08-19 04:00:00,1.16544,1.16613,1.16527,1.16602,2098,12,0
2025-08-19 05:00:00,1.166,1.16653,1.16534,1.16549,2883,12,0
2025-08-19 06:00:00,1.16549,1.16742,1.16504,1.16739,3287,12,0
2025-08-19 07:00:00,1.1674,1.16839,1.1673,1.16831,3712,12,0
2025-08-19 08:00:00,1.16831,1.16838,1.1671,1.16743,3274,12,0
2025-08-19 09:00:00,1.16744,1.16817,1.16721,1.16796,2832,12,0
2025-08-19 10:00:00,1.16796,1.16916,1.16784,1.16882,2556,12,0
2025-08-19 11:00:00,1.16882,1.16924,1.16794,1.16852,2425,12,0
2025-08-19 12:00:00,1.16852,1.16875,1.16725,1.16749,3849,12,0
2025-08-19 13:00:00,1.16748,1.16778,1.16675,1.16758,4013,12,0
2025-08-19 14:00:00,1.16756,1.16769,1.16635,1.16716,3112,12,0
2025-08-19 15:00:00,1.16717,1.16749,1.16569,1.16579,2811,12,0
2025-08-19 16:00:00,1.16583,1.16625,1.16537,1.16556,2494,12,0
2025-08-19 17:00:00,1.16556,1.16603,1.16525,1.16542,1864,12,0
2025-08-19 18:00:00,1.16542,1.16542,1.16417,1.16468,1841,12,0
2025-08-19 19:00:00,1.16468,1.16477,1.1642,1.16458,1533,12,0
2025-08-19 20:00:00,1.16457,1.16474,1.16439,1.16459,1100,12,0
2025-08-19 21:00:00,1.16409,1.16478,1.16403,1.16436,923,51,0
2025-08-19 22:00:00,1.16436,1.16486,1.16427,1.16479,1227,12,0
2025-08-19 23:00:00,1.16478,1.16481,1.16403,1.16409,1090,12,0
2025-08-20 00:00:00,1.16409,1.1642,1.16307,1.16382,2803,12,0
2025-08-20 01:00:00,1.16382,1.16417,1.16264,1.1627,3326,12,0
2025-08-20 02:00:00,1.16269,1.1629,1.16214,1.16259,3368,12,0
2025-08-20 03:00:00,1.16259,1.16359,1.16259,1.16323,2488,12,0
2025-08-20 04:00:00,1.1632,1.16376,1.16317,1.16338,1797,12,0
2025-08-20 05:00:00,1.16337,1.16397,1.16314,1.16387,1981,12,0
2025-08-20 06:00:00,1.16387,1.16417,1.16226,1.1633,4163,12,0
2025-08-20 07:00:00,1.16329,1.16462,1.16329,1.16444,3830,12,0
2025-08-20 08:00:00,1.16443,1.16459,1.1631,1.16373,3398,12,0
2025-08-20 09:00:00,1.16373,1.16455,1.16344,1.16442,2476,12,0
2025-08-20 10:00:00,1.16443,1.16569,1.16429,1.16463,2745,12,0
2025-08-20 11:00:00,1.16464,1.16493,1.16396,1.16414,2525,12,0
2025-08-20 12:00:00,1.16417,1.16731,1.16417,1.16704,4637,12,0
2025-08-20 13:00:00,1.16704,1.16713,1.16555,1.16583,3680,12,0
2025-08-20 14:00:00,1.16583,1.16685,1.16477,1.16625,3047,12,0
2025-08-20 15:00:00,1.16625,1.16627,1.16456,1.16476,2269,12,0
2025-08-20 16:00:00,1.16476,1.16613,1.16472,1.16592,1925,12,0
2025-08-20 17:00:00,1.16589,1.16718,1.16585,1.16709,1688,12,0
2025-08-20 18:00:00,1.16704,1.16704,1.16541,1.16542,1905,12,0
2025-08-20 19:00:00,1.16542,1.16579,1.16518,1.16522,1334,12,0
2025-08-20 20:00:00,1.16522,1.16524,1.16462,1.165,1069,12,0
2025-08-20 21:00:00,1.16494,1.16516,1.1646,1.16482,639,34,0
2025-08-20 22:00:00,1.16492,1.16544,1.16481,1.16521,953,12,0
2025-08-20 23:00:00,1.16519,1.16531,1.16475,1.16504,1240,12,0
2025-08-21 00:00:00,1.16502,1.1651,1.16405,1.16462,3325,12,0
2025-08-21 01:00:00,1.16463,1.165,1.16407,1.16452,3406,12,0
2025-08-21 02:00:00,1.16453,1.16491,1.16428,1.16462,2932,12,0
2025-08-21 03:00:00,1.1646,1.16483,1.16409,1.16455,2092,12,0
2025-08-21 04:00:00,1.16456,1.16477,1.16422,1.16449,1712,12,0
2025-08-21 05:00:00,1.1645,1.16489,1.1641,1.16488,2262,12,0
2025-08-21 06:00:00,1.16488,1.16492,1.16253,1.16294,3408,12,0
2025-08-21 07:00:00,1.16293,1.16606,1.16243,1.16582,4153,12,0
2025-08-21 08:00:00,1.16576,1.16589,1.16495,1.16543,3349,12,0
2025-08-21 09:00:00,1.16544,1.16623,1.1653,1.16541,3061,12,0
2025-08-21 10:00:00,1.16541,1.16561,1.16476,1.16487,2865,12,0
2025-08-21 11:00:00,1.16487,1.16568,1.1639,1.164,3388,12,0
2025-08-21 12:00:00,1.16403,1.16558,1.16361,1.1646,4731,12,0
2025-08-21 13:00:00,1.1646,1.16495,1.16151,1.16206,4772,12,0
2025-08-21 14:00:00,1.16206,1.1629,1.16053,1.16152,4330,12,0
2025-08-21 15:00:00,1.16152,1.16254,1.16005,1.16038,4112,12,0
2025-08-21 16:00:00,1.16036,1.16113,1.16008,1.16107,2379,12,0
2025-08-21 17:00:00,1.16108,1.16182,1.16108,1.16145,2043,12,0
2025-08-21 18:00:00,1.16145,1.16164,1.16061,1.16092,1834,12,0
2025-08-21 19:00:00,1.16093,1.16094,1.16031,1.16044,1360,12,0
2025-08-21 20:00:00,1.16044,1.16078,1.16029,1.16051,1036,12,0
2025-08-21 21:00:00,1.1601,1.16083,1.1601,1.16032,1354,34,0
2025-08-21 22:00:00,1.16036,1.16131,1.16033,1.16127,919,12,0
2025-08-21 23:00:00,1.16127,1.16142,1.16086,1.16119,1000,12,0
2025-08-22 00:00:00,1.16119,1.16161,1.16098,1.16143,2170,12,0
2025-08-22 01:00:00,1.16143,1.16153,1.16034,1.16075,2647,12,0
2025-08-22 02:00:00,1.16075,1.16137,1.16042,1.16081,2212,12,0
2025-08-22 03:00:00,1.16081,1.16084,1.1588,1.15892,2542,12,0
2025-08-22 04:00:00,1.15892,1.15936,1.15824,1.1584,2076,12,0
2025-08-22 05:00:00,1.1584,1.15885,1.15827,1.15861,1960,12,0
2025-08-22 06:00:00,1.1586,1.15948,1.15828,1.15881,3103,12,0
2025-08-22 07:00:00,1.15883,1.15984,1.15879,1.15939,2825,12,0
2025-08-22 08:00:00,1.15939,1.15991,1.15904,1.15988,2581,12,0
2025-08-22 09:00:00,1.15988,1.16019,1.15947,1.15958,2440,12,0
2025-08-22 10:00:00,1.15959,1.15995,1.15928,1.15954,2112,12,0
2025-08-22 11:00:00,1.15955,1.16058,1.15942,1.16039,2970,12,0
2025-08-22 12:00:00,1.16039,1.16132,1.16039,1.16083,2994,12,0
2025-08-22 13:00:00,1.16084,1.16186,1.15968,1.15992,3044,12,0
2025-08-22 14:00:00,1.1603,1.17194,1.1603,1.17179,3486,12,0
2025-08-22 15:00:00,1.17177,1.17317,1.17117,1.17117,2410,12,0
2025-08-22 16:00:00,1.17115,1.17253,1.17115,1.17217,2004,12,0
2025-08-22 17:00:00,1.17214,1.1742,1.17214,1.17364,1741,12,0
2025-08-22 18:00:00,1.17356,1.17388,1.17205,1.17207,1304,12,0
2025-08-22 19:00:00,1.17211,1.17215,1.17142,1.17195,1131,12,0
2025-08-22 20:00:00,1.17195,1.1726,1.17173,1.17212,705,12,0
2025-08-24 21:00:00,1.1718,1.17252,1.1716,1.17211,381,38,0
2025-08-24 22:00:00,1.17211,1.17229,1.17101,1.17121,1409,12,0
2025-08-24 23:00:00,1.17121,1.17139,1.17067,1.17076,1444,12,0
2025-08-25 00:00:00,1.17076,1.17076,1.16948,1.16973,2432,12,0
2025-08-25 01:00:00,1.16973,1.17031,1.16928,1.16956,2655,12,0
2025-08-25 02:00:00,1.16955,1.16996,1.16932,1.16963,1726,12,0
2025-08-25 03:00:00,1.16963,1.17071,1.16963,1.17062,1592,12,0
2025-08-25 04:00:00,1.17062,1.17073,1.17028,1.17054,1478,12,0
2025-08-25 05:00:00,1.17054,1.17054,1.16976,1.16999,1477,12,0
2025-08-25 06:00:00,1.16999,1.17199,1.16999,1.17139,2932,12,0
2025-08-25 07:00:00,1.1714,1.17174,1.16935,1.1697,3056,12,0
2025-08-25 08:00:00,1.16956,1.17102,1.16954,1.17036,2592,12,0
2025-08-25 09:00:00,1.17036,1.17041,1.16894,1.16928,2151,12,0
2025-08-25 10:00:00,1.16928,1.16968,1.16845,1.16872,2350,12,0
2025-08-25 11:00:00,1.16872,1.17025,1.1687,1.17022,2560,12,0
2025-08-25 12:00:00,1.17023,1.17031,1.16933,1.16993,2758,12,0
2025-08-25 13:00:00,1.16992,1.17084,1.16942,1.17024,2994,12,0
2025-08-25 14:00:00,1.17025,1.17051,1.16883,1.16894,2985,12,0
2025-08-25 15:00:00,1.16895,1.1691,1.16649,1.16687,3186,12,0
2025-08-25 16:00:00,1.16687,1.16689,1.16507,1.16544,2483,12,0
2025-08-25 17:00:00,1.16544,1.16554,1.16405,1.16463,2215,12,0
2025-08-25 18:00:00,1.16463,1.16479,1.16182,1.16198,2219,12,0
2025-08-25 19:00:00,1.162,1.16207,1.16021,1.16088,2171,12,0
2025-08-25 20:00:00,1.16089,1.16246,1.16088,1.16205,1468,12,0
2025-08-25 21:00:00,1.16146,1.16188,1.16117,1.16186,778,34,0
2025-08-25 22:00:00,1.16181,1.1622,1.16167,1.162,1208,12,0
2025-08-25 23:00:00,1.162,1.16209,1.16117,1.16138,1090,12,0
2025-08-26 00:00:00,1.16138,1.16595,1.16094,1.16473,8070,12,0
2025-08-26 01:00:00,1.1647,1.16496,1.16343,1.16413,4143,12,0
2025-08-26 02:00:00,1.16412,1.16467,1.16317,1.16361,3146,12,0
2025-08-26 03:00:00,1.16361,1.16362,1.16231,1.16252,2364,12,0
2025-08-26 04:00:00,1.16252,1.16317,1.16231,1.16313,2211,12,0
2025-08-26 05:00:00,1.16313,1.1644,1.16289,1.16405,2675,12,0
2025-08-26 06:00:00,1.16404,1.16405,1.16129,1.16216,4759,12,0
2025-08-26 07:00:00,1.16216,1.16281,1.16016,1.16212,5602,12,0
2025-08-26 08:00:00,1.16212,1.16245,1.16052,1.16174,4363,12,0
2025-08-26 09:00:00,1.16173,1.16431,1.1617,1.1642,3471,12,0
2025-08-26 10:00:00,1.1642,1.16469,1.16365,1.16443,2790,12,0
2025-08-26 11:00:00,1.16443,1.166,1.16407,1.16533,3397,12,0
2025-08-26 12:00:00,1.16533,1.16593,1.16442,1.16458,4432,12,0
2025-08-26 13:00:00,1.16455,1.1656,1.16365,1.16508,4988,12,0
2025-08-26 14:00:00,1.16511,1.16648,1.16428,1.16542,3948,12,0
2025-08-26 15:00:00,1.16542,1.16631,1.16482,1.16551,3219,12,0
2025-08-26 16:00:00,1.16551,1.1661,1.16477,1.16483,2355,12,0
2025-08-26 17:00:00,1.16482,1.16522,1.1637,1.16371,1844,12,0
2025-08-26 18:00:00,1.1637,1.16469,1.16329,1.16429,1832,12,0
2025-08-26 19:00:00,1.1643,1.16482,1.16391,1.164,1721,12,0
2025-08-26 20:00:00,1.16401,1.16424,1.16327,1.16409,1208,12,0
2025-08-26 21:00:00,1.16399,1.1646,1.16393,1.16435,935,34,0
2025-08-26 22:00:00,1.16435,1.16471,1.16403,1.16426,950,12,0
2025-08-26 23:00:00,1.16426,1.16434,1.16364,1.16365,870,12,0
2025-08-27 00:00:00,1.16365,1.16413,1.16329,1.16363,2289,12,0
2025-08-27 01:00:00,1.16363,1.16403,1.16299,1.16332,2623,12,0
2025-08-27 02:00:00,1.16332,1.16336,1.16242,1.16308,2001,12,0
2025-08-27 03:00:00,1.16308,1.16323,1.16211,1.16244,1755,12,0
2025-08-27 04:00:00,1.16244,1.1625,1.16116,1.16136,1817,12,0
2025-08-27 05:00:00,1.16136,1.16198,1.16128,1.16197,1940,12,0
2025-08-27 06:00:00,1.16197,1.16233,1.16138,1.16203,2954,12,0
2025-08-27 07:00:00,1.16203,1.16214,1.15957,1.16028,3623,12,0
2025-08-27 08:00:00,1.16028,1.16031,1.15764,1.15881,4168,12,0
2025-08-27 09:00:00,1.15882,1.15944,1.15858,1.15894,3133,12,0
2025-08-27 10:00:00,1.15894,1.15921,1.15781,1.1579,2665,12,0
2025-08-27 11:00:00,1.1579,1.15893,1.15735,1.15856,3023,12,0
2025-08-27 12:00:00,1.15856,1.15978,1.1584,1.15858,4418,12,0
2025-08-27 13:00:00,1.15858,1.16033,1.15837,1.15973,4561,12,0
2025-08-27 14:00:00,1.15973,1.16023,1.15816,1.15916,5248,12,0
2025-08-27 15:00:00,1.15918,1.16118,1.15917,1.161,4420,12,0
2025-08-27 16:00:00,1.161,1.16402,1.161,1.16376,3426,12,0
2025-08-27 17:00:00,1.16376,1.16424,1.16319,1.1637,2883,12,0
2025-08-27 18:00:00,1.1637,1.16376,1.16273,1.163,2261,12,0
2025-08-27 19:00:00,1.163,1.16346,1.16284,1.1633,1950,12,0
2025-08-27 20:00:00,1.1633,1.16375,1.16308,1.1637,1397,12,0
2025-08-27 21:00:00,1.16302,1.16368,1.16248,1.16348,506,34,0
2025-08-27 22:00:00,1.16346,1.16436,1.16346,1.1643,1505,12,0
2025-08-27 23:00:00,1.1643,1.16472,1.1641,1.16469,1161,12,0
2025-08-28 00:00:00,1.16469,1.16487,1.16418,1.1645,2292,12,0
2025-08-28 01:00:00,1.16449,1.16499,1.16408,1.16447,2782,12,0
2025-08-28 02:00:00,1.16448,1.16542,1.16441,1.1652,2390,12,0
2025-08-28 03:00:00,1.16521,1.16539,1.16416,1.16425,1817,12,0
2025-08-28 04:00:00,1.16425,1.16435,1.1638,1.16393,1665,12,0
2025-08-28 05:00:00,1.16393,1.16402,1.16351,1.16367,2055,12,0
2025-08-28 06:00:00,1.16367,1.16447,1.16333,1.16423,2991,12,0
2025-08-28 07:00:00,1.16425,1.16491,1.16334,1.16432,3819,12,0
2025-08-28 08:00:00,1.16432,1.16451,1.16285,1.1642,3617,12,0
2025-08-28 09:00:00,1.16421,1.16541,1.1642,1.16482,3068,12,0
2025-08-28 10:00:00,1.16481,1.16743,1.16476,1.16708,3088,12,0
2025-08-28 11:00:00,1.16708,1.16731,1.16587,1.1666,2952,12,0
2025-08-28 12:00:00,1.16659,1.16863,1.16618,1.16689,4682,12,0
2025-08-28 13:00:00,1.16686,1.16768,1.1658,1.16708,3587,12,0
2025-08-28 14:00:00,1.16714,1.16853,1.16655,1.16698,3546,12,0
2025-08-28 15:00:00,1.16697,1.16748,1.16604,1.16714,2762,12,0
2025-08-28 16:00:00,1.16714,1.16896,1.16713,1.16887,1913,12,0
2025-08-28 17:00:00,1.16887,1.16968,1.16862,1.16873,1924,12,0
2025-08-28 18:00:00,1.16873,1.16896,1.16841,1.16885,1413,12,0
2025-08-28 19:00:00,1.16885,1.16897,1.16816,1.1682,1320,12,0
2025-08-28 20:00:00,1.16819,1.16828,1.1677,1.16822,1172,12,0
2025-08-28 21:00:00,1.16801,1.16803,1.16746,1.16765,797,34,0
2025-08-28 22:00:00,1.16769,1.16801,1.16731,1.16736,1268,12,0
2025-08-28 23:00:00,1.16736,1.16815,1.16733,1.16777,830,12,0
2025-08-29 00:00:00,1.16777,1.16814,1.1672,1.16742,1980,12,0
2025-08-29 01:00:00,1.16743,1.1676,1.16556,1.16584,2863,12,0
2025-08-29 02:00:00,1.16584,1.16643,1.16584,1.16614,2129,12,0
2025-08-29 03:00:00,1.16617,1.16642,1.16593,1.1662,1637,12,0
2025-08-29 04:00:00,1.1662,1.16642,1.16577,1.16641,1750,12,0
2025-08-29 05:00:00,1.16641,1.16697,1.16607,1.16695,2035,12,0
2025-08-29 06:00:00,1.16695,1.167,1.16605,1.16671,3088,12,0
2025-08-29 07:00:00,1.16664,1.16766,1.16622,1.16756,3757,12,0
2025-08-29 08:00:00,1.16755,1.16896,1.16689,1.16751,3896,12,0
2025-08-29 09:00:00,1.16751,1.16821,1.16682,1.16722,3167,12,0
2025-08-29 10:00:00,1.16722,1.16741,1.16644,1.16673,2798,12,0
2025-08-29 11:00:00,1.16673,1.16677,1.16604,1.16623,2347,12,0
2025-08-29 12:00:00,1.16622,1.16635,1.16503,1.16581,3520,12,0
2025-08-29 13:00:00,1.16578,1.16726,1.16531,1.16681,1846,12,0
2025-08-29 14:00:00,1.16682,1.17046,1.16682,1.17037,2295,12,0
2025-08-29 15:00:00,1.17037,1.1708,1.16939,1.1694,1810,12,0
2025-08-29 16:00:00,1.16939,1.17065,1.16932,1.17011,1478,12,0
2025-08-29 17:00:00,1.17009,1.17025,1.16956,1.16958,1121,12,0
2025-08-29 18:00:00,1.16958,1.16989,1.16928,1.1698,1007,12,0
2025-08-29 19:00:00,1.1698,1.1699,1.16925,1.16977,1048,12,0
2025-08-29 20:00:00,1.16976,1.17,1.168,1.1686,760,12,0
2025-08-31 21:00:00,1.16932,1.16939,1.16848,1.16869,237,34,0
2025-08-31 22:00:00,1.1687,1.16901,1.16854,1.16881,718,12,0
2025-08-31 23:00:00,1.16881,1.16899,1.16861,1.16897,679,12,0
2025-09-01 00:00:00,1.16896,1.16974,1.16892,1.16965,1070,12,0
2025-09-01 01:00:00,1.16966,1.16968,1.16874,1.16944,1303,12,0
2025-09-01 02:00:00,1.16944,1.17132,1.16943,1.17112,1434,12,0
2025-09-01 03:00:00,1.17113,1.17138,1.17039,1.17075,1063,12,0
2025-09-01 04:00:00,1.17075,1.17096,1.1704,1.17077,1013,12,0
2025-09-01 05:00:00,1.17077,1.17148,1.17077,1.17138,1074,12,0
2025-09-01 06:00:00,1.17128,1.17328,1.17127,1.17248,1517,12,0
2025-09-01 07:00:00,1.17242,1.17272,1.17146,1.17248,1500,12,0
2025-09-01 08:00:00,1.17242,1.17357,1.17155,1.17347,1405,12,0
2025-09-01 09:00:00,1.17347,1.17354,1.1718,1.17188,1399,12,0
2025-09-01 10:00:00,1.17188,1.17255,1.17175,1.17189,1164,12,0
2025-09-01 11:00:00,1.17189,1.17287,1.17124,1.1714,1352,12,0
2025-09-01 12:00:00,1.17137,1.17175,1.1706,1.17068,1378,12,0
2025-09-01 13:00:00,1.1707,1.17158,1.17045,1.17072,1434,12,0
2025-09-01 14:00:00,1.17072,1.17133,1.1705,1.17102,1464,12,0
2025-09-01 15:00:00,1.17097,1.17108,1.16991,1.16991,1157,12,0
2025-09-01 16:00:00,1.1699,1.17041,1.16962,1.17041,943,12,0
2025-09-01 17:00:00,1.17041,1.17046,1.17005,1.17038,522,12,0
2025-09-01 18:00:00,1.17038,1.1707,1.17032,1.17069,551,12,0
2025-09-01 19:00:00,1.1707,1.17131,1.1707,1.17123,631,12,0
2025-09-01 20:00:00,1.17114,1.1713,1.17102,1.17104,516,12,0
2025-09-01 21:00:00,1.1704,1.17075,1.17013,1.17059,449,34,0
2025-09-01 22:00:00,1.17048,1.17127,1.17048,1.17104,593,12,0
2025-09-01 23:00:00,1.17107,1.17179,1.17101,1.17142,659,12,0
2025-09-02 00:00:00,1.17144,1.17149,1.17024,1.17038,1348,12,0
2025-09-02 01:00:00,1.17037,1.17061,1.16988,1.1703,1607,12,0
2025-09-02 02:00:00,1.17032,1.17037,1.16916,1.16978,1361,12,0
2025-09-02 03:00:00,1.16978,1.16989,1.16924,1.16947,1113,12,0
2025-09-02 04:00:00,1.16945,1.16954,1.16895,1.16927,998,12,0
2025-09-02 05:00:00,1.16927,1.16966,1.16864,1.16936,1105,12,0
2025-09-02 06:00:00,1.16938,1.17054,1.16938,1.17022,1420,12,0
2025-09-02 07:00:00,1.17024,1.1706,1.16424,1.16452,2328,12,0
2025-09-02 08:00:00,1.16455,1.16553,1.16331,1.16445,2272,12,0
2025-09-02 09:00:00,1.16444,1.16477,1.16233,1.1637,2048,12,0
2025-09-02 10:00:00,1.16378,1.16415,1.16262,1.16313,1883,12,0
2025-09-02 11:00:00,1.16312,1.16489,1.16275,1.16461,1895,12,0
2025-09-02 12:00:00,1.16463,1.16524,1.16123,1.16165,2265,12,0
2025-09-02 13:00:00,1.16167,1.16506,1.16145,1.16496,2849,12,0
2025-09-02 14:00:00,1.16494,1.1682,1.16494,1.16618,3904,12,0
2025-09-02 15:00:00,1.16618,1.16679,1.1649,1.1652,2770,12,0
2025-09-02 16:00:00,1.16522,1.16543,1.16424,1.16434,2076,12,0
2025-09-02 17:00:00,1.16436,1.16475,1.1641,1.16418,1563,12,0
2025-09-02 18:00:00,1.16415,1.16429,1.1629,1.16328,1692,12,0
2025-09-02 19:00:00,1.16328,1.16407,1.16313,1.16407,1317,12,0
2025-09-02 20:00:00,1.16411,1.16425,1.1638,1.16424,1057,12,0
2025-09-02 21:00:00,1.1638,1.16413,1.1635,1.16402,541,34,0
2025-09-02 22:00:00,1.16398,1.16435,1.16359,1.16364,935,12,0
2025-09-02 23:00:00,1.16364,1.16373,1.1632,1.1632,1122,12,0
2025-09-03 00:00:00,1.1632,1.16356,1.16281,1.16324,2381,12,0
2025-09-03 01:00:00,1.16323,1.16348,1.16258,1.16299,3127,12,0
2025-09-03 02:00:00,1.16298,1.1635,1.16241,1.16268,2277,12,0
2025-09-03 03:00:00,1.16268,1.16298,1.16224,1.16229,1568,12,0
2025-09-03 04:00:00,1.16229,1.16313,1.16214,1.16313,1702,12,0
2025-09-03 05:00:00,1.16313,1.16341,1.16256,1.16294,1747,12,0
2025-09-03 06:00:00,1.16295,1.16424,1.16278,1.16324,2848,12,0
2025-09-03 07:00:00,1.16325,1.16355,1.16074,1.16352,5156,12,0
2025-09-03 08:00:00,1.16352,1.1657,1.16349,1.16559,4495,12,0
2025-09-03 09:00:00,1.16559,1.16642,1.16511,1.16557,3681,12,0
2025-09-03 10:00:00,1.16557,1.16572,1.16391,1.16429,3147,12,0
2025-09-03 11:00:00,1.16429,1.1654,1.16392,1.1651,2971,12,0
2025-09-03 12:00:00,1.16507,1.16584,1.1644,1.16477,4119,12,0
2025-09-03 13:00:00,1.16477,1.16536,1.16381,1.16472,5468,12,0
2025-09-03 14:00:00,1.16472,1.16799,1.16462,1.16631,7544,12,0
2025-09-03 15:00:00,1.16631,1.16815,1.16626,1.16744,4547,12,0
2025-09-03 16:00:00,1.16744,1.1677,1.16658,1.16747,2934,12,0
2025-09-03 17:00:00,1.16747,1.16766,1.16582,1.16604,2568,12,0
2025-09-03 18:00:00,1.16605,1.16673,1.16576,1.16613,2638,12,0
2025-09-03 19:00:00,1.16613,1.16622,1.16552,1.16576,1909,12,0
2025-09-03 20:00:00,1.16573,1.16641,1.16549,1.16603,1149,12,0
2025-09-03 21:00:00,1.16576,1.16616,1.1656,1.16595,1170,34,0
2025-09-03 22:00:00,1.16613,1.16627,1.16592,1.16599,730,12,0
2025-09-03 23:00:00,1.16599,1.16618,1.1656,1.16606,613,12,0
2025-09-04 00:00:00,1.16608,1.16617,1.16541,1.16582,2607,12,0
2025-09-04 01:00:00,1.16583,1.16687,1.16519,1.16578,3014,12,0
2025-09-04 02:00:00,1.16576,1.16584,1.16504,1.16523,2348,12,0
2025-09-04 03:00:00,1.16523,1.16554,1.16499,1.16526,1708,12,0
2025-09-04 04:00:00,1.16526,1.16545,1.16498,1.1651,1194,12,0
2025-09-04 05:00:00,1.1651,1.16549,1.16475,1.16546,1705,12,0
2025-09-04 06:00:00,1.16546,1.16607,1.16494,1.16511,3209,12,0
2025-09-04 07:00:00,1.16511,1.1658,1.16435,1.165,3700,12,0
2025-09-04 08:00:00,1.16495,1.16588,1.16475,1.16572,3608,12,0
2025-09-04 09:00:00,1.16572,1.16593,1.1639,1.16425,3491,12,0
2025-09-04 10:00:00,1.16425,1.1659,1.16424,1.16522,3204,12,0
2025-09-04 11:00:00,1.16522,1.16522,1.16386,1.16424,2877,12,0
2025-09-04 12:00:00,1.16424,1.16565,1.16295,1.16453,3883,12,0
2025-09-04 13:00:00,1.16454,1.16551,1.16371,1.16488,3515,12,0
2025-09-04 14:00:00,1.16368,1.16509,1.16311,1.16341,4166,12,0
2025-09-04 15:00:00,1.16345,1.16493,1.16307,1.16471,2536,12,0
2025-09-04 16:00:00,1.16471,1.16477,1.16331,1.16389,1954,12,0
2025-09-04 17:00:00,1.16388,1.16395,1.16337,1.1637,1522,12,0
2025-09-04 18:00:00,1.1637,1.16472,1.1636,1.16433,1545,12,0
2025-09-04 19:00:00,1.16433,1.16514,1.16432,1.16502,1269,12,0
2025-09-04 20:00:00,1.16502,1.16519,1.16477,1.16509,745,12,0
2025-09-04 21:00:00,1.16447,1.16489,1.16442,1.16484,468,33,0
2025-09-04 22:00:00,1.16493,1.1653,1.16473,1.16483,1003,12,0
2025-09-04 23:00:00,1.16483,1.16572,1.16478,1.16562,1137,12,0
2025-09-05 00:00:00,1.16562,1.16601,1.16517,1.16589,2815,12,0
2025-09-05 01:00:00,1.16589,1.16716,1.16589,1.167,2557,12,0
2025-09-05 02:00:00,1.167,1.16741,1.16677,1.1668,2068,12,0
2025-09-05 03:00:00,1.16677,1.16726,1.16654,1.16708,1441,12,0
2025-09-05 04:00:00,1.16708,1.16712,1.16644,1.16663,1131,12,0
2025-09-05 05:00:00,1.16663,1.1677,1.16659,1.16761,1449,12,0
2025-09-05 06:00:00,1.16761,1.16769,1.16646,1.16686,3443,12,0
2025-09-05 07:00:00,1.16686,1.16783,1.16658,1.16771,3477,12,0
2025-09-05 08:00:00,1.16763,1.16837,1.16746,1.16827,2661,12,0
2025-09-05 09:00:00,1.16827,1.16917,1.16807,1.16875,2463,12,0
2025-09-05 10:00:00,1.16875,1.16961,1.16861,1.16907,2282,12,0
2025-09-05 11:00:00,1.16907,1.16911,1.1677,1.16866,3000,12,0
2025-09-05 12:00:00,1.16867,1.17493,1.16854,1.17336,10660,12,0
2025-09-05 13:00:00,1.17336,1.17498,1.17135,1.17484,9955,12,0
2025-09-05 14:00:00,1.17487,1.1759,1.17224,1.17361,8489,12,0
2025-09-05 15:00:00,1.17361,1.17589,1.17343,1.17578,5310,12,0
2025-09-05 16:00:00,1.17576,1.1759,1.17359,1.17381,3884,12,0
2025-09-05 17:00:00,1.17383,1.17386,1.17241,1.17252,3603,12,0
2025-09-05 18:00:00,1.17252,1.17257,1.17139,1.17163,2784,12,0
2025-09-05 19:00:00,1.17164,1.17224,1.17123,1.17172,2045,12,0
2025-09-05 20:00:00,1.17172,1.17211,1.1714,1.17167,1292,12,0
2025-09-07 21:00:00,1.17108,1.17165,1.1708,1.17149,310,42,0
2025-09-07 22:00:00,1.17148,1.17183,1.17031,1.17054,2103,12,0
2025-09-07 23:00:00,1.17058,1.17153,1.17053,1.17118,1692,12,0
2025-09-08 00:00:00,1.17118,1.17127,1.17042,1.17124,3070,12,0
2025-09-08 01:00:00,1.17125,1.17168,1.17067,1.17123,3399,12,0
2025-09-08 02:00:00,1.17124,1.17159,1.17098,1.17144,2923,12,0
2025-09-08 03:00:00,1.17144,1.17153,1.17074,1.17089,2562,12,0
2025-09-08 04:00:00,1.17089,1.17137,1.17055,1.17127,1903,12,0
2025-09-08 05:00:00,1.17126,1.17204,1.17115,1.17145,2243,12,0
2025-09-08 06:00:00,1.17146,1.17272,1.17111,1.17263,3855,12,0
2025-09-08 07:00:00,1.17262,1.17333,1.17199,1.17323,3929,12,0
2025-09-08 08:00:00,1.17322,1.17423,1.17252,1.17308,3765,12,0
2025-09-08 09:00:00,1.17308,1.1731,1.17202,1.17231,2907,12,0
2025-09-08 10:00:00,1.17232,1.17283,1.17195,1.17253,2646,12,0
2025-09-08 11:00:00,1.17253,1.17313,1.17239,1.17285,2753,12,0
2025-09-08 12:00:00,1.17282,1.17409,1.17221,1.1737,3987,12,0
2025-09-08 13:00:00,1.17369,1.17559,1.17358,1.17506,4458,12,0
2025-09-08 14:00:00,1.17506,1.17538,1.17394,1.17449,4853,12,0
2025-09-08 15:00:00,1.17449,1.17518,1.17426,1.17497,3492,12,0
2025-09-08 16:00:00,1.17498,1.17512,1.17343,1.17402,2566,12,0
2025-09-08 17:00:00,1.17402,1.17465,1.17342,1.17392,2435,12,0
2025-09-08 18:00:00,1.17392,1.17621,1.1739,1.17605,2410,12,0
2025-09-08 19:00:00,1.17606,1.1765,1.17588,1.17621,2021,12,0
2025-09-08 20:00:00,1.17621,1.17632,1.17587,1.1762,1361,12,0
2025-09-08 21:00:00,1.17614,1.17619,1.17532,1.17602,785,34,0
2025-09-08 22:00:00,1.17598,1.17644,1.17598,1.17614,1288,12,0
2025-09-08 23:00:00,1.17614,1.17723,1.17614,1.1768,1420,12,0
2025-09-09 00:00:00,1.17681,1.17739,1.1765,1.17709,2467,12,0
2025-09-09 01:00:00,1.17709,1.17775,1.17652,1.17746,2827,12,0
2025-09-09 02:00:00,1.17746,1.17764,1.17671,1.17683,2667,12,0
2025-09-09 03:00:00,1.17683,1.17695,1.17626,1.17634,1898,12,0
2025-09-09 04:00:00,1.17634,1.17753,1.1763,1.17723,1708,12,0
2025-09-09 05:00:00,1.17721,1.17794,1.17706,1.17781,2572,12,0
2025-09-09 06:00:00,1.17783,1.17793,1.17557,1.17642,3829,12,0
2025-09-09 07:00:00,1.17642,1.1768,1.17471,1.17522,4260,12,0
2025-09-09 08:00:00,1.17522,1.17617,1.17437,1.17589,5542,12,0
2025-09-09 09:00:00,1.17589,1.17719,1.17589,1.1767,3736,12,0
2025-09-09 10:00:00,1.1767,1.17707,1.1752,1.17535,3167,12,0
2025-09-09 11:00:00,1.17535,1.17539,1.17405,1.17414,2974,12,0
2025-09-09 12:00:00,1.17414,1.17445,1.1727,1.17367,3934,12,0
2025-09-09 13:00:00,1.17368,1.17483,1.17334,1.17416,4846,12,0
2025-09-09 14:00:00,1.17418,1.1762,1.17223,1.17301,9325,12,0
2025-09-09 15:00:00,1.17304,1.17311,1.17151,1.17215,4712,12,0
2025-09-09 16:00:00,1.17216,1.17292,1.1718,1.17182,2987,12,0
2025-09-09 17:00:00,1.17182,1.17231,1.17077,1.17086,3246,12,0
2025-09-09 18:00:00,1.17087,1.17141,1.17035,1.17059,2728,12,0
2025-09-09 19:00:00,1.17059,1.17085,1.17029,1.17061,1783,12,0
2025-09-09 20:00:00,1.17061,1.17106,1.17039,1.1708,1295,12,0
2025-09-09 21:00:00,1.17037,1.17104,1.17004,1.17104,1098,34,0
2025-09-09 22:00:00,1.17105,1.17133,1.17067,1.17114,793,12,0
2025-09-09 23:00:00,1.17112,1.17115,1.16967,1.17017,1431,12,0
2025-09-10 00:00:00,1.17016,1.17019,1.16953,1.16964,2724,12,0
2025-09-10 01:00:00,1.16963,1.17023,1.16886,1.16988,3944,12,0
2025-09-10 02:00:00,1.1699,1.17079,1.16987,1.17069,2710,12,0
2025-09-10 03:00:00,1.17069,1.17096,1.17061,1.17075,1907,12,0
2025-09-10 04:00:00,1.17077,1.1715,1.17068,1.17144,1799,12,0
2025-09-10 05:00:00,1.17143,1.17155,1.17043,1.17078,2240,12,0
2025-09-10 06:00:00,1.17079,1.17178,1.16909,1.16973,3766,12,0
2025-09-10 07:00:00,1.1697,1.17073,1.16818,1.17022,4580,12,0
2025-09-10 08:00:00,1.17023,1.1703,1.16905,1.16994,3795,12,0
2025-09-10 09:00:00,1.16993,1.17165,1.16979,1.17126,3415,12,0
2025-09-10 10:00:00,1.17126,1.17141,1.16955,1.16998,3082,12,0
2025-09-10 11:00:00,1.16998,1.17062,1.16947,1.17038,2988,12,0
2025-09-10 12:00:00,1.17039,1.17267,1.16888,1.16998,7815,12,0
2025-09-10 13:00:00,1.16998,1.1724,1.16951,1.17195,6720,12,0
2025-09-10 14:00:00,1.17195,1.17301,1.17144,1.17272,5705,12,0
2025-09-10 15:00:00,1.17271,1.17295,1.17125,1.17141,3546,12,0
2025-09-10 16:00:00,1.17141,1.17154,1.1702,1.1705,2520,12,0
2025-09-10 17:00:00,1.1705,1.17106,1.17011,1.17054,2241,12,0
2025-09-10 18:00:00,1.17053,1.17116,1.17019,1.1704,2469,12,0
2025-09-10 19:00:00,1.17039,1.17039,1.16928,1.16997,1848,12,0
2025-09-10 20:00:00,1.16996,1.17008,1.1693,1.16932,1133,12,0
2025-09-10 21:00:00,1.16917,1.16986,1.16917,1.16971,1085,34,0
2025-09-10 22:00:00,1.16969,1.17028,1.1696,1.17028,990,12,0
2025-09-10 23:00:00,1.17028,1.17064,1.17006,1.17018,801,12,0
2025-09-11 00:00:00,1.17019,1.1702,1.16929,1.16934,1959,12,0
2025-09-11 01:00:00,1.16933,1.17022,1.16922,1.16967,2140,12,0
2025-09-11 02:00:00,1.16967,1.16984,1.16929,1.16958,1626,12,0
2025-09-11 03:00:00,1.16957,1.16997,1.1694,1.16954,1451,12,0
2025-09-11 04:00:00,1.16954,1.16989,1.16932,1.16989,1171,12,0
2025-09-11 05:00:00,1.16989,1.1699,1.16885,1.16893,1922,12,0
2025-09-11 06:00:00,1.16893,1.16962,1.16831,1.16901,3752,12,0
2025-09-11 07:00:00,1.16901,1.16956,1.16861,1.16922,4170,12,0
2025-09-11 08:00:00,1.16922,1.16947,1.1688,1.16914,3326,12,0
2025-09-11 09:00:00,1.16913,1.16925,1.16761,1.16851,3288,12,0
2025-09-11 10:00:00,1.16851,1.16877,1.16793,1.16825,2737,12,0
2025-09-11 11:00:00,1.16825,1.16905,1.16774,1.1683,3607,12,0
2025-09-11 12:00:00,1.16831,1.17204,1.16571,1.17144,10701,12,0
2025-09-11 13:00:00,1.17149,1.17405,1.17132,1.17386,9698,12,0
2025-09-11 14:00:00,1.17386,1.17437,1.1725,1.17274,6793,12,0
2025-09-11 15:00:00,1.17273,1.17454,1.17255,1.17309,4498,12,0
2025-09-11 16:00:00,1.17309,1.17394,1.173,1.17358,3367,12,0
2025-09-11 17:00:00,1.17358,1.17383,1.17271,1.17312,3265,12,0
2025-09-11 18:00:00,1.17311,1.17378,1.17301,1.17348,2332,12,0
2025-09-11 19:00:00,1.17349,1.17385,1.17332,1.17363,1831,12,0
2025-09-11 20:00:00,1.17362,1.17389,1.1735,1.17362,1438,12,0
2025-09-11 21:00:00,1.17275,1.17346,1.17275,1.17333,840,34,0
2025-09-11 22:00:00,1.17329,1.17401,1.17329,1.17384,1105,12,0
2025-09-11 23:00:00,1.17386,1.17396,1.17321,1.17326,1155,12,0
2025-09-12 00:00:00,1.17325,1.17337,1.17263,1.17324,2784,12,0
2025-09-12 01:00:00,1.17324,1.17339,1.17245,1.17248,2255,12,0
2025-09-12 02:00:00,1.17248,1.17286,1.17231,1.17262,1770,12,0
2025-09-12 03:00:00,1.17262,1.17266,1.1722,1.17246,1560,12,0
2025-09-12 04:00:00,1.17243,1.17264,1.17202,1.17248,1804,12,0
2025-09-12 05:00:00,1.17251,1.17328,1.17233,1.17298,1852,12,0
2025-09-12 06:00:00,1.17298,1.17398,1.17214,1.17388,3229,12,0
2025-09-12 07:00:00,1.17389,1.17472,1.17363,1.17401,3846,12,0
2025-09-12 08:00:00,1.174,1.17405,1.17149,1.17169,4338,12,0
2025-09-12 09:00:00,1.17169,1.17248,1.17118,1.17216,3471,12,0
2025-09-12 10:00:00,1.17218,1.17342,1.17215,1.17332,2853,12,0
2025-09-12 11:00:00,1.17332,1.17352,1.17201,1.17206,3126,12,0
2025-09-12 12:00:00,1.17207,1.17224,1.17004,1.17117,4933,12,0
2025-09-12 13:00:00,1.17115,1.1716,1.17028,1.17127,4447,12,0
2025-09-12 14:00:00,1.17125,1.17277,1.17119,1.17243,5558,12,0
2025-09-12 15:00:00,1.17243,1.17271,1.17126,1.17134,3373,12,0
2025-09-12 16:00:00,1.17134,1.17312,1.17094,1.17264,2473,12,0
2025-09-12 17:00:00,1.17264,1.17373,1.17262,1.17315,2074,12,0
2025-09-12 18:00:00,1.17314,1.17413,1.17314,1.17406,1695,12,0
2025-09-12 19:00:00,1.17406,1.1741,1.17331,1.17358,1786,12,0
2025-09-12 20:00:00,1.17355,1.17359,1.17282,1.17306,1246,12,0
2025-09-14 21:00:00,1.17264,1.17302,1.17264,1.17296,230,0,0
2025-09-14 22:00:00,1.17296,1.17344,1.17271,1.17278,1099,0,0
2025-09-14 23:00:00,1.17279,1.17307,1.17244,1.17248,1092,0,0
2025-09-15 00:00:00,1.17248,1.17272,1.17213,1.17261,1773,0,0
2025-09-15 01:00:00,1.17261,1.17289,1.17222,1.17267,2345,0,0
2025-09-15 02:00:00,1.17267,1.17288,1.17241,1.17271,1502,0,0
2025-09-15 03:00:00,1.17271,1.17338,1.17265,1.17307,1420,0,0
2025-09-15 04:00:00,1.17307,1.17351,1.17298,1.17334,1189,0,0
2025-09-15 05:00:00,1.17337,1.17338,1.17271,1.17275,1191,0,0
2025-09-15 06:00:00,1.17275,1.17294,1.17156,1.17244,2891,0,0
2025-09-15 07:00:00,1.17244,1.17438,1.17235,1.17329,3374,0,0
2025-09-15 08:00:00,1.1733,1.17431,1.17293,1.17366,3101,0,0
2025-09-15 09:00:00,1.17366,1.17513,1.1735,1.17457,2677,0,0
2025-09-15 10:00:00,1.17457,1.17622,1.1745,1.17522,2771,0,0
2025-09-15 11:00:00,1.17522,1.17627,1.17522,1.17604,2856,0,0
2025-09-15 12:00:00,1.17605,1.17704,1.17605,1.1769,3688,0,0
2025-09-15 13:00:00,1.1769,1.17727,1.17569,1.17582,3946,0,0
2025-09-15 14:00:00,1.17583,1.17599,1.17502,1.17573,4246,0,0
2025-09-15 15:00:00,1.17573,1.17717,1.17559,1.17709,3085,0,0
2025-09-15 16:00:00,1.17709,1.17739,1.17555,1.17578,2499,0,0
2025-09-15 17:00:00,1.17577,1.17724,1.17575,1.17703,2074,0,0
2025-09-15 18:00:00,1.17703,1.17717,1.17656,1.17689,1994,0,0
2025-09-15 19:00:00,1.17687,1.17716,1.17638,1.17652,1760,0,0
2025-09-15 20:00:00,1.17648,1.1768,1.17595,1.17596,1164,0,0
2025-09-15 21:00:00,1.17593,1.17648,1.17583,1.17638,593,0,0
2025-09-15 22:00:00,1.17644,1.17653,1.17612,1.17625,983,0,0
2025-09-15 23:00:00,1.17629,1.17655,1.17623,1.17625,999,0,0
2025-09-16 00:00:00,1.17625,1.17655,1.17568,1.17615,2211,0,0
2025-09-16 01:00:00,1.17615,1.17687,1.17572,1.1767,2423,0,0
2025-09-16 02:00:00,1.17669,1.1777,1.17667,1.17758,2348,0,0
2025-09-16 03:00:00,1.17758,1.17864,1.17735,1.17796,2119,0,0
2025-09-16 04:00:00,1.17796,1.17798,1.17734,1.17763,1967,0,0
2025-09-16 05:00:00,1.17763,1.17795,1.17729,1.17774,2409,0,0
2025-09-16 06:00:00,1.17775,1.17905,1.17771,1.17868,3532,0,0
2025-09-16 07:00:00,1.17868,1.18012,1.17855,1.17938,3875,0,0
2025-09-16 08:00:00,1.17938,1.18032,1.17894,1.17944,3496,0,0
2025-09-16 09:00:00,1.17944,1.18176,1.17944,1.18136,3963,0,0
2025-09-16 10:00:00,1.18136,1.18148,1.18034,1.18077,2796,0,0
2025-09-16 11:00:00,1.18077,1.18208,1.18007,1.18136,3125,0,0
2025-09-16 12:00:00,1.18137,1.18149,1.17883,1.18043,5360,0,0
2025-09-16 13:00:00,1.18042,1.18265,1.18036,1.18234,4838,0,0
2025-09-16 14:00:00,1.18233,1.18525,1.18206,1.18513,5976,0,0
2025-09-16 15:00:00,1.18513,1.18527,1.18345,1.18466,3663,0,0
2025-09-16 16:00:00,1.18466,1.18712,1.18459,1.18639,3004,0,0
2025-09-16 17:00:00,1.18641,1.18779,1.18629,1.18655,2764,0,0
2025-09-16 18:00:00,1.18656,1.18704,1.18606,1.18661,2032,0,0
2025-09-16 19:00:00,1.18661,1.18683,1.18574,1.18597,1884,0,0
2025-09-16 20:00:00,1.18595,1.18671,1.18577,1.18656,1511,0,0
2025-09-16 21:00:00,1.18587,1.18639,1.18507,1.18604,563,0,0
2025-09-16 22:00:00,1.18604,1.1868,1.186,1.18655,837,0,0
2025-09-16 23:00:00,1.18655,1.18724,1.18652,1.18705,888,0,0
2025-09-17 00:00:00,1.18705,1.18723,1.18573,1.18578,2037,0,0
2025-09-17 01:00:00,1.18578,1.18588,1.18516,1.18555,2144,0,0
2025-09-17 02:00:00,1.18556,1.18572,1.18506,1.18549,1511,0,0
2025-09-17 03:00:00,1.18549,1.18572,1.18508,1.18516,1085,0,0
2025-09-17 04:00:00,1.18516,1.18548,1.18506,1.18535,1125,0,0
2025-09-17 05:00:00,1.18538,1.1859,1.18534,1.18576,1263,0,0
2025-09-17 06:00:00,1.18576,1.18585,1.18508,1.18554,2249,0,0
2025-09-17 07:00:00,1.18554,1.18555,1.18376,1.18399,2527,0,0
2025-09-17 08:00:00,1.18399,1.18506,1.18392,1.18477,2095,0,0
2025-09-17 09:00:00,1.18477,1.18493,1.18406,1.1845,2108,0,0
2025-09-17 10:00:00,1.1845,1.18462,1.18323,1.18357,2131,0,0
2025-09-17 11:00:00,1.18357,1.18454,1.18344,1.18386,2388,0,0
2025-09-17 12:00:00,1.18385,1.18444,1.18336,1.18429,2338,0,0
2025-09-17 13:00:00,1.18429,1.18522,1.18417,1.18493,2853,0,0
2025-09-17 14:00:00,1.18493,1.18587,1.18454,1.18491,3240,0,0
2025-09-17 15:00:00,1.18489,1.18521,1.18429,1.1844,2430,0,0
2025-09-17 16:00:00,1.1844,1.18558,1.18417,1.18526,2141,0,0
2025-09-17 17:00:00,1.18526,1.18547,1.18462,1.18492,2164,0,0
2025-09-17 18:00:00,1.18493,1.19181,1.18184,1.18338,17272,0,0
2025-09-17 19:00:00,1.18339,1.18563,1.18199,1.18239,10025,0,0
2025-09-17 20:00:00,1.1824,1.18268,1.18073,1.18128,2445,0,0
2025-09-17 21:00:00,1.18101,1.18142,1.1809,1.18125,424,0,0
2025-09-17 22:00:00,1.18118,1.18216,1.18118,1.18185,1507,0,0
2025-09-17 23:00:00,1.18188,1.18281,1.18171,1.18245,1546,0,0
2025-09-18 00:00:00,1.18248,1.18277,1.18145,1.18247,3157,0,0
2025-09-18 01:00:00,1.18247,1.1828,1.1807,1.18133,3607,0,0
2025-09-18 02:00:00,1.18133,1.18218,1.18122,1.18188,1827,0,0
2025-09-18 03:00:00,1.18187,1.18221,1.18111,1.18116,1436,0,0
2025-09-18 04:00:00,1.18116,1.18131,1.17932,1.17944,1603,0,0
2025-09-18 05:00:00,1.17944,1.17996,1.17847,1.179,2117,0,0
2025-09-18 06:00:00,1.179,1.17988,1.17799,1.17938,3494,0,0
2025-09-18 07:00:00,1.17936,1.18382,1.17932,1.18311,4302,0,0
2025-09-18 08:00:00,1.18311,1.18336,1.18205,1.18272,3772,0,0
2025-09-18 09:00:00,1.18272,1.18477,1.18265,1.18373,3607,0,0
2025-09-18 10:00:00,1.18372,1.18397,1.18304,1.18363,3060,0,0
2025-09-18 11:00:00,1.18367,1.18367,1.18192,1.18248,4387,0,0
2025-09-18 12:00:00,1.18248,1.18255,1.17947,1.1795,6230,0,0
2025-09-18 13:00:00,1.17948,1.17958,1.17494,1.17665,8000,0,0
2025-09-18 14:00:00,1.17667,1.17814,1.17623,1.17749,7416,0,0
2025-09-18 15:00:00,1.17749,1.17871,1.17688,1.17789,5169,0,0
2025-09-18 16:00:00,1.17789,1.17874,1.17717,1.17864,3712,0,0
2025-09-18 17:00:00,1.17863,1.17932,1.1785,1.17872,2745,0,0
2025-09-18 18:00:00,1.17868,1.17889,1.17814,1.17872,2330,0,0
2025-09-18 19:00:00,1.17872,1.17905,1.17819,1.17841,2060,0,0
2025-09-18 20:00:00,1.17843,1.1785,1.17808,1.17843,1568,0,0
2025-09-18 21:00:00,1.17827,1.17871,1.17827,1.17857,579,0,0
2025-09-18 22:00:00,1.17857,1.17892,1.17823,1.17865,2030,0,0
2025-09-18 23:00:00,1.17863,1.179,1.17859,1.17884,1002,0,0
2025-09-19 00:00:00,1.17886,1.179,1.17748,1.1786,2727,0,0
2025-09-19 01:00:00,1.1786,1.17864,1.17737,1.17746,2894,0,0
2025-09-19 02:00:00,1.17745,1.17803,1.17714,1.17791,2248,0,0
2025-09-19 03:00:00,1.17792,1.17919,1.17792,1.1781,3620,0,0
2025-09-19 04:00:00,1.17812,1.17891,1.17695,1.17734,3549,0,0
2025-09-19 05:00:00,1.17734,1.17774,1.17702,1.17725,2640,0,0
2025-09-19 06:00:00,1.17723,1.17768,1.17626,1.17658,5570,0,0
2025-09-19 07:00:00,1.17661,1.17776,1.17567,1.17696,5427,0,0
2025-09-19 08:00:00,1.17694,1.17702,1.17502,1.17604,4072,0,0
2025-09-19 09:00:00,1.17604,1.17682,1.17557,1.17592,3353,0,0
2025-09-19 10:00:00,1.17592,1.17648,1.17579,1.17606,2652,0,0
2025-09-19 11:00:00,1.17606,1.17617,1.17344,1.17362,3697,0,0
2025-09-19 12:00:00,1.17363,1.17429,1.17282,1.17356,4743,0,0
2025-09-19 13:00:00,1.17356,1.17632,1.17347,1.17576,5381,0,0
2025-09-19 14:00:00,1.17575,1.17673,1.17552,1.17566,5294,0,0
2025-09-19 15:00:00,1.17566,1.17585,1.17366,1.17518,4393,0,0
2025-09-19 16:00:00,1.17518,1.17545,1.17403,1.17526,2679,0,0
2025-09-19 17:00:00,1.17526,1.17546,1.17481,1.17501,2140,0,0
2025-09-19 18:00:00,1.17501,1.17507,1.17462,1.17477,1929,0,0
2025-09-19 19:00:00,1.17477,1.17503,1.17445,1.1747,1711,0,0
2025-09-19 20:00:00,1.1747,1.17471,1.17399,1.17433,1354,0,0
2025-09-21 21:00:00,1.17365,1.17451,1.17318,1.17443,398,0,0
2025-09-21 22:00:00,1.17443,1.17475,1.17385,1.17403,1380,0,0
2025-09-21 23:00:00,1.17403,1.17412,1.1735,1.17359,1456,0,0
2025-09-22 00:00:00,1.17357,1.17373,1.17255,1.1734,2645,0,0
2025-09-22 01:00:00,1.17342,1.17403,1.17312,1.17319,3154,0,0
2025-09-22 02:00:00,1.17319,1.17331,1.17267,1.17275,2429,0,0
2025-09-22 03:00:00,1.17275,1.17346,1.17272,1.1732,2130,0,0
2025-09-22 04:00:00,1.1732,1.1732,1.17256,1.17302,1589,0,0
2025-09-22 05:00:00,1.17302,1.1738,1.17293,1.1738,1656,0,0
2025-09-22 06:00:00,1.1738,1.17479,1.17353,1.17429,3003,0,0
2025-09-22 07:00:00,1.17429,1.17539,1.17386,1.17479,3706,0,0
2025-09-22 08:00:00,1.17478,1.17686,1.17463,1.17618,3455,0,0
2025-09-22 09:00:00,1.17619,1.17755,1.1761,1.17754,2547,0,0
2025-09-22 10:00:00,1.17754,1.17852,1.17731,1.17736,2464,0,0
2025-09-22 11:00:00,1.17736,1.17816,1.17687,1.17775,2439,0,0
2025-09-22 12:00:00,1.17778,1.17868,1.17727,1.17826,3847,0,0
2025-09-22 13:00:00,1.17829,1.17872,1.17681,1.1776,4846,0,0
2025-09-22 14:00:00,1.1776,1.17766,1.17621,1.17692,3855,0,0
2025-09-22 15:00:00,1.17691,1.1775,1.17636,1.17718,3160,0,0
2025-09-22 16:00:00,1.17717,1.17896,1.17706,1.17874,2842,0,0
2025-09-22 17:00:00,1.17874,1.17966,1.17851,1.17959,1755,0,0
2025-09-22 18:00:00,1.17959,1.17984,1.17917,1.17956,1651,0,0
2025-09-22 19:00:00,1.17956,1.18016,1.17947,1.17993,1468,0,0
2025-09-22 20:00:00,1.17993,1.1802,1.17973,1.18015,1094,0,0
2025-09-22 21:00:00,1.17912,1.17983,1.17897,1.17973,1239,0,0
2025-09-22 22:00:00,1.17973,1.18031,1.17955,1.18004,1026,0,0
2025-09-22 23:00:00,1.18006,1.18023,1.17986,1.18,903,0,0
2025-09-23 00:00:00,1.18,1.18068,1.17962,1.18057,1933,0,0
2025-09-23 01:00:00,1.18056,1.18192,1.18035,1.18144,2626,0,0
2025-09-23 02:00:00,1.18144,1.18161,1.18008,1.18037,2457,0,0
2025-09-23 03:00:00,1.18037,1.18058,1.1796,1.18052,1832,0,0
2025-09-23 04:00:00,1.18052,1.18075,1.17968,1.17968,1599,0,0
2025-09-23 05:00:00,1.17963,1.18042,1.17943,1.17978,2064,0,0
2025-09-23 06:00:00,1.17978,1.18039,1.17895,1.17943,3607,0,0
2025-09-23 07:00:00,1.17942,1.17996,1.1777,1.17902,6008,0,0
2025-09-23 08:00:00,1.17902,1.18048,1.17836,1.18022,4895,0,0
2025-09-23 09:00:00,1.18024,1.18119,1.17998,1.18016,3152,0,0
2025-09-23 10:00:00,1.18016,1.18061,1.17902,1.17955,2957,0,0
2025-09-23 11:00:00,1.17955,1.17991,1.17908,1.17912,2807,0,0
2025-09-23 12:00:00,1.17914,1.17979,1.17839,1.17962,3269,0,0
2025-09-23 13:00:00,1.17961,1.1804,1.17837,1.17988,5404,0,0
2025-09-23 14:00:00,1.17988,1.18046,1.1792,1.17948,5506,0,0
2025-09-23 15:00:00,1.17948,1.17987,1.1787,1.17978,3451,0,0
2025-09-23 16:00:00,1.17978,1.18089,1.1791,1.18043,3803,0,0
2025-09-23 17:00:00,1.18043,1.18172,1.18024,1.18112,3452,0,0
2025-09-23 18:00:00,1.18113,1.18163,1.18076,1.18105,2527,0,0
2025-09-23 19:00:00,1.18105,1.18174,1.18064,1.18157,2138,0,0
2025-09-23 20:00:00,1.18157,1.18177,1.1811,1.18136,1002,0,0
2025-09-23 21:00:00,1.18116,1.18137,1.18089,1.18118,537,0,0
2025-09-23 22:00:00,1.18121,1.18185,1.18121,1.18141,2202,0,0
2025-09-23 23:00:00,1.18142,1.18167,1.1812,1.18148,1104,0,0
2025-09-24 00:00:00,1.18148,1.18158,1.18028,1.18034,2993,0,0
2025-09-24 01:00:00,1.18033,1.18046,1.17971,1.17996,3357,0,0
2025-09-24 02:00:00,1.17995,1.18034,1.17955,1.17962,2457,0,0
2025-09-24 03:00:00,1.17961,1.17994,1.17943,1.17968,1661,0,0
2025-09-24 04:00:00,1.17968,1.18038,1.17947,1.18025,1626,0,0
2025-09-24 05:00:00,1.18023,1.18044,1.17914,1.17974,1900,0,0
2025-09-24 06:00:00,1.17974,1.18022,1.17855,1.17868,2965,0,0
2025-09-24 07:00:00,1.17869,1.17943,1.17838,1.17882,3625,0,0
2025-09-24 08:00:00,1.17882,1.17882,1.17658,1.17715,3560,0,0
2025-09-24 09:00:00,1.17715,1.17743,1.17618,1.17672,2605,0,0
2025-09-24 10:00:00,1.17666,1.17693,1.17503,1.17514,2590,0,0
2025-09-24 11:00:00,1.17514,1.1755,1.17461,1.17484,3090,0,0
2025-09-24 12:00:00,1.17484,1.17575,1.17387,1.17421,5065,0,0
2025-09-24 13:00:00,1.17421,1.17431,1.17298,1.17379,5819,0,0
2025-09-24 14:00:00,1.17381,1.17457,1.17276,1.17425,6473,0,0
2025-09-24 15:00:00,1.17424,1.17452,1.17364,1.1741,4999,0,0
2025-09-24 16:00:00,1.1741,1.17431,1.17278,1.1732,3548,0,0
2025-09-24 17:00:00,1.17321,1.174,1.17311,1.1737,2225,0,0
2025-09-24 18:00:00,1.17371,1.17381,1.1732,1.17362,2358,0,0
2025-09-24 19:00:00,1.17362,1.17386,1.17314,1.17372,2124,0,0
2025-09-24 20:00:00,1.17373,1.17387,1.17345,1.17371,1234,0,0
2025-09-24 21:00:00,1.17357,1.17393,1.17352,1.17377,373,0,0
2025-09-24 22:00:00,1.17377,1.17447,1.17377,1.1744,986,0,0
2025-09-24 23:00:00,1.17441,1.17456,1.17414,1.17416,1042,0,0
2025-09-25 00:00:00,1.17416,1.17477,1.174,1.17467,2510,0,0
2025-09-25 01:00:00,1.17467,1.17489,1.17398,1.17438,2534,0,0
2025-09-25 02:00:00,1.17438,1.17512,1.17428,1.17491,2055,0,0
2025-09-25 03:00:00,1.1749,1.17533,1.17469,1.17516,1454,0,0
2025-09-25 04:00:00,1.17516,1.17528,1.1748,1.17514,1412,0,0
2025-09-25 05:00:00,1.17514,1.17517,1.17398,1.17417,1794,0,0
2025-09-25 06:00:00,1.17417,1.17518,1.17375,1.17451,3146,0,0
2025-09-25 07:00:00,1.17454,1.17475,1.17309,1.17327,3890,0,0
2025-09-25 08:00:00,1.17328,1.17437,1.173,1.17422,3376,0,0
2025-09-25 09:00:00,1.17423,1.17512,1.17383,1.17444,2696,0,0
2025-09-25 10:00:00,1.17447,1.17534,1.17438,1.17463,2283,0,0
2025-09-25 11:00:00,1.17463,1.17465,1.17339,1.17395,3248,0,0
2025-09-25 12:00:00,1.17394,1.17449,1.16868,1.16976,7463,0,0
2025-09-25 13:00:00,1.16976,1.17098,1.16825,1.16853,7206,0,0
2025-09-25 14:00:00,1.16852,1.16941,1.1673,1.16756,7086,0,0
2025-09-25 15:00:00,1.16756,1.16802,1.16661,1.16717,4793,0,0
2025-09-25 16:00:00,1.16716,1.16827,1.16681,1.16701,3452,0,0
2025-09-25 17:00:00,1.16699,1.16715,1.16514,1.1657,3352,0,0
2025-09-25 18:00:00,1.16572,1.16594,1.16451,1.16518,3307,0,0
2025-09-25 19:00:00,1.16518,1.16624,1.16512,1.166,2355,0,0
2025-09-25 20:00:00,1.166,1.16682,1.16586,1.16646,1429,0,0
2025-09-25 21:00:00,1.16567,1.1664,1.1654,1.16592,3937,0,0
2025-09-25 22:00:00,1.16592,1.16684,1.16586,1.16678,1068,0,0
2025-09-25 23:00:00,1.16678,1.16678,1.1659,1.16612,1361,0,0
2025-09-26 00:00:00,1.16611,1.16708,1.16573,1.16707,2588,0,0
2025-09-26 01:00:00,1.16706,1.16731,1.16648,1.16672,2516,0,0
2025-09-26 02:00:00,1.16673,1.16789,1.16669,1.16764,1860,0,0
2025-09-26 03:00:00,1.16763,1.16783,1.16742,1.16777,1467,0,0
2025-09-26 04:00:00,1.16777,1.16815,1.16737,1.16794,1594,0,0
2025-09-26 05:00:00,1.16794,1.16813,1.16758,1.16766,1830,0,0
2025-09-26 06:00:00,1.16766,1.16835,1.16711,1.16792,3178,0,0
2025-09-26 07:00:00,1.16788,1.16826,1.16678,1.16725,3298,0,0
2025-09-26 08:00:00,1.16725,1.16873,1.167,1.168,2994,0,0
2025-09-26 09:00:00,1.168,1.16838,1.16753,1.16779,2647,0,0
2025-09-26 10:00:00,1.16777,1.16806,1.1661,1.16625,2391,0,0
2025-09-26 11:00:00,1.16625,1.16753,1.16621,1.16671,2833,0,0
2025-09-26 12:00:00,1.16671,1.16858,1.1666,1.16825,5646,0,0
2025-09-26 13:00:00,1.16823,1.16939,1.16774,1.16833,6152,0,0
2025-09-26 14:00:00,1.16835,1.17041,1.16832,1.16907,6583,0,0
2025-09-26 15:00:00,1.16906,1.16994,1.16863,1.16905,4135,0,0
2025-09-26 16:00:00,1.16905,1.16963,1.1686,1.16924,2599,0,0
2025-09-26 17:00:00,1.16923,1.17012,1.16902,1.16992,2131,0,0
2025-09-26 18:00:00,1.16992,1.17052,1.16951,1.17033,2119,0,0
2025-09-26 19:00:00,1.17032,1.17053,1.16978,1.17053,1589,0,0
2025-09-26 20:00:00,1.1705,1.17066,1.1698,1.16997,1252,0,0
2025-09-28 21:00:00,1.16979,1.17029,1.16956,1.17019,791,0,0
2025-09-28 22:00:00,1.17019,1.17058,1.16994,1.1704,1361,0,0
2025-09-28 23:00:00,1.17039,1.17094,1.17034,1.17043,1015,0,0
2025-09-29 00:00:00,1.17042,1.17228,1.17037,1.1721,2213,0,0
2025-09-29 01:00:00,1.17209,1.1725,1.17137,1.17226,2489,0,0
2025-09-29 02:00:00,1.17226,1.17279,1.17219,1.17255,2002,0,0
2025-09-29 03:00:00,1.17255,1.17288,1.1724,1.17244,1438,0,0
2025-09-29 04:00:00,1.17244,1.17325,1.17222,1.17264,1429,0,0
2025-09-29 05:00:00,1.17265,1.17329,1.17232,1.17279,2491,0,0
2025-09-29 06:00:00,1.17279,1.17282,1.17175,1.17192,2985,0,0
2025-09-29 07:00:00,1.17189,1.17325,1.17169,1.17263,3376,0,0
2025-09-29 08:00:00,1.17264,1.17281,1.17071,1.17231,3110,0,0
2025-09-29 09:00:00,1.17231,1.17256,1.17162,1.17169,2509,0,0
2025-09-29 10:00:00,1.17169,1.17213,1.17149,1.17192,2173,0,0
2025-09-29 11:00:00,1.17192,1.17303,1.17086,1.17283,3156,0,0
2025-09-29 12:00:00,1.17283,1.17506,1.17179,1.17493,5305,0,0
2025-09-29 13:00:00,1.17492,1.17539,1.17366,1.17404,5071,0,0
2025-09-29 14:00:00,1.17402,1.1744,1.17288,1.17298,4527,0,0
2025-09-29 15:00:00,1.17298,1.17336,1.17221,1.17285,4015,0,0
2025-09-29 16:00:00,1.17285,1.17327,1.17248,1.17289,1793,0,0
2025-09-29 17:00:00,1.17288,1.17309,1.17207,1.1721,1747,0,0
2025-09-29 18:00:00,1.1721,1.17323,1.17195,1.17307,1542,0,0
2025-09-29 19:00:00,1.17307,1.17311,1.17254,1.17269,1246,0,0
2025-09-29 20:00:00,1.17267,1.1727,1.17227,1.17266,906,0,0
2025-09-29 21:00:00,1.17221,1.17262,1.17221,1.17244,1097,0,0
2025-09-29 22:00:00,1.17242,1.17273,1.17237,1.17268,769,0,0
2025-09-29 23:00:00,1.17268,1.17319,1.17263,1.17301,819,0,0
2025-09-30 00:00:00,1.17301,1.1731,1.17119,1.17201,2866,0,0
2025-09-30 01:00:00,1.17201,1.17252,1.17128,1.17135,2968,0,0
2025-09-30 02:00:00,1.17134,1.17233,1.17115,1.17216,1619,0,0
2025-09-30 03:00:00,1.17216,1.17258,1.17196,1.17231,1402,0,0
2025-09-30 04:00:00,1.17233,1.17281,1.17177,1.17281,1741,0,0
2025-09-30 05:00:00,1.17281,1.17363,1.17276,1.17326,1959,0,0
2025-09-30 06:00:00,1.17327,1.17433,1.17303,1.17367,3279,0,0
2025-09-30 07:00:00,1.17366,1.17479,1.17358,1.17413,3859,0,0
2025-09-30 08:00:00,1.17425,1.17609,1.17425,1.1755,3899,0,0
2025-09-30 09:00:00,1.1755,1.1758,1.17445,1.17477,2725,0,0
2025-09-30 10:00:00,1.17477,1.17508,1.17396,1.17449,2590,0,0
2025-09-30 11:00:00,1.17449,1.1748,1.17358,1.17418,2509,0,0
2025-09-30 12:00:00,1.17414,1.17471,1.17325,1.17366,3525,0,0
2025-09-30 13:00:00,1.17366,1.17387,1.17158,1.17297,4769,0,0
2025-09-30 14:00:00,1.17296,1.17519,1.17217,1.17492,6825,0,0
2025-09-30 15:00:00,1.17492,1.17499,1.17251,1.17335,5076,0,0
2025-09-30 16:00:00,1.17337,1.17584,1.17332,1.17559,2793,0,0
2025-09-30 17:00:00,1.17561,1.17608,1.17462,1.17488,2181,0,0
2025-09-30 18:00:00,1.17488,1.17489,1.1735,1.17402,2019,0,0
2025-09-30 19:00:00,1.17402,1.17405,1.17356,1.17393,1842,0,0
2025-09-30 20:00:00,1.17395,1.17397,1.17322,1.17327,1015,0,0
2025-09-30 21:00:00,1.17336,1.17348,1.17305,1.17334,915,0,0
2025-09-30 22:00:00,1.17334,1.17418,1.17326,1.17339,882,0,0
2025-09-30 23:00:00,1.17338,1.1742,1.1733,1.17339,842,0,0
2025-10-01 00:00:00,1.17338,1.17378,1.17289,1.17354,1789,0,0
2025-10-01 01:00:00,1.17354,1.17403,1.17297,1.17387,1169,0,0
2025-10-01 02:00:00,1.17387,1.17391,1.17319,1.17373,1469,0,0
2025-10-01 03:00:00,1.17373,1.17385,1.17334,1.17372,1325,0,0
2025-10-01 04:00:00,1.17372,1.17581,1.17372,1.17577,1633,0,0
2025-10-01 05:00:00,1.17577,1.17664,1.17515,1.17517,2625,0,0
2025-10-01 06:00:00,1.17517,1.17741,1.175,1.17671,4507,0,0
2025-10-01 07:00:00,1.1767,1.17782,1.17415,1.17494,6971,0,0
2025-10-01 08:00:00,1.17494,1.17653,1.17488,1.17492,4986,0,0
2025-10-01 09:00:00,1.17494,1.17538,1.17301,1.17324,3561,0,0
2025-10-01 10:00:00,1.17322,1.1733,1.17153,1.17249,3872,0,0
2025-10-01 11:00:00,1.17249,1.17397,1.17247,1.17337,3115,0,0
2025-10-01 12:00:00,1.17336,1.17683,1.17217,1.17485,9425,0,0
2025-10-01 13:00:00,1.17484,1.1761,1.17455,1.17538,6227,0,0
2025-10-01 14:00:00,1.17516,1.17628,1.17304,1.1746,8373,0,0
2025-10-01 15:00:00,1.17455,1.17487,1.17207,1.17221,5801,0,0
2025-10-01 16:00:00,1.1722,1.17263,1.17149,1.17222,3248,0,0
2025-10-01 17:00:00,1.17222,1.17319,1.17222,1.17232,2142,0,0
2025-10-01 18:00:00,1.17236,1.17413,1.17209,1.17341,2164,0,0
2025-10-01 19:00:00,1.17341,1.17365,1.17292,1.17298,1789,0,0
2025-10-01 20:00:00,1.17298,1.17303,1.17256,1.17287,1200,0,0
2025-10-01 21:00:00,1.17278,1.17319,1.17247,1.17301,2250,0,0
2025-10-01 22:00:00,1.17301,1.17367,1.1729,1.17332,960,0,0
2025-10-01 23:00:00,1.17333,1.17365,1.1732,1.17322,720,0,0
2025-10-02 00:00:00,1.17322,1.17345,1.17241,1.17293,2029,0,0
2025-10-02 01:00:00,1.17292,1.17385,1.17231,1.17383,2240,0,0
2025-10-02 02:00:00,1.17383,1.17415,1.1736,1.17364,1329,0,0
2025-10-02 03:00:00,1.17364,1.17382,1.17318,1.17342,1251,0,0
2025-10-02 04:00:00,1.17342,1.17353,1.17292,1.17338,1248,0,0
2025-10-02 05:00:00,1.17338,1.17366,1.17287,1.17349,1653,0,0
2025-10-02 06:00:00,1.17349,1.17443,1.17335,1.17424,3402,0,0
2025-10-02 07:00:00,1.17424,1.17562,1.17403,1.17494,3500,0,0
2025-10-02 08:00:00,1.17494,1.17562,1.17445,1.17531,3441,0,0
2025-10-02 09:00:00,1.17532,1.17576,1.17489,1.17544,3497,0,0
2025-10-02 10:00:00,1.17543,1.17543,1.17454,1.17513,2665,0,0
2025-10-02 11:00:00,1.17513,1.17559,1.17465,1.17497,2778,0,0
2025-10-02 12:00:00,1.17498,1.17578,1.17335,1.17369,3837,0,0
2025-10-02 13:00:00,1.1737,1.17433,1.17127,1.17218,5845,0,0
2025-10-02 14:00:00,1.17219,1.17219,1.17043,1.17128,5904,0,0
2025-10-02 15:00:00,1.17125,1.17128,1.16824,1.16961,5222,0,0
2025-10-02 16:00:00,1.1696,1.17144,1.16946,1.17143,2849,0,0
2025-10-02 17:00:00,1.17141,1.17198,1.17116,1.17131,2145,0,0
2025-10-02 18:00:00,1.17131,1.17216,1.17118,1.17204,1716,0,0
2025-10-02 19:00:00,1.17204,1.17259,1.17169,1.1718,1325,0,0
2025-10-02 20:00:00,1.17181,1.17238,1.1714,1.17155,1228,0,0
2025-10-02 21:00:00,1.17122,1.17183,1.17116,1.17163,940,0,0
2025-10-02 22:00:00,1.17163,1.17204,1.17146,1.17186,839,0,0
2025-10-02 23:00:00,1.17187,1.17254,1.17179,1.17241,944,0,0
2025-10-03 00:00:00,1.17241,1.17241,1.17183,1.17237,1723,0,0
2025-10-03 01:00:00,1.17237,1.17287,1.17155,1.17263,2939,0,0
2025-10-03 02:00:00,1.17262,1.17271,1.172,1.1724,1660,0,0
2025-10-03 03:00:00,1.17241,1.17263,1.17191,1.17254,1552,0,0
2025-10-03 04:00:00,1.17254,1.17276,1.17172,1.17175,1402,0,0
2025-10-03 05:00:00,1.17175,1.17209,1.17142,1.17165,2342,0,0
2025-10-03 06:00:00,1.17165,1.17285,1.17157,1.17198,2430,0,0
2025-10-03 07:00:00,1.17201,1.17335,1.17201,1.17317,2780,0,0
2025-10-03 08:00:00,1.17317,1.1744,1.17305,1.17397,3200,0,0
2025-10-03 09:00:00,1.17395,1.17397,1.17306,1.17366,2346,0,0
2025-10-03 10:00:00,1.17366,1.17394,1.17331,1.17358,2007,0,0
2025-10-03 11:00:00,1.17358,1.17423,1.17305,1.17334,2766,0,0
2025-10-03 12:00:00,1.17343,1.17403,1.17265,1.17388,3864,0,0
2025-10-03 13:00:00,1.17388,1.17439,1.17322,1.17375,4506,0,0
2025-10-03 14:00:00,1.17391,1.17588,1.17337,1.17403,7878,0,0
2025-10-03 15:00:00,1.17403,1.17482,1.1736,1.17456,3719,0,0
2025-10-03 16:00:00,1.17456,1.17479,1.1737,1.17392,1875,0,0
2025-10-03 17:00:00,1.17392,1.1741,1.17313,1.17333,1854,0,0
2025-10-03 18:00:00,1.17333,1.17396,1.17261,1.1739,1868,0,0
2025-10-03 19:00:00,1.1739,1.17417,1.17365,1.17405,1429,0,0
2025-10-03 20:00:00,1.17405,1.1744,1.17379,1.17408,1005,0,0
2025-10-05 21:00:00,1.1714,1.17248,1.1714,1.1723,634,0,0
2025-10-05 22:00:00,1.1723,1.17263,1.1715,1.17154,3533,0,0
2025-10-05 23:00:00,1.17154,1.17158,1.17058,1.17114,3957,0,0
2025-10-06 00:00:00,1.17119,1.17186,1.17093,1.17155,3799,0,0
2025-10-06 01:00:00,1.17155,1.17244,1.17094,1.17235,2877,0,0
2025-10-06 02:00:00,1.17235,1.17303,1.17231,1.17264,1813,0,0
2025-10-06 03:00:00,1.17264,1.17297,1.17227,1.17239,1524,0,0
2025-10-06 04:00:00,1.17239,1.17269,1.17189,1.17196,2063,0,0
2025-10-06 05:00:00,1.17196,1.17246,1.17129,1.17166,1880,0,0
2025-10-06 06:00:00,1.17166,1.17189,1.16895,1.1693,4301,0,0
2025-10-06 07:00:00,1.16929,1.17115,1.16616,1.16619,7163,0,0
2025-10-06 08:00:00,1.16616,1.16789,1.16514,1.16671,5535,0,0
2025-10-06 09:00:00,1.16658,1.16692,1.16566,1.16657,3849,0,0
2025-10-06 10:00:00,1.16657,1.16663,1.1652,1.16628,3336,0,0
2025-10-06 11:00:00,1.16628,1.16784,1.16568,1.16748,3247,0,0
2025-10-06 12:00:00,1.16747,1.16891,1.16723,1.16883,5103,0,0
2025-10-06 13:00:00,1.16885,1.17026,1.1683,1.16988,4776,0,0
2025-10-06 14:00:00,1.16988,1.17173,1.16944,1.1716,5018,0,0
2025-10-06 15:00:00,1.17159,1.17204,1.17022,1.1706,3878,0,0
2025-10-06 16:00:00,1.1706,1.17116,1.17025,1.17115,2028,0,0
2025-10-06 17:00:00,1.17115,1.17153,1.17091,1.17097,1764,0,0
2025-10-06 18:00:00,1.17097,1.17149,1.17089,1.1712,1550,0,0
2025-10-06 19:00:00,1.1712,1.17164,1.17094,1.17099,1380,0,0
2025-10-06 20:00:00,1.17098,1.17134,1.17077,1.17113,930,0,0
2025-10-06 21:00:00,1.17087,1.17134,1.16998,1.17086,1035,0,0
2025-10-06 22:00:00,1.17086,1.17143,1.17057,1.17092,2311,0,0
2025-10-06 23:00:00,1.17092,1.17138,1.17076,1.17086,1347,0,0
2025-10-07 00:00:00,1.17086,1.17105,1.17036,1.17083,2200,0,0
2025-10-07 01:00:00,1.17083,1.17083,1.16958,1.16962,1907,0,0
2025-10-07 02:00:00,1.16962,1.17053,1.16962,1.17012,1528,0,0
2025-10-07 03:00:00,1.17011,1.17066,1.1699,1.17027,1255,0,0
2025-10-07 04:00:00,1.17027,1.17067,1.16937,1.16977,1487,0,0
2025-10-07 05:00:00,1.16977,1.16994,1.16868,1.16914,2039,0,0
2025-10-07 06:00:00,1.16914,1.16914,1.16825,1.16862,3464,0,0
2025-10-07 07:00:00,1.16862,1.16874,1.16697,1.16758,3565,0,0
2025-10-07 08:00:00,1.16758,1.16822,1.16644,1.16653,2916,0,0
2025-10-07 09:00:00,1.16654,1.16706,1.16599,1.1666,2897,0,0
2025-10-07 10:00:00,1.1666,1.16753,1.16625,1.16733,2756,0,0
2025-10-07 11:00:00,1.16734,1.16735,1.16533,1.1662,3174,0,0
2025-10-07 12:00:00,1.16619,1.16665,1.16535,1.16664,4129,0,0
2025-10-07 13:00:00,1.16664,1.16697,1.16588,1.16597,5053,0,0
2025-10-07 14:00:00,1.16597,1.16656,1.1654,1.16625,5365,0,0
2025-10-07 15:00:00,1.16624,1.16794,1.16609,1.16725,4978,0,0
2025-10-07 16:00:00,1.16725,1.16805,1.16691,1.16693,3640,0,0
2025-10-07 17:00:00,1.16693,1.16788,1.16658,1.16665,2913,0,0
2025-10-07 18:00:00,1.16665,1.16671,1.16561,1.16573,2775,0,0
2025-10-07 19:00:00,1.16573,1.16577,1.16469,1.16499,2206,0,0
2025-10-07 20:00:00,1.16499,1.16577,1.16484,1.16566,1023,0,0
2025-10-07 21:00:00,1.16527,1.16576,1.1652,1.16561,970,0,0
2025-10-07 22:00:00,1.16561,1.16607,1.1654,1.16586,1023,0,0
2025-10-07 23:00:00,1.16587,1.16587,1.1652,1.16521,1392,0,0
2025-10-08 00:00:00,1.16521,1.16525,1.16448,1.16468,2702,0,0
2025-10-08 01:00:00,1.16467,1.16467,1.16254,1.16261,4621,0,0
2025-10-08 02:00:00,1.16261,1.16266,1.16164,1.16235,3003,0,0
2025-10-08 03:00:00,1.16235,1.16241,1.16168,1.16234,2003,0,0
2025-10-08 04:00:00,1.16234,1.16248,1.16153,1.16189,1897,0,0
2025-10-08 05:00:00,1.16189,1.16189,1.16115,1.16166,2342,0,0
2025-10-08 06:00:00,1.16166,1.16198,1.16064,1.16159,4329,0,0
2025-10-08 07:00:00,1.16162,1.16337,1.16111,1.16306,5298,0,0
2025-10-08 08:00:00,1.16306,1.16349,1.161,1.1614,4151,0,0
2025-10-08 09:00:00,1.16141,1.16199,1.16053,1.16107,4408,0,0
2025-10-08 10:00:00,1.16106,1.16361,1.16085,1.16332,3436,0,0
2025-10-08 11:00:00,1.16332,1.1634,1.16245,1.16255,3700,0,0
2025-10-08 12:00:00,1.16255,1.16373,1.16239,1.1632,4028,0,0
2025-10-08 13:00:00,1.1632,1.1644,1.16267,1.16313,5484,0,0
2025-10-08 14:00:00,1.16313,1.16359,1.16199,1.16209,5293,0,0
2025-10-08 15:00:00,1.16211,1.16215,1.16024,1.16053,4964,0,0
2025-10-08 16:00:00,1.16053,1.16063,1.15978,1.16048,3019,0,0
2025-10-08 17:00:00,1.16048,1.16087,1.16018,1.16071,1998,0,0
2025-10-08 18:00:00,1.16071,1.16216,1.15989,1.16194,4303,0,0
2025-10-08 19:00:00,1.16198,1.16278,1.16198,1.16274,2384,0,0
2025-10-08 20:00:00,1.16274,1.16317,1.1626,1.16285,1270,0,0
2025-10-08 21:00:00,1.1623,1.16282,1.1621,1.16268,2381,0,0
2025-10-08 22:00:00,1.16272,1.16346,1.16266,1.1633,1226,0,0
2025-10-08 23:00:00,1.16332,1.16332,1.16274,1.16287,1533,0,0
2025-10-09 00:00:00,1.16285,1.16406,1.16274,1.16365,2517,0,0
2025-10-09 01:00:00,1.16365,1.16452,1.16359,1.16393,3159,0,0
2025-10-09 02:00:00,1.16393,1.16473,1.16382,1.16433,1926,0,0
2025-10-09 03:00:00,1.16432,1.16461,1.16398,1.16443,1481,0,0
2025-10-09 04:00:00,1.16443,1.16465,1.16413,1.1645,1197,0,0
2025-10-09 05:00:00,1.1645,1.16477,1.16376,1.16379,1813,0,0
2025-10-09 06:00:00,1.1638,1.16381,1.16109,1.16151,5322,0,0
2025-10-09 07:00:00,1.16153,1.16227,1.16058,1.16104,4860,0,0
2025-10-09 08:00:00,1.16105,1.1614,1.16026,1.16119,4520,0,0
2025-10-09 09:00:00,1.1612,1.16266,1.16102,1.16252,5035,0,0
2025-10-09 10:00:00,1.16257,1.16268,1.16126,1.1618,3256,0,0
2025-10-09 11:00:00,1.1618,1.16215,1.16085,1.16117,3578,0,0
2025-10-09 12:00:00,1.16116,1.16158,1.16044,1.16145,4956,0,0
2025-10-09 13:00:00,1.16145,1.16228,1.15909,1.16021,8349,0,0
2025-10-09 14:00:00,1.16022,1.16023,1.1576,1.15805,8345,0,0
2025-10-09 15:00:00,1.15805,1.15813,1.15464,1.15585,6914,0,0
2025-10-09 16:00:00,1.15586,1.1563,1.15517,1.15573,4218,0,0
2025-10-09 17:00:00,1.15573,1.15659,1.15535,1.15593,4057,0,0
2025-10-09 18:00:00,1.15593,1.156,1.15413,1.15459,2987,0,0
2025-10-09 19:00:00,1.15466,1.15609,1.15462,1.15591,2701,0,0
2025-10-09 20:00:00,1.15586,1.15665,1.15583,1.15632,1534,0,0
2025-10-09 21:00:00,1.1553,1.15647,1.1553,1.15634,652,0,0
2025-10-09 22:00:00,1.15624,1.1566,1.15614,1.1564,872,0,0
2025-10-09 23:00:00,1.15639,1.15658,1.15564,1.15648,1762,0,0
2025-10-10 00:00:00,1.15648,1.15701,1.15601,1.1567,2580,0,0
2025-10-10 01:00:00,1.15671,1.15708,1.15617,1.15623,2542,0,0
2025-10-10 02:00:00,1.15623,1.15723,1.15618,1.1569,2007,0,0
2025-10-10 03:00:00,1.15689,1.15736,1.15665,1.15724,1558,0,0
2025-10-10 04:00:00,1.15724,1.15732,1.15668,1.1573,1436,0,0
2025-10-10 05:00:00,1.1573,1.15772,1.1569,1.15694,1784,0,0
2025-10-10 06:00:00,1.15693,1.15744,1.15604,1.15699,5014,0,0
2025-10-10 07:00:00,1.15699,1.15794,1.15631,1.15774,4680,0,0
2025-10-10 08:00:00,1.15774,1.1589,1.15748,1.15783,4068,0,0
2025-10-10 09:00:00,1.15782,1.15795,1.1568,1.15737,3187,0,0
2025-10-10 10:00:00,1.15737,1.15829,1.15697,1.15708,3172,0,0
2025-10-10 11:00:00,1.15708,1.15744,1.15598,1.15602,3626,0,0
2025-10-10 12:00:00,1.15603,1.15755,1.15586,1.15714,4155,0,0
2025-10-10 13:00:00,1.15714,1.1573,1.15612,1.15687,4266,0,0
2025-10-10 14:00:00,1.15689,1.15818,1.1564,1.15778,5656,0,0
2025-10-10 15:00:00,1.15779,1.16302,1.15774,1.16119,12553,0,0
2025-10-10 16:00:00,1.16119,1.16253,1.16035,1.16053,6082,0,0
2025-10-10 17:00:00,1.16053,1.16088,1.15965,1.16007,3250,0,0
2025-10-10 18:00:00,1.16007,1.16126,1.15994,1.1608,2310,0,0
2025-10-10 19:00:00,1.1608,1.16147,1.16031,1.16121,2026,0,0
2025-10-10 20:00:00,1.16121,1.16264,1.16031,1.162,2487,0,0
2025-10-12 21:00:00,1.16154,1.16154,1.16047,1.16113,598,0,0
2025-10-12 22:00:00,1.16113,1.16113,1.15911,1.16026,3929,0,0
2025-10-12 23:00:00,1.16029,1.16094,1.15996,1.16008,2917,0,0
2025-10-13 00:00:00,1.16007,1.16154,1.15992,1.16152,4076,0,0
2025-10-13 01:00:00,1.16163,1.16206,1.1609,1.16193,3835,0,0
2025-10-13 02:00:00,1.16195,1.1627,1.16162,1.1619,2333,0,0
2025-10-13 03:00:00,1.1619,1.16213,1.16156,1.16202,1715,0,0
2025-10-13 04:00:00,1.16202,1.16246,1.16173,1.16199,1296,0,0
2025-10-13 05:00:00,1.16199,1.16234,1.16126,1.16144,2236,0,0
2025-10-13 06:00:00,1.16144,1.16293,1.16101,1.16135,4558,0,0
2025-10-13 07:00:00,1.16135,1.1615,1.15969,1.15993,5589,0,0
2025-10-13 08:00:00,1.15993,1.16043,1.15809,1.15848,4548,0,0
2025-10-13 09:00:00,1.15848,1.15977,1.15838,1.15935,2887,0,0
2025-10-13 10:00:00,1.15935,1.15954,1.15809,1.15832,3141,0,0
2025-10-13 11:00:00,1.15831,1.15937,1.15649,1.15679,4744,0,0
2025-10-13 12:00:00,1.15683,1.15761,1.1561,1.1568,4197,0,0
2025-10-13 13:00:00,1.1568,1.15769,1.1564,1.15745,4766,0,0
2025-10-13 14:00:00,1.15746,1.15746,1.15568,1.15607,4996,0,0
2025-10-13 15:00:00,1.15606,1.15749,1.15595,1.15734,3295,0,0
2025-10-13 16:00:00,1.15735,1.15785,1.15691,1.15749,2573,0,0
2025-10-13 17:00:00,1.15749,1.15765,1.15691,1.15726,2076,0,0
2025-10-13 18:00:00,1.15726,1.1577,1.15651,1.15679,2021,0,0
2025-10-13 19:00:00,1.15679,1.15733,1.15654,1.15656,1573,0,0
2025-10-13 20:00:00,1.15655,1.15697,1.15646,1.15694,1111,0,0
2025-10-13 21:00:00,1.15648,1.15713,1.15632,1.15699,362,0,0
2025-10-13 22:00:00,1.15699,1.15733,1.15671,1.15672,940,0,0
2025-10-13 23:00:00,1.15672,1.15692,1.1563,1.1565,1384,0,0
2025-10-14 00:00:00,1.15646,1.15665,1.15543,1.15605,3225,0,0
2025-10-14 01:00:00,1.15606,1.15728,1.15601,1.15702,3059,0,0
2025-10-14 02:00:00,1.15703,1.15757,1.15697,1.1573,1754,0,0
2025-10-14 03:00:00,1.1573,1.15814,1.15707,1.1578,1895,0,0
2025-10-14 04:00:00,1.1578,1.15921,1.15776,1.15914,3401,0,0
2025-10-14 05:00:00,1.15916,1.1593,1.15817,1.15839,3596,0,0
2025-10-14 06:00:00,1.1584,1.15891,1.15625,1.15696,6091,0,0
2025-10-14 07:00:00,1.15694,1.15739,1.15412,1.15488,7182,0,0
2025-10-14 08:00:00,1.15486,1.15602,1.1545,1.15584,4582,0,0
2025-10-14 09:00:00,1.15585,1.15628,1.1551,1.15545,3850,0,0
2025-10-14 10:00:00,1.15545,1.15589,1.15507,1.15529,4293,0,0
2025-10-14 11:00:00,1.15529,1.15579,1.15457,1.15515,4183,0,0
2025-10-14 12:00:00,1.15516,1.15645,1.15474,1.15552,5101,0,0
2025-10-14 13:00:00,1.15551,1.15825,1.15539,1.15735,7463,0,0
2025-10-14 14:00:00,1.15734,1.15967,1.15686,1.15937,6877,0,0
2025-10-14 15:00:00,1.15938,1.16077,1.1586,1.16068,5819,0,0
2025-10-14 16:00:00,1.16068,1.16144,1.16006,1.16088,5875,0,0
2025-10-14 17:00:00,1.16084,1.16115,1.1601,1.16089,3477,0,0
2025-10-14 18:00:00,1.16088,1.16113,1.16028,1.16045,3034,0,0
2025-10-14 19:00:00,1.16045,1.16105,1.16038,1.16049,3304,0,0
2025-10-14 20:00:00,1.16049,1.16067,1.15993,1.16062,1185,0,0
2025-10-14 21:00:00,1.16017,1.16065,1.16015,1.16056,199,0,0
2025-10-14 22:00:00,1.16056,1.16088,1.16027,1.16027,1252,0,0
2025-10-14 23:00:00,1.16027,1.1605,1.16012,1.16026,1339,0,0
2025-10-15 00:00:00,1.16023,1.16135,1.16012,1.161,3092,0,0
2025-10-15 01:00:00,1.161,1.16224,1.16063,1.16186,3531,0,0
2025-10-15 02:00:00,1.16186,1.16254,1.16171,1.16224,2484,0,0
2025-10-15 03:00:00,1.16223,1.16236,1.16178,1.16216,2081,0,0
2025-10-15 04:00:00,1.16217,1.16236,1.16162,1.16178,1750,0,0
2025-10-15 05:00:00,1.1618,1.16262,1.16178,1.16189,2259,0,0
2025-10-15 06:00:00,1.16189,1.16378,1.16169,1.16337,4260,0,0
2025-10-15 07:00:00,1.16338,1.16439,1.16286,1.16349,4681,0,0
2025-10-15 08:00:00,1.16349,1.16447,1.16309,1.16321,4156,0,0
2025-10-15 09:00:00,1.1632,1.16386,1.16272,1.16341,4038,0,0
2025-10-15 10:00:00,1.16339,1.16343,1.16199,1.16237,2953,0,0
2025-10-15 11:00:00,1.16237,1.16318,1.16191,1.16194,3144,0,0
2025-10-15 12:00:00,1.16194,1.16269,1.16132,1.16171,4932,0,0
2025-10-15 13:00:00,1.16171,1.16314,1.16099,1.16268,6456,0,0
2025-10-15 14:00:00,1.16268,1.16295,1.1619,1.1624,4602,0,0
2025-10-15 15:00:00,1.1624,1.16465,1.16179,1.16365,5490,0,0
2025-10-15 16:00:00,1.16372,1.16403,1.16278,1.16395,4268,0,0
2025-10-15 17:00:00,1.16395,1.16395,1.16265,1.16288,4420,0,0
2025-10-15 18:00:00,1.16288,1.16368,1.16273,1.16326,2334,0,0
2025-10-15 19:00:00,1.16326,1.16441,1.16324,1.16437,1875,0,0
2025-10-15 20:00:00,1.16437,1.16471,1.1642,1.16461,1453,0,0
2025-10-15 21:00:00,1.16417,1.16436,1.16362,1.16428,446,0,0
2025-10-15 22:00:00,1.16428,1.16514,1.16425,1.16458,1276,0,0
2025-10-15 23:00:00,1.16461,1.16466,1.1644,1.16455,1398,0,0
2025-10-16 00:00:00,1.16454,1.16665,1.16422,1.16624,4009,0,0
2025-10-16 01:00:00,1.16624,1.16749,1.16604,1.16694,4309,0,0
2025-10-16 02:00:00,1.16695,1.16741,1.16634,1.16655,2753,0,0
2025-10-16 03:00:00,1.16654,1.16666,1.16607,1.16615,2008,0,0
2025-10-16 04:00:00,1.16615,1.16616,1.16551,1.16557,1558,0,0
2025-10-16 05:00:00,1.16555,1.16609,1.16532,1.16595,2607,0,0
2025-10-16 06:00:00,1.16595,1.16675,1.16515,1.16533,4489,0,0
2025-10-16 07:00:00,1.16533,1.16562,1.16424,1.16512,5480,0,0
2025-10-16 08:00:00,1.16511,1.16593,1.1648,1.16585,4665,0,0
2025-10-16 09:00:00,1.16585,1.16634,1.16518,1.16577,3671,0,0
2025-10-16 10:00:00,1.1658,1.16625,1.16524,1.16549,3350,0,0
2025-10-16 11:00:00,1.16548,1.16557,1.16456,1.16534,3907,0,0
2025-10-16 12:00:00,1.16534,1.16612,1.16485,1.166,4859,0,0
2025-10-16 13:00:00,1.166,1.16638,1.16494,1.16568,6045,0,0
2025-10-16 14:00:00,1.16568,1.16775,1.16529,1.16764,5902,0,0
2025-10-16 15:00:00,1.16765,1.16776,1.16605,1.16639,4608,0,0
2025-10-16 16:00:00,1.16639,1.16785,1.16636,1.16765,5313,0,0
2025-10-16 17:00:00,1.16765,1.16932,1.16761,1.16876,4681,0,0
2025-10-16 18:00:00,1.16876,1.16929,1.16799,1.16888,3342,0,0
2025-10-16 19:00:00,1.16889,1.16937,1.16865,1.16883,2762,0,0
2025-10-16 20:00:00,1.16883,1.16908,1.16841,1.16877,1230,0,0
2025-10-16 21:00:00,1.16822,1.1688,1.16822,1.1686,480,0,0
2025-10-16 22:00:00,1.1686,1.16955,1.16856,1.1694,1696,0,0
2025-10-16 23:00:00,1.1694,1.16991,1.16925,1.16986,1385,0,0
2025-10-17 00:00:00,1.16986,1.17108,1.16946,1.17062,2483,0,0
2025-10-17 01:00:00,1.17061,1.17091,1.16991,1.17003,3614,0,0
2025-10-17 02:00:00,1.17003,1.17107,1.16945,1.17044,2492,0,0
2025-10-17 03:00:00,1.17045,1.17119,1.17039,1.17085,2115,0,0
2025-10-17 04:00:00,1.17085,1.17116,1.17056,1.17093,1610,0,0
2025-10-17 05:00:00,1.17093,1.17278,1.17092,1.17225,2172,0,0
2025-10-17 06:00:00,1.17224,1.1726,1.17077,1.17101,5198,0,0
2025-10-17 07:00:00,1.171,1.17144,1.16928,1.17111,7397,0,0
2025-10-17 08:00:00,1.17112,1.17156,1.16911,1.16969,4714,0,0
2025-10-17 09:00:00,1.16969,1.17072,1.16959,1.17008,2976,0,0
2025-10-17 10:00:00,1.17008,1.17022,1.16868,1.1689,3356,0,0
2025-10-17 11:00:00,1.1689,1.16965,1.16799,1.16843,5003,0,0
2025-10-17 12:00:00,1.16846,1.16857,1.16663,1.16758,5833,0,0
2025-10-17 13:00:00,1.16758,1.16809,1.16683,1.16701,5977,0,0
2025-10-17 14:00:00,1.16698,1.16725,1.1656,1.16662,6937,0,0
2025-10-17 15:00:00,1.16661,1.16727,1.16603,1.16727,4730,0,0
2025-10-17 16:00:00,1.16727,1.16788,1.16692,1.16703,3242,0,0
2025-10-17 17:00:00,1.16703,1.16751,1.16664,1.16672,2889,0,0
2025-10-17 18:00:00,1.16673,1.16737,1.16631,1.16675,2619,0,0
2025-10-17 19:00:00,1.16675,1.16706,1.16655,1.16701,1680,0,0
2025-10-17 20:00:00,1.16701,1.16701,1.16492,1.165,1428,0,0
2025-10-19 21:00:00,1.16615,1.16649,1.16529,1.16548,531,0,0
2025-10-19 22:00:00,1.16548,1.16573,1.16511,1.16557,1744,0,0
2025-10-19 23:00:00,1.16555,1.1661,1.16536,1.16574,1426,0,0
2025-10-20 00:00:00,1.16574,1.16659,1.16571,1.16659,2890,0,0
2025-10-20 01:00:00,1.16659,1.16669,1.16559,1.16594,2558,0,0
2025-10-20 02:00:00,1.16594,1.16701,1.16594,1.16652,1846,0,0
2025-10-20 03:00:00,1.16652,1.16682,1.16642,1.16677,1478,0,0
2025-10-20 04:00:00,1.16675,1.16733,1.16649,1.16707,1659,0,0
2025-10-20 05:00:00,1.16707,1.1675,1.16692,1.1673,1826,0,0
2025-10-20 06:00:00,1.1673,1.1673,1.16559,1.16577,3888,0,0
2025-10-20 07:00:00,1.16578,1.16676,1.16531,1.16617,3990,0,0
2025-10-20 08:00:00,1.16618,1.16659,1.16572,1.16629,3730,0,0
2025-10-20 09:00:00,1.1663,1.16671,1.16586,1.16613,4352,0,0
2025-10-20 10:00:00,1.16613,1.16624,1.16505,1.16529,3027,0,0
2025-10-20 11:00:00,1.16529,1.16559,1.16437,1.16559,3252,0,0
2025-10-20 12:00:00,1.16559,1.16599,1.16495,1.16528,4189,0,0
2025-10-20 13:00:00,1.16529,1.1654,1.16458,1.16484,4140,0,0
2025-10-20 14:00:00,1.16485,1.16638,1.16469,1.16532,3802,0,0
2025-10-20 15:00:00,1.16532,1.16638,1.16519,1.16544,3696,0,0
2025-10-20 16:00:00,1.16544,1.16575,1.16486,1.16492,2072,0,0
2025-10-20 17:00:00,1.16489,1.16522,1.16405,1.16427,1785,0,0
2025-10-20 18:00:00,1.16428,1.16478,1.16375,1.16457,1548,0,0
2025-10-20 19:00:00,1.16457,1.16486,1.16393,1.16401,1237,0,0
2025-10-20 20:00:00,1.16402,1.16439,1.16396,1.16406,957,0,0
2025-10-20 21:00:00,1.16383,1.16438,1.16358,1.16432,558,0,0
2025-10-20 22:00:00,1.16432,1.1645,1.16419,1.16423,957,0,0
2025-10-20 23:00:00,1.16423,1.16445,1.16419,1.16438,938,0,0
2025-10-21 00:00:00,1.16435,1.16546,1.16425,1.16526,2295,0,0
2025-10-21 01:00:00,1.16526,1.16526,1.16412,1.16442,2871,0,0
2025-10-21 02:00:00,1.16445,1.16447,1.1632,1.16337,2762,0,0
2025-10-21 03:00:00,1.16336,1.16354,1.16322,1.16342,1232,0,0
2025-10-21 04:00:00,1.16342,1.1636,1.16312,1.16354,1832,0,0
2025-10-21 05:00:00,1.16354,1.16369,1.16235,1.16248,2421,0,0
2025-10-21 06:00:00,1.16246,1.16335,1.1618,1.16313,3152,0,0
2025-10-21 07:00:00,1.16313,1.16349,1.16211,1.16248,4408,0,0
2025-10-21 08:00:00,1.16247,1.1627,1.16123,1.16207,4220,0,0
2025-10-21 09:00:00,1.16206,1.16266,1.16154,1.16201,3207,0,0
2025-10-21 10:00:00,1.16201,1.16229,1.16059,1.16174,3688,0,0
2025-10-21 11:00:00,1.16174,1.16254,1.16085,1.16123,3611,0,0
2025-10-21 12:00:00,1.16122,1.16162,1.16013,1.16106,5440,0,0
2025-10-21 13:00:00,1.16105,1.16164,1.16018,1.1612,6083,0,0
2025-10-21 14:00:00,1.16119,1.16175,1.1597,1.16038,5561,0,0
2025-10-21 15:00:00,1.16039,1.16159,1.16036,1.16144,3736,0,0
2025-10-21 16:00:00,1.16146,1.1624,1.16071,1.16084,4173,0,0
2025-10-21 17:00:00,1.16084,1.16095,1.16007,1.16033,2352,0,0
2025-10-21 18:00:00,1.16033,1.1608,1.16029,1.16045,1653,0,0
2025-10-21 19:00:00,1.16045,1.16071,1.15992,1.15998,1508,0,0
2025-10-21 20:00:00,1.16,1.16021,1.15982,1.1599,903,0,0
2025-10-21 21:00:00,1.15966,1.16031,1.15959,1.1602,465,0,0
2025-10-21 22:00:00,1.1602,1.1602,1.15988,1.15995,752,0,0
2025-10-21 23:00:00,1.15995,1.16012,1.15985,1.15989,603,0,0
2025-10-22 00:00:00,1.15989,1.16073,1.15989,1.16041,2162,0,0
2025-10-22 01:00:00,1.16041,1.16086,1.16008,1.16043,1680,0,0
2025-10-22 02:00:00,1.16045,1.16104,1.16045,1.16079,1102,0,0
2025-10-22 03:00:00,1.1608,1.16084,1.1604,1.16065,1315,0,0
2025-10-22 04:00:00,1.16065,1.16089,1.1604,1.16086,1228,0,0
2025-10-22 05:00:00,1.16086,1.16151,1.16084,1.1613,1644,0,0
2025-10-22 06:00:00,1.1613,1.16143,1.16036,1.16088,4011,0,0
2025-10-22 07:00:00,1.16088,1.16123,1.15989,1.16,3766,0,0
2025-10-22 08:00:00,1.16,1.16001,1.15893,1.15971,4243,0,0
2025-10-22 09:00:00,1.15968,1.16015,1.15917,1.15943,2728,0,0
2025-10-22 10:00:00,1.15939,1.15964,1.15821,1.15852,2859,0,0
2025-10-22 11:00:00,1.15852,1.15886,1.15816,1.15821,3611,0,0
2025-10-22 12:00:00,1.15821,1.15909,1.1576,1.15825,4355,0,0
2025-10-22 13:00:00,1.15825,1.15971,1.15812,1.15941,4392,0,0
2025-10-22 14:00:00,1.15942,1.16109,1.15917,1.16106,4328,0,0
2025-10-22 15:00:00,1.16106,1.16163,1.1608,1.16107,4619,0,0
2025-10-22 16:00:00,1.16107,1.16219,1.16098,1.16189,3810,0,0
2025-10-22 17:00:00,1.16189,1.16199,1.16121,1.16141,2365,0,0
2025-10-22 18:00:00,1.16141,1.1615,1.16069,1.16086,1781,0,0
2025-10-22 19:00:00,1.16086,1.16106,1.16043,1.16053,1395,0,0
2025-10-22 20:00:00,1.16053,1.16104,1.16053,1.16084,714,0,0
2025-10-22 21:00:00,1.16078,1.16113,1.16071,1.16109,578,0,0
2025-10-22 22:00:00,1.16109,1.16139,1.1609,1.16116,724,0,0
2025-10-22 23:00:00,1.16119,1.16121,1.1606,1.16066,1021,0,0
2025-10-23 00:00:00,1.16066,1.1607,1.1597,1.16035,2056,0,0
2025-10-23 01:00:00,1.16036,1.16049,1.15968,1.15971,2040,0,0
2025-10-23 02:00:00,1.15971,1.15989,1.15945,1.15959,1493,0,0
2025-10-23 03:00:00,1.15959,1.15981,1.15913,1.15921,1067,0,0
2025-10-23 04:00:00,1.15921,1.15988,1.159,1.15983,1256,0,0
2025-10-23 05:00:00,1.15984,1.16035,1.15961,1.16009,1332,0,0
2025-10-23 06:00:00,1.16009,1.16032,1.15901,1.15938,2833,0,0
2025-10-23 07:00:00,1.15938,1.16009,1.15903,1.15995,3079,0,0
2025-10-23 08:00:00,1.15994,1.16057,1.15923,1.15956,2507,0,0
2025-10-23 09:00:00,1.15956,1.15997,1.15924,1.15931,2051,0,0
2025-10-23 10:00:00,1.15931,1.15943,1.15848,1.15874,1966,0,0
2025-10-23 11:00:00,1.15874,1.15924,1.15849,1.15866,2566,0,0
2025-10-23 12:00:00,1.15868,1.16055,1.15861,1.16,3189,0,0
2025-10-23 13:00:00,1.16001,1.161,1.15975,1.16063,4149,0,0
2025-10-23 14:00:00,1.16063,1.16193,1.1605,1.16126,4189,0,0
2025-10-23 15:00:00,1.16126,1.16153,1.16059,1.16111,2898,0,0
2025-10-23 16:00:00,1.16111,1.16155,1.16059,1.16063,2191,0,0
2025-10-23 17:00:00,1.16062,1.16115,1.16036,1.1611,1849,0,0
2025-10-23 18:00:00,1.16109,1.16173,1.16092,1.1617,1660,0,0
2025-10-23 19:00:00,1.1617,1.16193,1.16147,1.16158,1086,0,0
2025-10-23 20:00:00,1.16158,1.16185,1.1613,1.16176,884,0,0
2025-10-23 21:00:00,1.16147,1.16165,1.16124,1.16158,747,0,0
2025-10-23 22:00:00,1.16159,1.16207,1.16159,1.16174,938,0,0
2025-10-23 23:00:00,1.16174,1.16184,1.16142,1.16164,731,0,0
2025-10-24 00:00:00,1.16164,1.1621,1.16162,1.16172,1572,0,0
2025-10-24 01:00:00,1.16172,1.16183,1.16082,1.16088,1492,0,0
2025-10-24 02:00:00,1.16089,1.1612,1.16069,1.16073,1449,0,0
2025-10-24 03:00:00,1.16073,1.16112,1.16064,1.16085,1005,0,0
2025-10-24 04:00:00,1.16085,1.16085,1.1605,1.1607,1195,0,0
2025-10-24 05:00:00,1.1607,1.16075,1.16012,1.16047,1275,0,0
2025-10-24 06:00:00,1.16047,1.16135,1.16003,1.16131,2582,0,0
2025-10-24 07:00:00,1.16129,1.16273,1.16005,1.16174,4262,0,0
2025-10-24 08:00:00,1.16174,1.1623,1.16058,1.16096,3688,0,0
2025-10-24 09:00:00,1.1609,1.16121,1.16045,1.16111,2276,0,0
2025-10-24 10:00:00,1.16112,1.1616,1.16103,1.16122,2000,0,0
2025-10-24 11:00:00,1.16122,1.16151,1.16062,1.16145,2441,0,0
2025-10-24 12:00:00,1.16147,1.16471,1.1608,1.16336,7651,0,0
2025-10-24 13:00:00,1.16336,1.16429,1.162,1.1626,6028,0,0
2025-10-24 14:00:00,1.16258,1.16352,1.16175,1.16255,5047,0,0
2025-10-24 15:00:00,1.16255,1.1635,1.16207,1.16248,4008,0,0
2025-10-24 16:00:00,1.16248,1.16271,1.16206,1.1625,2133,0,0
2025-10-24 17:00:00,1.1625,1.16314,1.16238,1.16269,1616,0,0
2025-10-24 18:00:00,1.16269,1.16274,1.16242,1.16255,1479,0,0
2025-10-24 19:00:00,1.16255,1.16328,1.16254,1.16309,1446,0,0
2025-10-24 20:00:00,1.16309,1.16354,1.162,1.16267,1469,0,0
2025-10-26 21:00:00,1.16238,1.16348,1.16225,1.16279,849,0,0
2025-10-26 22:00:00,1.16279,1.16349,1.16242,1.16278,2199,0,0
2025-10-26 23:00:00,1.16278,1.16323,1.16251,1.16305,1437,0,0
2025-10-27 00:00:00,1.16305,1.16371,1.16272,1.16343,2183,0,0
2025-10-27 01:00:00,1.16343,1.16471,1.16329,1.16383,2418,0,0
2025-10-27 02:00:00,1.16384,1.16391,1.16295,1.16301,1319,0,0
2025-10-27 03:00:00,1.16302,1.16318,1.16263,1.16271,1162,0,0
2025-10-27 04:00:00,1.16271,1.16272,1.16201,1.1624,1324,0,0
2025-10-27 05:00:00,1.1624,1.16266,1.16201,1.16255,1470,0,0
2025-10-27 06:00:00,1.16255,1.16317,1.1624,1.16257,2322,0,0
2025-10-27 07:00:00,1.16259,1.16273,1.16192,1.16193,2633,0,0
2025-10-27 08:00:00,1.16193,1.16326,1.1617,1.16275,3536,0,0
2025-10-27 09:00:00,1.16276,1.16393,1.16254,1.16373,3295,0,0
2025-10-27 10:00:00,1.16373,1.16441,1.16347,1.16411,2412,0,0
2025-10-27 11:00:00,1.16411,1.16468,1.16355,1.16455,2660,0,0
2025-10-27 12:00:00,1.16455,1.1651,1.16371,1.16408,3312,0,0
2025-10-27 13:00:00,1.16408,1.16424,1.1631,1.16351,3732,0,0
2025-10-27 14:00:00,1.16351,1.16418,1.16317,1.16403,3229,0,0
2025-10-27 15:00:00,1.16403,1.16412,1.16321,1.16347,3157,0,0
2025-10-27 16:00:00,1.16347,1.16405,1.16318,1.16381,2843,0,0
2025-10-27 17:00:00,1.16381,1.1641,1.16351,1.16372,1679,0,0
2025-10-27 18:00:00,1.16374,1.16515,1.16344,1.16498,2050,0,0
2025-10-27 19:00:00,1.16498,1.165,1.16433,1.16469,1543,0,0
2025-10-27 20:00:00,1.16469,1.16483,1.16426,1.16439,953,0,0
2025-10-27 21:00:00,1.16423,1.16451,1.16417,1.16442,407,0,0
2025-10-27 22:00:00,1.16443,1.16501,1.16438,1.16492,1221,0,0
2025-10-27 23:00:00,1.16492,1.16543,1.16487,1.16503,1111,0,0
2025-10-28 00:00:00,1.16503,1.16583,1.16456,1.16551,2018,0,0
2025-10-28 01:00:00,1.16549,1.16633,1.16544,1.16569,2305,0,0
2025-10-28 02:00:00,1.16569,1.16625,1.16533,1.16538,1700,0,0
2025-10-28 03:00:00,1.16538,1.16625,1.16536,1.16594,1516,0,0
2025-10-28 04:00:00,1.16594,1.16671,1.16581,1.16657,1489,0,0
2025-10-28 05:00:00,1.16657,1.16675,1.1662,1.16632,1473,0,0
2025-10-28 06:00:00,1.16632,1.16666,1.16543,1.16554,1895,0,0
2025-10-28 07:00:00,1.16553,1.16609,1.16504,1.16544,2409,0,0
2025-10-28 08:00:00,1.16544,1.16622,1.1648,1.16514,3937,0,0
2025-10-28 09:00:00,1.16513,1.16583,1.16443,1.16563,2680,0,0
2025-10-28 10:00:00,1.16563,1.16643,1.16544,1.16636,2175,0,0
2025-10-28 11:00:00,1.16636,1.16637,1.16542,1.16585,2113,0,0
2025-10-28 12:00:00,1.16585,1.16593,1.16343,1.16396,3785,0,0
2025-10-28 13:00:00,1.16396,1.16398,1.1625,1.16389,4339,0,0
2025-10-28 14:00:00,1.16389,1.16628,1.16366,1.166,4088,0,0
2025-10-28 15:00:00,1.16602,1.16666,1.16544,1.16584,3586,0,0
2025-10-28 16:00:00,1.16584,1.16672,1.16524,1.16671,3568,0,0
2025-10-28 17:00:00,1.16671,1.16681,1.16587,1.16625,2377,0,0
2025-10-28 18:00:00,1.16625,1.16631,1.16554,1.16616,1486,0,0
2025-10-28 19:00:00,1.16617,1.16645,1.16511,1.16516,1591,0,0
2025-10-28 20:00:00,1.16516,1.16569,1.16503,1.16537,976,0,0
2025-10-28 21:00:00,1.16493,1.16516,1.16492,1.16508,128,0,0
2025-10-28 22:00:00,1.16525,1.16537,1.16492,1.16501,974,0,0
2025-10-28 23:00:00,1.16501,1.16568,1.16477,1.16566,768,0,0
2025-10-29 00:00:00,1.16566,1.16604,1.16526,1.16538,3477,0,0
2025-10-29 01:00:00,1.16538,1.16554,1.16458,1.16467,2407,0,0
2025-10-29 02:00:00,1.16468,1.16474,1.16408,1.16459,1489,0,0
2025-10-29 03:00:00,1.16459,1.16461,1.16363,1.16367,1035,0,0
2025-10-29 04:00:00,1.16365,1.1637,1.16308,1.16333,1170,0,0
2025-10-29 05:00:00,1.16335,1.1635,1.16266,1.16309,1590,0,0
2025-10-29 06:00:00,1.16309,1.1632,1.16245,1.16293,1817,0,0
2025-10-29 07:00:00,1.16292,1.16373,1.16278,1.16322,3045,0,0
2025-10-29 08:00:00,1.16321,1.16334,1.16226,1.16226,2818,0,0
2025-10-29 09:00:00,1.16226,1.16465,1.16183,1.16406,3129,0,0
2025-10-29 10:00:00,1.16406,1.16483,1.16364,1.16467,2278,0,0
2025-10-29 11:00:00,1.16467,1.16481,1.16324,1.16392,2568,0,0
2025-10-29 12:00:00,1.16392,1.16444,1.16269,1.16333,3217,0,0
2025-10-29 13:00:00,1.16334,1.16452,1.16329,1.16361,4303,0,0
2025-10-29 14:00:00,1.16361,1.16508,1.16309,1.16499,3322,0,0
2025-10-29 15:00:00,1.16499,1.1664,1.16445,1.1663,3734,0,0
2025-10-29 16:00:00,1.1663,1.16652,1.16547,1.16567,2716,0,0
2025-10-29 17:00:00,1.16566,1.16584,1.16442,1.16442,2280,0,0
2025-10-29 18:00:00,1.16445,1.16504,1.15835,1.15938,12250,0,0
2025-10-29 19:00:00,1.15938,1.15995,1.15771,1.15987,8379,0,0
2025-10-29 20:00:00,1.15986,1.16067,1.15901,1.16004,2075,0,0
2025-10-29 21:00:00,1.15984,1.16033,1.15984,1.16011,579,0,0
2025-10-29 22:00:00,1.16022,1.16049,1.16006,1.16033,955,0,0
2025-10-29 23:00:00,1.16034,1.16047,1.16007,1.16025,749,0,0
2025-10-30 00:00:00,1.16025,1.16148,1.15962,1.16114,2293,0,0
2025-10-30 01:00:00,1.16114,1.16147,1.16081,1.16133,2428,0,0
2025-10-30 02:00:00,1.16132,1.16191,1.16118,1.16167,1557,0,0
2025-10-30 03:00:00,1.16168,1.16193,1.16064,1.1615,2700,0,0
2025-10-30 04:00:00,1.16149,1.16368,1.16129,1.16315,4478,0,0
2025-10-30 05:00:00,1.16315,1.16335,1.16228,1.16234,2368,0,0
2025-10-30 06:00:00,1.16234,1.16291,1.16175,1.1619,3320,0,0
2025-10-30 07:00:00,1.1619,1.16223,1.1609,1.16178,3857,0,0
2025-10-30 08:00:00,1.16178,1.16198,1.16059,1.16165,4047,0,0
2025-10-30 09:00:00,1.16165,1.16278,1.16137,1.1616,3535,0,0
2025-10-30 10:00:00,1.16164,1.16193,1.16054,1.16061,2789,0,0
2025-10-30 11:00:00,1.16061,1.16106,1.15955,1.15972,3185,0,0
2025-10-30 12:00:00,1.15972,1.15986,1.15526,1.15545,5190,0,0
2025-10-30 13:00:00,1.15544,1.15789,1.15465,1.15789,6718,0,0
2025-10-30 14:00:00,1.15794,1.15858,1.15671,1.15726,6429,0,0
2025-10-30 15:00:00,1.15726,1.15768,1.15601,1.1563,3683,0,0
2025-10-30 16:00:00,1.1563,1.15708,1.15586,1.15687,2749,0,0
2025-10-30 17:00:00,1.15688,1.15693,1.15597,1.15658,2193,0,0
2025-10-30 18:00:00,1.15658,1.15698,1.15636,1.15673,1999,0,0
2025-10-30 19:00:00,1.15673,1.15711,1.15612,1.15636,1845,0,0
2025-10-30 20:00:00,1.15636,1.15714,1.15629,1.1564,1083,0,0
2025-10-30 21:00:00,1.15626,1.15692,1.15621,1.15684,840,0,0
2025-10-30 22:00:00,1.15685,1.15692,1.1565,1.15674,857,0,0
2025-10-30 23:00:00,1.15674,1.15728,1.15652,1.15709,919,0,0
2025-10-31 00:00:00,1.15709,1.15766,1.15695,1.15729,1847,0,0
2025-10-31 01:00:00,1.1573,1.1577,1.1566,1.1567,2129,0,0
2025-10-31 02:00:00,1.15671,1.15741,1.15643,1.15674,1703,0,0
2025-10-31 03:00:00,1.15675,1.15705,1.15653,1.15667,1332,0,0
2025-10-31 04:00:00,1.15667,1.15728,1.15658,1.15714,1141,0,0
2025-10-31 05:00:00,1.15714,1.15715,1.15656,1.15676,1669,0,0
2025-10-31 06:00:00,1.15676,1.15729,1.15602,1.15608,1674,0,0
2025-10-31 07:00:00,1.15609,1.15653,1.15545,1.15643,2755,0,0
2025-10-31 08:00:00,1.15643,1.15706,1.15592,1.15699,2408,0,0
2025-10-31 09:00:00,1.157,1.15763,1.15649,1.15757,2398,0,0
2025-10-31 10:00:00,1.15756,1.15757,1.15666,1.15704,1894,0,0
2025-10-31 11:00:00,1.15704,1.15737,1.15574,1.15662,2250,0,0
2025-10-31 12:00:00,1.15659,1.15659,1.15527,1.15555,3726,0,0
2025-10-31 13:00:00,1.15552,1.15556,1.15296,1.15381,4601,0,0
2025-10-31 14:00:00,1.15381,1.15421,1.15213,1.15335,4750,0,0
2025-10-31 15:00:00,1.15336,1.15424,1.15231,1.15403,5321,0,0
2025-10-31 16:00:00,1.15403,1.15429,1.15274,1.15296,3634,0,0
2025-10-31 17:00:00,1.15296,1.15306,1.15213,1.15235,2004,0,0
2025-10-31 18:00:00,1.15235,1.15265,1.1521,1.15244,1541,0,0
2025-10-31 19:00:00,1.15244,1.1531,1.15224,1.15251,1238,0,0
2025-10-31 20:00:00,1.15249,1.15375,1.15247,1.15365,1200,0,0
2025-11-02 22:00:00,1.1529,1.15319,1.15276,1.15298,1831,0,0
2025-11-02 23:00:00,1.15297,1.15376,1.15248,1.15268,2926,0,0
2025-11-03 00:00:00,1.15268,1.15304,1.15236,1.15253,2156,0,0
2025-11-03 01:00:00,1.15253,1.15285,1.15208,1.15265,2078,0,0
2025-11-03 02:00:00,1.15266,1.15336,1.15256,1.1531,1668,0,0
2025-11-03 03:00:00,1.1531,1.15338,1.15295,1.1533,1388,0,0
2025-11-03 04:00:00,1.1533,1.15367,1.15311,1.15336,1292,0,0
2025-11-03 05:00:00,1.15336,1.15371,1.15315,1.15343,1508,0,0
2025-11-03 06:00:00,1.15343,1.15406,1.15336,1.15373,1695,0,0
2025-11-03 07:00:00,1.15369,1.15405,1.1533,1.15392,2256,0,0
2025-11-03 08:00:00,1.15392,1.15395,1.15089,1.15129,3219,0,0
2025-11-03 09:00:00,1.1513,1.15203,1.15106,1.15138,2589,0,0
2025-11-03 10:00:00,1.15138,1.15195,1.15072,1.15148,2555,0,0
2025-11-03 11:00:00,1.15147,1.15194,1.15118,1.15149,2043,0,0
2025-11-03 12:00:00,1.15149,1.15215,1.15135,1.15168,2381,0,0
2025-11-03 13:00:00,1.15165,1.15173,1.15051,1.15104,3216,0,0
2025-11-03 14:00:00,1.15104,1.15122,1.15046,1.15096,3667,0,0
2025-11-03 15:00:00,1.15119,1.15246,1.15055,1.15246,5348,0,0
2025-11-03 16:00:00,1.15246,1.15313,1.15209,1.15304,3111,0,0
2025-11-03 17:00:00,1.15304,1.15371,1.15259,1.15266,2357,0,0
2025-11-03 18:00:00,1.15266,1.15304,1.15199,1.15227,1856,0,0
2025-11-03 19:00:00,1.15227,1.15244,1.1516,1.15188,1831,0,0
2025-11-03 20:00:00,1.15188,1.15227,1.15173,1.15189,1407,0,0
2025-11-03 21:00:00,1.15188,1.15195,1.15154,1.15185,787,0,0
2025-11-03 22:00:00,1.15158,1.15195,1.15157,1.15194,317,0,0
2025-11-03 23:00:00,1.15194,1.15204,1.15177,1.15177,1140,0,0
2025-11-04 00:00:00,1.15177,1.15179,1.1505,1.15077,2087,0,0
2025-11-04 01:00:00,1.15077,1.15094,1.14976,1.15093,2474,0,0
2025-11-04 02:00:00,1.15093,1.15104,1.15042,1.15103,1785,0,0
2025-11-04 03:00:00,1.15104,1.15171,1.15096,1.15128,1656,0,0
2025-11-04 04:00:00,1.15128,1.15171,1.15088,1.1509,1048,0,0
2025-11-04 05:00:00,1.15089,1.15136,1.15069,1.15121,1679,0,0
2025-11-04 06:00:00,1.15121,1.1526,1.15107,1.15228,2291,0,0
2025-11-04 07:00:00,1.15229,1.15328,1.15221,1.15266,2768,0,0
2025-11-04 08:00:00,1.15265,1.15283,1.15129,1.15134,3490,0,0
2025-11-04 09:00:00,1.15133,1.15165,1.14993,1.15003,2986,0,0
2025-11-04 10:00:00,1.15003,1.15093,1.14982,1.15033,2276,0,0
2025-11-04 11:00:00,1.15032,1.15051,1.14888,1.14895,2225,0,0
2025-11-04 12:00:00,1.14895,1.14926,1.14764,1.14887,3435,0,0
2025-11-04 13:00:00,1.14886,1.14964,1.14877,1.14915,2776,0,0
2025-11-04 14:00:00,1.14915,1.14942,1.14726,1.14803,3766,0,0
2025-11-04 15:00:00,1.14801,1.14923,1.14739,1.1491,3679,0,0
2025-11-04 16:00:00,1.1491,1.14959,1.14868,1.14891,3165,0,0
2025-11-04 17:00:00,1.14891,1.14896,1.14829,1.14834,1567,0,0
2025-11-04 18:00:00,1.14834,1.14861,1.14805,1.14833,1312,0,0
2025-11-04 19:00:00,1.14832,1.14867,1.14782,1.14787,1573,0,0
2025-11-04 20:00:00,1.14787,1.14828,1.14744,1.14793,1325,0,0
2025-11-04 21:00:00,1.14793,1.14821,1.14784,1.14811,1161,0,0
2025-11-04 22:00:00,1.14802,1.14838,1.14786,1.1482,791,0,0
2025-11-04 23:00:00,1.14818,1.14853,1.14818,1.14846,629,0,0
2025-11-05 00:00:00,1.14846,1.14849,1.14799,1.14832,1726,0,0
2025-11-05 01:00:00,1.14832,1.14975,1.1479,1.14888,3102,0,0
2025-11-05 02:00:00,1.14892,1.14917,1.14844,1.14881,1759,0,0
2025-11-05 03:00:00,1.14879,1.14918,1.14852,1.14884,1782,0,0
2025-11-05 04:00:00,1.14884,1.14913,1.14871,1.14903,695,0,0
2025-11-05 05:00:00,1.14903,1.14936,1.14889,1.1491,1022,0,0
2025-11-05 06:00:00,1.1491,1.14938,1.14863,1.14874,1211,0,0
2025-11-05 07:00:00,1.14874,1.14904,1.14827,1.14862,1877,0,0
2025-11-05 08:00:00,1.14864,1.14948,1.1485,1.14882,2467,0,0
2025-11-05 09:00:00,1.1488,1.14921,1.14809,1.14839,2065,0,0
2025-11-05 10:00:00,1.14839,1.14846,1.14755,1.14826,1910,0,0
2025-11-05 11:00:00,1.14826,1.14886,1.14782,1.14876,1655,0,0
2025-11-05 12:00:00,1.14876,1.1492,1.14865,1.14904,2266,0,0
2025-11-05 13:00:00,1.14903,1.1493,1.14723,1.1473,3753,0,0
2025-11-05 14:00:00,1.1473,1.14926,1.14681,1.14864,3847,0,0
2025-11-05 15:00:00,1.14866,1.14869,1.14691,1.14785,6632,0,0
2025-11-05 16:00:00,1.14788,1.14851,1.14696,1.14833,3821,0,0
2025-11-05 17:00:00,1.14833,1.14855,1.14757,1.14799,2136,0,0
2025-11-05 18:00:00,1.14799,1.1483,1.14781,1.14809,1550,0,0
2025-11-05 19:00:00,1.14809,1.14871,1.14798,1.14855,1191,0,0
2025-11-05 20:00:00,1.14857,1.14912,1.14857,1.14876,1123,0,0
2025-11-05 21:00:00,1.1488,1.14933,1.14867,1.14911,877,0,0
2025-11-05 22:00:00,1.14892,1.14917,1.14887,1.14912,450,0,0
2025-11-05 23:00:00,1.14912,1.14963,1.14901,1.14952,735,0,0
2025-11-06 00:00:00,1.14952,1.15011,1.14926,1.15001,1367,0,0
2025-11-06 01:00:00,1.15002,1.15083,1.15002,1.15067,1387,0,0
2025-11-06 02:00:00,1.15067,1.15082,1.15025,1.15048,954,0,0
2025-11-06 03:00:00,1.15048,1.15073,1.15028,1.15065,823,0,0
2025-11-06 04:00:00,1.15065,1.15078,1.15032,1.15063,657,0,0
2025-11-06 05:00:00,1.15063,1.15102,1.15029,1.15094,1050,0,0
2025-11-06 06:00:00,1.15094,1.15129,1.15048,1.15066,1345,0,0
2025-11-06 07:00:00,1.15066,1.15128,1.15063,1.15078,2205,0,0
2025-11-06 08:00:00,1.15076,1.15228,1.15055,1.15205,2974,0,0
2025-11-06 09:00:00,1.15206,1.15234,1.15106,1.15129,2376,0,0
2025-11-06 10:00:00,1.15129,1.15168,1.15097,1.151,1762,0,0
2025-11-06 11:00:00,1.15099,1.15204,1.15097,1.15197,2004,0,0
2025-11-06 12:00:00,1.15197,1.15321,1.15135,1.15302,3755,0,0
2025-11-06 13:00:00,1.15302,1.15436,1.15285,1.15351,4022,0,0
2025-11-06 14:00:00,1.15351,1.15369,1.15194,1.15198,3906,0,0
2025-11-06 15:00:00,1.15197,1.15422,1.15184,1.15389,4889,0,0
2025-11-06 16:00:00,1.15389,1.15412,1.1531,1.15372,4045,0,0
2025-11-06 17:00:00,1.15373,1.15422,1.15291,1.15402,3085,0,0
2025-11-06 18:00:00,1.15402,1.15494,1.15387,1.15465,2016,0,0
2025-11-06 19:00:00,1.15465,1.15518,1.15411,1.15438,1807,0,0
2025-11-06 20:00:00,1.15438,1.15484,1.15422,1.15469,1303,0,0
2025-11-06 21:00:00,1.1547,1.15483,1.1544,1.15472,1089,0,0
2025-11-06 22:00:00,1.15358,1.15469,1.15358,1.15407,2871,0,0
2025-11-06 23:00:00,1.15407,1.15509,1.15407,1.15481,658,0,0
2025-11-07 00:00:00,1.15481,1.15486,1.15371,1.15388,1722,0,0
2025-11-07 01:00:00,1.15388,1.15406,1.15356,1.15374,2421,0,0
2025-11-07 02:00:00,1.15374,1.15424,1.15374,1.15395,1382,0,0
2025-11-07 03:00:00,1.15399,1.15404,1.15344,1.15376,1097,0,0
2025-11-07 04:00:00,1.15376,1.15376,1.15317,1.1536,993,0,0
2025-11-07 05:00:00,1.1536,1.1538,1.15317,1.15333,926,0,0
2025-11-07 06:00:00,1.15333,1.15352,1.15288,1.15304,1599,0,0
2025-11-07 07:00:00,1.15304,1.15357,1.15301,1.15322,1949,0,0
2025-11-07 08:00:00,1.15322,1.15395,1.1529,1.15344,2625,0,0
2025-11-07 09:00:00,1.15343,1.15416,1.15339,1.15377,2010,0,0
2025-11-07 10:00:00,1.15376,1.15514,1.15369,1.15494,2037,0,0
2025-11-07 11:00:00,1.15494,1.15605,1.15487,1.15575,2376,0,0
2025-11-07 12:00:00,1.15575,1.15647,1.15532,1.15551,2944,0,0
2025-11-07 13:00:00,1.15552,1.15691,1.15552,1.1567,4055,0,0
2025-11-07 14:00:00,1.1567,1.15783,1.15648,1.15726,4173,0,0
2025-11-07 15:00:00,1.15727,1.15905,1.15706,1.15712,5010,0,0
2025-11-07 16:00:00,1.15711,1.15816,1.15707,1.15772,2759,0,0
2025-11-07 17:00:00,1.15771,1.15816,1.15707,1.15798,2070,0,0
2025-11-07 18:00:00,1.15798,1.1583,1.15669,1.15677,1589,0,0
2025-11-07 19:00:00,1.15677,1.15723,1.15548,1.1559,2137,0,0
2025-11-07 20:00:00,1.15586,1.15662,1.15568,1.15636,1872,0,0
2025-11-07 21:00:00,1.15635,1.15662,1.15581,1.15628,721,0,0
2025-11-09 22:00:00,1.15544,1.15569,1.15537,1.15547,232,0,0
2025-11-09 23:00:00,1.15546,1.15565,1.15408,1.15428,2236,0,0
2025-11-10 00:00:00,1.15428,1.1559,1.15426,1.15539,3187,0,0
2025-11-10 01:00:00,1.15539,1.15599,1.15459,1.15576,2591,0,0
2025-11-10 02:00:00,1.15577,1.15602,1.15543,1.15572,1435,0,0
2025-11-10 03:00:00,1.15573,1.1558,1.15505,1.1554,1504,0,0
2025-11-10 04:00:00,1.15541,1.15617,1.15541,1.15605,1162,0,0
2025-11-10 05:00:00,1.15605,1.1566,1.15571,1.15613,1486,0,0
2025-11-10 06:00:00,1.15613,1.15643,1.15508,1.15534,1862,0,0
2025-11-10 07:00:00,1.15534,1.15715,1.15528,1.15671,2666,0,0
2025-11-10 08:00:00,1.15671,1.15825,1.15645,1.15717,3083,0,0
2025-11-10 09:00:00,1.15716,1.15732,1.15635,1.15677,2543,0,0
2025-11-10 10:00:00,1.15677,1.15708,1.15607,1.15621,2220,0,0
2025-11-10 11:00:00,1.1562,1.15636,1.15533,1.15627,1887,0,0
2025-11-10 12:00:00,1.15627,1.15751,1.15622,1.15674,2611,0,0
2025-11-10 13:00:00,1.15675,1.15773,1.15663,1.15673,3190,0,0
2025-11-10 14:00:00,1.15674,1.15679,1.15587,1.15639,3344,0,0
2025-11-10 15:00:00,1.15639,1.15663,1.15446,1.15448,3573,0,0
2025-11-10 16:00:00,1.15448,1.15542,1.15424,1.15443,3146,0,0
2025-11-10 17:00:00,1.15443,1.15606,1.15404,1.156,2711,0,0
2025-11-10 18:00:00,1.15599,1.15644,1.15573,1.15579,1662,0,0
2025-11-10 19:00:00,1.15579,1.15625,1.15573,1.15604,1506,0,0
2025-11-10 20:00:00,1.15601,1.1564,1.15598,1.15634,1149,0,0
2025-11-10 21:00:00,1.15634,1.15635,1.15545,1.1557,826,0,0
2025-11-10 22:00:00,1.1553,1.15575,1.15482,1.15556,1071,0,0
2025-11-10 23:00:00,1.15556,1.15598,1.15548,1.15561,777,0,0
2025-11-11 00:00:00,1.15563,1.15589,1.15511,1.15516,1526,0,0
2025-11-11 01:00:00,1.15516,1.15541,1.15463,1.1554,1706,0,0
2025-11-11 02:00:00,1.1554,1.15565,1.15513,1.15528,1163,0,0
2025-11-11 03:00:00,1.15527,1.15576,1.15527,1.15559,960,0,0
2025-11-11 04:00:00,1.15558,1.15587,1.15548,1.15572,858,0,0
2025-11-11 05:00:00,1.15572,1.15646,1.1557,1.1561,1292,0,0
2025-11-11 06:00:00,1.1561,1.15624,1.15496,1.15516,1555,0,0
2025-11-11 07:00:00,1.15519,1.15602,1.15491,1.15593,2842,0,0
2025-11-11 08:00:00,1.15594,1.15677,1.15539,1.15539,2672,0,0
2025-11-11 09:00:00,1.15539,1.1568,1.15529,1.15642,2327,0,0
2025-11-11 10:00:00,1.15643,1.15741,1.15619,1.15724,1931,0,0
2025-11-11 11:00:00,1.15724,1.15772,1.15695,1.15713,1764,0,0
2025-11-11 12:00:00,1.15713,1.15765,1.1568,1.15698,2173,0,0
2025-11-11 13:00:00,1.157,1.16051,1.15697,1.16004,5442,0,0
2025-11-11 14:00:00,1.16005,1.16046,1.15927,1.15999,3690,0,0
2025-11-11 15:00:00,1.16,1.16026,1.15909,1.15944,3784,0,0
2025-11-11 16:00:00,1.15945,1.15993,1.159,1.15927,2707,0,0
2025-11-11 17:00:00,1.15927,1.15986,1.159,1.15946,1629,0,0
2025-11-11 18:00:00,1.15943,1.15949,1.15906,1.1592,1296,0,0
2025-11-11 19:00:00,1.15919,1.15923,1.15828,1.15836,1744,0,0
2025-11-11 20:00:00,1.15836,1.15886,1.15827,1.15827,1375,0,0
2025-11-11 21:00:00,1.15827,1.1585,1.15802,1.15811,1058,0,0
2025-11-11 22:00:00,1.15808,1.15849,1.15808,1.15843,368,0,0
2025-11-11 23:00:00,1.15821,1.15867,1.15811,1.15863,657,0,0
2025-11-12 00:00:00,1.15863,1.15863,1.15782,1.15785,1505,0,0
2025-11-12 01:00:00,1.15785,1.15816,1.15739,1.15747,1638,0,0
2025-11-12 02:00:00,1.15747,1.15791,1.15747,1.15782,940,0,0
2025-11-12 03:00:00,1.15783,1.15811,1.15747,1.15767,887,0,0
2025-11-12 04:00:00,1.15767,1.15779,1.15694,1.15716,1120,0,0
2025-11-12 05:00:00,1.15716,1.15781,1.15704,1.15756,1594,0,0
2025-11-12 06:00:00,1.15756,1.15818,1.15746,1.15816,1234,0,0
2025-11-12 07:00:00,1.15816,1.15878,1.15807,1.15828,2180,0,0
2025-11-12 08:00:00,1.1583,1.15872,1.15763,1.15766,2995,0,0
2025-11-12 09:00:00,1.15768,1.15799,1.15677,1.15697,2689,0,0
2025-11-12 10:00:00,1.15696,1.15749,1.15645,1.15696,2289,0,0
2025-11-12 11:00:00,1.15695,1.15773,1.1565,1.15773,2273,0,0
2025-11-12 12:00:00,1.15773,1.15797,1.15709,1.15764,2919,0,0
2025-11-12 13:00:00,1.15763,1.15793,1.15656,1.15714,3273,0,0
2025-11-12 14:00:00,1.15714,1.15751,1.15624,1.15749,3871,0,0
2025-11-12 15:00:00,1.1575,1.15953,1.15722,1.15934,4096,0,0
2025-11-12 16:00:00,1.15933,1.15972,1.15876,1.15906,3014,0,0
2025-11-12 17:00:00,1.15907,1.15966,1.15904,1.15924,1999,0,0
2025-11-12 18:00:00,1.15925,1.15937,1.15881,1.15888,1516,0,0
2025-11-12 19:00:00,1.15889,1.15897,1.15833,1.1586,1530,0,0
2025-11-12 20:00:00,1.15856,1.15901,1.15848,1.15891,1161,0,0
2025-11-12 21:00:00,1.1589,1.15923,1.15843,1.15909,1044,0,0
2025-11-12 22:00:00,1.15906,1.15916,1.15867,1.15883,1497,0,0
2025-11-12 23:00:00,1.15883,1.15936,1.15867,1.15909,606,0,0
2025-11-13 00:00:00,1.15911,1.15913,1.15796,1.15798,1971,0,0
2025-11-13 01:00:00,1.15797,1.15891,1.15783,1.15889,2117,0,0
2025-11-13 02:00:00,1.15889,1.15924,1.15847,1.15889,1347,0,0
2025-11-13 03:00:00,1.15889,1.1591,1.15862,1.15891,1037,0,0
2025-11-13 04:00:00,1.1589,1.15911,1.15868,1.15894,842,0,0
2025-11-13 05:00:00,1.15894,1.15901,1.15795,1.15812,1085,0,0
2025-11-13 06:00:00,1.1581,1.15853,1.15805,1.15851,1433,0,0
2025-11-13 07:00:00,1.15849,1.16118,1.15824,1.16109,2781,0,0
2025-11-13 08:00:00,1.16109,1.16288,1.16096,1.16273,3516,0,0
2025-11-13 09:00:00,1.16273,1.16343,1.16102,1.1616,3983,0,0
2025-11-13 10:00:00,1.16161,1.1623,1.16108,1.16153,2478,0,0
2025-11-13 11:00:00,1.16153,1.16199,1.16039,1.16056,2692,0,0
2025-11-13 12:00:00,1.16056,1.16224,1.16051,1.16223,3204,0,0
2025-11-13 13:00:00,1.16224,1.16243,1.16112,1.16199,3552,0,0
2025-11-13 14:00:00,1.16199,1.16305,1.16163,1.16273,4445,0,0
2025-11-13 15:00:00,1.16273,1.16426,1.16224,1.16384,5078,0,0
2025-11-13 16:00:00,1.16385,1.16482,1.1636,1.16482,4429,0,0
2025-11-13 17:00:00,1.16482,1.16553,1.16453,1.16506,3466,0,0
2025-11-13 18:00:00,1.16506,1.16512,1.16361,1.16377,3296,0,0
2025-11-13 19:00:00,1.16377,1.16407,1.16344,1.16351,1956,0,0
2025-11-13 20:00:00,1.1635,1.16387,1.1632,1.16325,1561,0,0
2025-11-13 21:00:00,1.16325,1.16369,1.16302,1.16338,1048,0,0
2025-11-13 22:00:00,1.16293,1.16362,1.16293,1.16342,465,0,0
2025-11-13 23:00:00,1.16342,1.16344,1.16228,1.16297,1212,0,0
2025-11-14 00:00:00,1.16295,1.16331,1.16265,1.16322,2416,0,0
2025-11-14 01:00:00,1.16322,1.16386,1.16295,1.16328,2384,0,0
2025-11-14 02:00:00,1.16327,1.16368,1.16291,1.16352,1559,0,0
2025-11-14 03:00:00,1.16351,1.16443,1.16349,1.16377,1347,0,0
2025-11-14 04:00:00,1.16377,1.16425,1.16373,1.16414,1155,0,0
2025-11-14 05:00:00,1.16414,1.16475,1.16385,1.16471,1595,0,0
2025-11-14 06:00:00,1.16471,1.16479,1.16327,1.16371,2245,0,0
2025-11-14 07:00:00,1.16371,1.16458,1.16313,1.16324,3060,0,0
2025-11-14 08:00:00,1.16324,1.16363,1.16198,1.16291,5687,0,0
2025-11-14 09:00:00,1.16291,1.16307,1.16197,1.16215,3125,0,0
2025-11-14 10:00:00,1.16209,1.16213,1.16119,1.1613,2825,0,0
2025-11-14 11:00:00,1.16129,1.16192,1.16081,1.1619,2849,0,0
2025-11-14 12:00:00,1.16191,1.16521,1.16161,1.16519,4687,0,0
2025-11-14 13:00:00,1.16521,1.16531,1.16331,1.1637,5678,0,0
2025-11-14 14:00:00,1.16372,1.16379,1.16205,1.16226,5872,0,0
2025-11-14 15:00:00,1.16226,1.16248,1.16055,1.16126,5144,0,0
2025-11-14 16:00:00,1.16126,1.16221,1.16093,1.16163,3592,0,0
2025-11-14 17:00:00,1.16163,1.16174,1.16072,1.16134,2720,0,0
2025-11-14 18:00:00,1.16134,1.16174,1.16091,1.16158,2256,0,0
2025-11-14 19:00:00,1.16158,1.16194,1.16152,1.16171,2003,0,0
2025-11-14 20:00:00,1.16171,1.16225,1.16162,1.16198,1790,0,0
2025-11-14 21:00:00,1.16199,1.1623,1.16142,1.16174,1094,0,0
2025-11-16 22:00:00,1.16124,1.16224,1.16124,1.16197,740,0,0
2025-11-16 23:00:00,1.16197,1.16241,1.16108,1.16141,1036,0,0
2025-11-17 00:00:00,1.16141,1.16142,1.16043,1.16057,2066,0,0
2025-11-17 01:00:00,1.16057,1.16095,1.16047,1.16057,1681,0,0
2025-11-17 02:00:00,1.16057,1.16058,1.16008,1.16015,1143,0,0
2025-11-17 03:00:00,1.16015,1.16015,1.15956,1.15982,1062,0,0
2025-11-17 04:00:00,1.15982,1.16025,1.1597,1.1602,719,0,0
2025-11-17 05:00:00,1.1602,1.16046,1.15986,1.15997,970,0,0
2025-11-17 06:00:00,1.15997,1.16081,1.15942,1.1607,1459,0,0
2025-11-17 07:00:00,1.1607,1.16143,1.16059,1.16126,2250,0,0
2025-11-17 08:00:00,1.16125,1.16143,1.15985,1.16025,2884,0,0
2025-11-17 09:00:00,1.16026,1.1604,1.15963,1.16009,2733,0,0
2025-11-17 10:00:00,1.16009,1.16076,1.15954,1.1596,2505,0,0
2025-11-17 11:00:00,1.15959,1.16025,1.15943,1.16006,2331,0,0
2025-11-17 12:00:00,1.16006,1.16041,1.15951,1.15982,2464,0,0
2025-11-17 13:00:00,1.15983,1.1599,1.1588,1.15905,3529,0,0
2025-11-17 14:00:00,1.15905,1.15948,1.15825,1.15851,3463,0,0
2025-11-17 15:00:00,1.15851,1.15975,1.15814,1.1597,4076,0,0
2025-11-17 16:00:00,1.15971,1.16013,1.1593,1.15966,2594,0,0
2025-11-17 17:00:00,1.15967,1.15987,1.15905,1.15932,1836,0,0
2025-11-17 18:00:00,1.15932,1.1594,1.15873,1.15904,1983,0,0
2025-11-17 19:00:00,1.15902,1.15946,1.15823,1.15834,2312,0,0
2025-11-17 20:00:00,1.15834,1.15901,1.1582,1.1588,2000,0,0
2025-11-17 21:00:00,1.1588,1.15914,1.15864,1.15913,935,0,0
2025-11-17 22:00:00,1.15889,1.15914,1.15859,1.15891,287,0,0
2025-11-17 23:00:00,1.15891,1.15937,1.15862,1.15895,676,0,0
2025-11-18 00:00:00,1.15895,1.15895,1.15842,1.15862,1448,0,0
2025-11-18 01:00:00,1.15862,1.15927,1.1584,1.15902,1777,0,0
2025-11-18 02:00:00,1.15903,1.15933,1.15875,1.15922,1215,0,0
2025-11-18 03:00:00,1.15922,1.15952,1.15906,1.15916,1474,0,0
2025-11-18 04:00:00,1.15916,1.16031,1.15884,1.15989,2501,0,0
2025-11-18 05:00:00,1.15989,1.15999,1.15948,1.15973,1447,0,0
2025-11-18 06:00:00,1.15972,1.16002,1.15926,1.15937,1961,0,0
2025-11-18 07:00:00,1.15937,1.15993,1.15904,1.15904,3342,0,0
2025-11-18 08:00:00,1.15904,1.16058,1.1589,1.15913,3789,0,0
2025-11-18 09:00:00,1.15908,1.1595,1.15867,1.15888,2613,0,0
2025-11-18 10:00:00,1.15887,1.15903,1.15789,1.15815,2407,0,0
2025-11-18 11:00:00,1.15813,1.1588,1.15795,1.15842,2140,0,0
2025-11-18 12:00:00,1.15842,1.15922,1.15825,1.15913,2815,0,0
2025-11-18 13:00:00,1.15914,1.16016,1.15876,1.15962,4741,0,0
2025-11-18 14:00:00,1.15962,1.16017,1.15922,1.15995,3870,0,0
2025-11-18 15:00:00,1.15995,1.1607,1.15811,1.15814,4958,0,0
2025-11-18 16:00:00,1.15814,1.15833,1.15719,1.15783,4477,0,0
2025-11-18 17:00:00,1.15783,1.15801,1.15708,1.1575,2497,0,0
2025-11-18 18:00:00,1.15751,1.1585,1.15745,1.15815,2071,0,0
2025-11-18 19:00:00,1.15815,1.15864,1.15796,1.15849,1742,0,0
2025-11-18 20:00:00,1.15849,1.15865,1.15781,1.158,1517,0,0
2025-11-18 21:00:00,1.158,1.15829,1.15771,1.15798,1027,0,0
2025-11-18 22:00:00,1.15736,1.15818,1.15731,1.15748,1393,0,0
2025-11-18 23:00:00,1.15748,1.15812,1.15743,1.15796,764,0,0
2025-11-19 00:00:00,1.15796,1.15835,1.15778,1.15817,1875,0,0
2025-11-19 01:00:00,1.15816,1.15843,1.15753,1.15761,2121,0,0
2025-11-19 02:00:00,1.15761,1.15813,1.15717,1.15782,1591,0,0
2025-11-19 03:00:00,1.15783,1.15834,1.15762,1.15831,1505,0,0
2025-11-19 04:00:00,1.15832,1.15835,1.15768,1.15835,1298,0,0
2025-11-19 05:00:00,1.15835,1.15901,1.15827,1.15883,1775,0,0
2025-11-19 06:00:00,1.15883,1.1591,1.15858,1.15861,1669,0,0
2025-11-19 07:00:00,1.15861,1.15967,1.15767,1.15807,3073,0,0
2025-11-19 08:00:00,1.15807,1.15884,1.15706,1.15731,3150,0,0
2025-11-19 09:00:00,1.15728,1.158,1.1565,1.15727,3421,0,0
2025-11-19 10:00:00,1.15727,1.15769,1.15668,1.15686,3375,0,0
2025-11-19 11:00:00,1.15685,1.15868,1.15679,1.15858,3352,0,0
2025-11-19 12:00:00,1.15858,1.15887,1.15752,1.15776,2655,0,0
2025-11-19 13:00:00,1.15776,1.15904,1.15704,1.15723,3321,0,0
2025-11-19 14:00:00,1.15723,1.15732,1.15542,1.15547,4597,0,0
2025-11-19 15:00:00,1.15547,1.15557,1.15397,1.15462,4664,0,0
2025-11-19 16:00:00,1.15461,1.15469,1.15342,1.15391,3785,0,0
2025-11-19 17:00:00,1.15391,1.15418,1.15254,1.15324,3589,0,0
2025-11-19 18:00:00,1.15326,1.15369,1.15286,1.15292,2492,0,0
2025-11-19 19:00:00,1.1529,1.15304,1.15173,1.15204,3736,0,0
2025-11-19 20:00:00,1.15204,1.15281,1.15196,1.15257,1891,0,0
2025-11-19 21:00:00,1.15257,1.15379,1.15224,1.15369,1452,0,0
2025-11-19 22:00:00,1.15344,1.15377,1.15344,1.15369,289,0,0
2025-11-19 23:00:00,1.15369,1.15416,1.15359,1.15388,989,0,0
2025-11-20 00:00:00,1.15388,1.15388,1.1528,1.15335,2193,0,0
2025-11-20 01:00:00,1.15335,1.15346,1.15217,1.15222,2237,0,0
2025-11-20 02:00:00,1.15222,1.15229,1.15143,1.15196,1879,0,0
2025-11-20 03:00:00,1.15196,1.15216,1.15092,1.15136,1787,0,0
2025-11-20 04:00:00,1.15136,1.15199,1.15126,1.1519,1221,0,0
2025-11-20 05:00:00,1.1519,1.15192,1.15133,1.1515,1466,0,0
2025-11-20 06:00:00,1.1515,1.15226,1.15128,1.15193,1954,0,0
2025-11-20 07:00:00,1.15193,1.15223,1.15145,1.15193,3260,0,0
2025-11-20 08:00:00,1.15191,1.15226,1.15109,1.15205,3643,0,0
2025-11-20 09:00:00,1.15204,1.15272,1.15166,1.15269,2734,0,0
2025-11-20 10:00:00,1.15269,1.15289,1.15237,1.15267,2720,0,0
2025-11-20 11:00:00,1.15267,1.15267,1.15124,1.15138,2468,0,0
2025-11-20 12:00:00,1.15138,1.15161,1.15065,1.15103,2459,0,0
2025-11-20 13:00:00,1.15103,1.15391,1.14984,1.15271,8452,0,0
2025-11-20 14:00:00,1.15271,1.15494,1.15226,1.15343,7469,0,0
2025-11-20 15:00:00,1.15343,1.15362,1.15194,1.1527,4916,0,0
2025-11-20 16:00:00,1.15269,1.15405,1.15268,1.1533,4898,0,0
2025-11-20 17:00:00,1.1533,1.15376,1.15245,1.15281,4630,0,0
2025-11-20 18:00:00,1.15281,1.15361,1.15262,1.1536,2517,0,0
2025-11-20 19:00:00,1.1536,1.154,1.15349,1.15374,1945,0,0
2025-11-20 20:00:00,1.15374,1.15379,1.15253,1.15256,1450,0,0
2025-11-20 21:00:00,1.15255,1.15277,1.15234,1.15276,1048,0,0
2025-11-20 22:00:00,1.15242,1.15288,1.15221,1.15269,1702,0,0
2025-11-20 23:00:00,1.15269,1.1534,1.1523,1.1533,1200,0,0
2025-11-21 00:00:00,1.1533,1.15355,1.15277,1.15344,1738,0,0
2025-11-21 01:00:00,1.15344,1.15377,1.15318,1.15318,2211,0,0
2025-11-21 02:00:00,1.15318,1.15384,1.15316,1.15352,1886,0,0
2025-11-21 03:00:00,1.15352,1.15373,1.1533,1.15357,1485,0,0
2025-11-21 04:00:00,1.15357,1.15415,1.15356,1.15381,1611,0,0
2025-11-21 05:00:00,1.15382,1.15413,1.1534,1.15346,1514,0,0
2025-11-21 06:00:00,1.15346,1.15462,1.15345,1.15409,2334,0,0
2025-11-21 07:00:00,1.15409,1.15473,1.15382,1.15406,3421,0,0
2025-11-21 08:00:00,1.15406,1.1552,1.15336,1.15406,4804,0,0
2025-11-21 09:00:00,1.15405,1.15422,1.15244,1.15246,3872,0,0
2025-11-21 10:00:00,1.15247,1.15264,1.15118,1.15192,4051,0,0
2025-11-21 11:00:00,1.15192,1.15222,1.1504,1.15054,2958,0,0
2025-11-21 12:00:00,1.15054,1.15254,1.14959,1.15242,5732,0,0
2025-11-21 13:00:00,1.15241,1.15264,1.15151,1.15201,3911,0,0
2025-11-21 14:00:00,1.15201,1.15227,1.15047,1.15132,4793,0,0
2025-11-21 15:00:00,1.15134,1.15228,1.14985,1.15023,5727,0,0
2025-11-21 16:00:00,1.15024,1.15049,1.14905,1.15045,3993,0,0
2025-11-21 17:00:00,1.15045,1.15123,1.15,1.15066,3131,0,0
2025-11-21 18:00:00,1.15066,1.15076,1.15015,1.15035,2246,0,0
2025-11-21 19:00:00,1.15035,1.15172,1.15034,1.15125,2245,0,0
2025-11-21 20:00:00,1.15125,1.15173,1.15086,1.15169,1716,0,0
2025-11-21 21:00:00,1.15168,1.15201,1.15118,1.15128,863,0,0
2025-11-23 22:00:00,1.15102,1.15129,1.1508,1.15126,432,0,0
2025-11-23 23:00:00,1.15125,1.1514,1.15054,1.15065,1086,0,0
2025-11-24 00:00:00,1.15068,1.15079,1.15014,1.15063,2118,0,0
2025-11-24 01:00:00,1.15063,1.15125,1.15044,1.15098,2744,0,0
2025-11-24 02:00:00,1.15098,1.15177,1.15098,1.15154,3098,0,0
2025-11-24 03:00:00,1.15154,1.15185,1.15128,1.15156,2632,0,0
2025-11-24 04:00:00,1.15156,1.15212,1.15152,1.15202,2303,0,0
2025-11-24 05:00:00,1.15202,1.15278,1.15201,1.1522,3525,0,0
2025-11-24 06:00:00,1.1522,1.15265,1.15195,1.15203,3421,0,0
2025-11-24 07:00:00,1.15202,1.15219,1.15107,1.15113,4779,0,0
2025-11-24 08:00:00,1.15114,1.15338,1.15091,1.15274,6815,0,0
2025-11-24 09:00:00,1.15273,1.15338,1.15238,1.15292,6580,0,0
2025-11-24 10:00:00,1.15293,1.15414,1.15292,1.15403,6329,0,0
2025-11-24 11:00:00,1.15403,1.15464,1.15356,1.15448,5159,0,0
2025-11-24 12:00:00,1.15448,1.15499,1.15356,1.15469,6470,0,0
2025-11-24 13:00:00,1.15469,1.15493,1.15366,1.15379,6577,0,0
2025-11-24 14:00:00,1.15377,1.15406,1.15257,1.15264,7392,0,0
2025-11-24 15:00:00,1.15263,1.15295,1.15162,1.15284,7866,0,0
2025-11-24 16:00:00,1.15284,1.15304,1.15167,1.15171,5664,0,0
2025-11-24 17:00:00,1.15172,1.15191,1.1511,1.15173,5190,0,0
2025-11-24 18:00:00,1.15174,1.15277,1.15167,1.15272,4106,0,0
2025-11-24 19:00:00,1.15273,1.15286,1.15225,1.15271,4203,0,0
2025-11-24 20:00:00,1.15272,1.15278,1.15213,1.15218,3905,0,0
2025-11-24 21:00:00,1.15218,1.15229,1.15186,1.15208,1353,0,0
2025-11-24 22:00:00,1.15179,1.15243,1.15179,1.15228,455,0,0
2025-11-24 23:00:00,1.15231,1.1524,1.1518,1.15197,1048,0,0
2025-11-25 00:00:00,1.15198,1.15229,1.15182,1.15227,3004,0,0
2025-11-25 01:00:00,1.15227,1.15294,1.15216,1.15252,3863,0,0
2025-11-25 02:00:00,1.15252,1.1528,1.15218,1.15279,3089,0,0
2025-11-25 03:00:00,1.15279,1.15297,1.15166,1.15174,3367,0,0
2025-11-25 04:00:00,1.15175,1.15175,1.15138,1.15144,2614,0,0
2025-11-25 05:00:00,1.15144,1.15178,1.1511,1.15163,3003,0,0
2025-11-25 06:00:00,1.15163,1.15211,1.15142,1.15181,3394,0,0
2025-11-25 07:00:00,1.15179,1.15297,1.15173,1.15221,5152,0,0
2025-11-25 08:00:00,1.15221,1.15331,1.15201,1.15281,6697,0,0
2025-11-25 09:00:00,1.15282,1.15362,1.15267,1.15335,6098,0,0
2025-11-25 10:00:00,1.15335,1.15405,1.15317,1.15385,5616,0,0
2025-11-25 11:00:00,1.15385,1.15385,1.15241,1.15262,5162,0,0
2025-11-25 12:00:00,1.15263,1.15562,1.15248,1.15442,7295,0,0
2025-11-25 13:00:00,1.15441,1.15615,1.15421,1.15578,9132,0,0
2025-11-25 14:00:00,1.15578,1.15714,1.15516,1.15661,9283,0,0
2025-11-25 15:00:00,1.1566,1.15835,1.15611,1.15619,10238,0,0
2025-11-25 16:00:00,1.15619,1.15713,1.15493,1.15523,6817,0,0
2025-11-25 17:00:00,1.15523,1.15834,1.15516,1.15817,9146,0,0
2025-11-25 18:00:00,1.15817,1.15854,1.15759,1.15791,7159,0,0
2025-11-25 19:00:00,1.1579,1.15849,1.15733,1.15833,5565,0,0
2025-11-25 20:00:00,1.15833,1.15838,1.15576,1.15646,5224,0,0
2025-11-25 21:00:00,1.15644,1.15718,1.15638,1.15689,1937,0,0
2025-11-25 22:00:00,1.15674,1.15684,1.15652,1.15676,256,0,0
2025-11-25 23:00:00,1.15684,1.15726,1.15637,1.15643,1069,0,0
2025-11-26 00:00:00,1.15643,1.15718,1.15627,1.15676,4028,0,0
2025-11-26 01:00:00,1.15676,1.15825,1.15648,1.15767,5756,0,0
2025-11-26 02:00:00,1.15766,1.15862,1.15741,1.15812,4964,0,0
2025-11-26 03:00:00,1.15812,1.1591,1.15804,1.15901,4387,0,0
2025-11-26 04:00:00,1.15902,1.15911,1.15819,1.15831,3389,0,0
2025-11-26 05:00:00,1.15831,1.15907,1.1582,1.15903,3404,0,0
2025-11-26 06:00:00,1.15904,1.15953,1.15831,1.15857,4778,0,0
2025-11-26 07:00:00,1.15857,1.15917,1.15745,1.15787,6033,0,0
2025-11-26 08:00:00,1.15786,1.15803,1.15652,1.15714,6853,0,0
2025-11-26 09:00:00,1.15713,1.15793,1.15677,1.15714,5943,0,0
2025-11-26 10:00:00,1.15713,1.15775,1.15677,1.1573,5208,0,0
2025-11-26 11:00:00,1.1573,1.15803,1.15675,1.15738,6732,0,0
2025-11-26 12:00:00,1.15737,1.15795,1.15686,1.15717,9274,0,0
2025-11-26 13:00:00,1.15717,1.15834,1.1548,1.15519,10930,0,0
2025-11-26 14:00:00,1.15519,1.15814,1.15466,1.15782,8514,0,0
2025-11-26 15:00:00,1.15783,1.15943,1.15775,1.15889,9405,0,0
2025-11-26 16:00:00,1.15889,1.16002,1.15883,1.15899,7687,0,0
2025-11-26 17:00:00,1.15898,1.15933,1.15845,1.15924,6290,0,0
2025-11-26 18:00:00,1.15923,1.15959,1.15886,1.15928,4386,0,0
2025-11-26 19:00:00,1.15929,1.15959,1.15899,1.15932,4283,0,0
2025-11-26 20:00:00,1.15931,1.15968,1.15917,1.15938,3313,0,0
2025-11-26 21:00:00,1.15937,1.15963,1.15931,1.15954,1436,0,0
2025-11-26 22:00:00,1.15886,1.15959,1.15885,1.15926,442,0,0
2025-11-26 23:00:00,1.15919,1.16018,1.15902,1.16013,927,0,0
2025-11-27 00:00:00,1.16014,1.16045,1.15994,1.16016,2703,0,0
2025-11-27 01:00:00,1.16016,1.16122,1.16002,1.16086,4060,0,0
2025-11-27 02:00:00,1.16087,1.1613,1.16,1.16032,4164,0,0
2025-11-27 03:00:00,1.16032,1.16061,1.15995,1.16015,3390,0,0
2025-11-27 04:00:00,1.16016,1.16048,1.15997,1.16004,3074,0,0
2025-11-27 05:00:00,1.16005,1.16058,1.16003,1.16016,3644,0,0
2025-11-27 06:00:00,1.16017,1.16048,1.15907,1.15919,4166,0,0
2025-11-27 07:00:00,1.15919,1.15932,1.15851,1.15911,4342,0,0
2025-11-27 08:00:00,1.15912,1.15951,1.15861,1.15923,5606,0,0
2025-11-27 09:00:00,1.15922,1.15932,1.1576,1.1577,5567,0,0
2025-11-27 10:00:00,1.1577,1.15845,1.15765,1.15833,4547,0,0
2025-11-27 11:00:00,1.15834,1.15871,1.15781,1.15855,4772,0,0
2025-11-27 12:00:00,1.15856,1.15899,1.15814,1.15826,4457,0,0
2025-11-27 13:00:00,1.15826,1.15964,1.15825,1.15943,5406,0,0
2025-11-27 14:00:00,1.15944,1.15973,1.15897,1.15942,4894,0,0
2025-11-27 15:00:00,1.15944,1.15991,1.15917,1.15934,4426,0,0
2025-11-27 16:00:00,1.15937,1.15997,1.15917,1.15989,3386,0,0
2025-11-27 17:00:00,1.15987,1.1601,1.15912,1.15944,2544,0,0
2025-11-27 18:00:00,1.15944,1.15949,1.15906,1.15913,1759,0,0
2025-11-27 19:00:00,1.15913,1.15956,1.15912,1.15948,1646,0,0
2025-11-27 20:00:00,1.15948,1.15958,1.15938,1.15944,1708,0,0
2025-11-27 21:00:00,1.15944,1.15963,1.15944,1.15955,810,0,0
2025-11-27 22:00:00,1.15922,1.15957,1.15918,1.15942,619,0,0
2025-11-27 23:00:00,1.15942,1.1601,1.15931,1.15991,924,0,0
2025-11-28 00:00:00,1.15992,1.16015,1.15916,1.15935,2692,0,0
2025-11-28 01:00:00,1.15938,1.15982,1.15809,1.15826,2429,0,0
2025-11-28 02:00:00,1.15827,1.15875,1.15805,1.15838,3992,0,0
2025-11-28 03:00:00,1.15838,1.15904,1.1581,1.15866,4771,0,0
2025-11-28 04:00:00,1.15865,1.15913,1.15842,1.15892,2358,0,0
2025-11-28 05:00:00,1.15892,1.15924,1.15813,1.15884,7221,0,0
2025-11-28 06:00:00,1.15886,1.15893,1.15805,1.15838,8057,0,0
2025-11-28 07:00:00,1.15839,1.159,1.15768,1.15788,8271,0,0
2025-11-28 08:00:00,1.15788,1.15819,1.15657,1.15705,7784,0,0
2025-11-28 09:00:00,1.15695,1.15793,1.15658,1.15677,10736,0,0
2025-11-28 10:00:00,1.15678,1.15703,1.15546,1.15587,5552,0,0
2025-11-28 11:00:00,1.15588,1.15684,1.15552,1.1567,5083,0,0
2025-11-28 12:00:00,1.15671,1.15722,1.15613,1.15656,5745,0,0
2025-11-28 13:00:00,1.15656,1.1578,1.15621,1.1574,8277,0,0
2025-11-28 14:00:00,1.15739,1.15845,1.15705,1.15839,4115,0,0
2025-11-28 15:00:00,1.15839,1.16069,1.1579,1.16068,4999,0,0
2025-11-28 16:00:00,1.1607,1.1607,1.15921,1.15983,3626,0,0
2025-11-28 17:00:00,1.15982,1.16038,1.15928,1.16022,1849,0,0
2025-11-28 18:00:00,1.16023,1.16039,1.15953,1.16007,1558,0,0
2025-11-28 19:00:00,1.16008,1.16033,1.16,1.16016,1311,0,0
2025-11-28 20:00:00,1.16016,1.16038,1.16,1.16,1132,0,0
2025-11-28 21:00:00,1.16,1.1602,1.15914,1.15949,1073,0,0
2025-11-30 22:00:00,1.15887,1.15979,1.15874,1.15966,814,0,0
2025-11-30 23:00:00,1.1596,1.16072,1.15949,1.16003,1526,0,0
2025-12-01 00:00:00,1.16005,1.16066,1.15972,1.16026,3321,0,0
2025-12-01 01:00:00,1.16026,1.16154,1.15999,1.16047,4747,0,0
2025-12-01 02:00:00,1.16047,1.16052,1.15922,1.15944,3177,0,0
2025-12-01 03:00:00,1.15944,1.1597,1.15889,1.15964,2168,0,0
2025-12-01 04:00:00,1.15964,1.16019,1.15941,1.15981,2037,0,0
2025-12-01 05:00:00,1.15981,1.16009,1.15942,1.15974,2407,0,0
2025-12-01 06:00:00,1.15974,1.15984,1.15899,1.15957,3409,0,0
2025-12-01 07:00:00,1.15957,1.16124,1.15949,1.16064,4674,0,0
2025-12-01 08:00:00,1.16065,1.16213,1.16035,1.16128,6171,0,0
2025-12-01 09:00:00,1.16128,1.1623,1.16128,1.16215,5149,0,0
2025-12-01 10:00:00,1.16216,1.1628,1.16185,1.1627,4418,0,0
2025-12-01 11:00:00,1.1627,1.16315,1.16236,1.16274,4360,0,0
2025-12-01 12:00:00,1.16273,1.16484,1.1626,1.16483,5262,0,0
2025-12-01 13:00:00,1.16482,1.16518,1.16389,1.16444,6747,0,0
2025-12-01 14:00:00,1.16444,1.16446,1.16296,1.16316,7242,0,0
2025-12-01 15:00:00,1.16317,1.16401,1.16222,1.16283,7548,0,0
2025-12-01 16:00:00,1.16282,1.16337,1.16204,1.16223,5928,0,0
2025-12-01 17:00:00,1.16222,1.16283,1.16173,1.16202,4085,0,0
2025-12-01 18:00:00,1.16202,1.16229,1.1611,1.16114,3651,0,0
2025-12-01 19:00:00,1.16113,1.16117,1.16066,1.1608,3720,0,0
2025-12-01 20:00:00,1.16079,1.16094,1.1606,1.16089,2681,0,0
2025-12-01 21:00:00,1.16089,1.16103,1.16071,1.16073,1024,0,0
2025-12-01 22:00:00,1.16059,1.16078,1.16046,1.16067,164,0,0
2025-12-01 23:00:00,1.16067,1.16097,1.16058,1.1606,685,0,0
2025-12-02 00:00:00,1.16062,1.16089,1.16033,1.16052,2353,0,0
2025-12-02 01:00:00,1.16051,1.16105,1.16031,1.16087,2700,0,0
2025-12-02 02:00:00,1.16086,1.16113,1.16082,1.16113,1720,0,0
2025-12-02 03:00:00,1.16113,1.16122,1.16083,1.16116,1999,0,0
2025-12-02 04:00:00,1.16116,1.16136,1.16083,1.16084,1687,0,0
2025-12-02 05:00:00,1.16084,1.16106,1.16065,1.16095,1658,0,0
2025-12-02 06:00:00,1.16093,1.16105,1.16044,1.1609,2249,0,0
2025-12-02 07:00:00,1.16091,1.16158,1.16082,1.16121,3372,0,0
2025-12-02 08:00:00,1.1612,1.16156,1.16084,1.161,4463,0,0
2025-12-02 09:00:00,1.16101,1.16137,1.16018,1.16097,4281,0,0
2025-12-02 10:00:00,1.16097,1.16118,1.15977,1.1606,4215,0,0
2025-12-02 11:00:00,1.1606,1.16123,1.1603,1.16112,3657,0,0
2025-12-02 12:00:00,1.16112,1.16189,1.16069,1.16172,4079,0,0
2025-12-02 13:00:00,1.16172,1.16189,1.16106,1.1617,4466,0,0
2025-12-02 14:00:00,1.1617,1.16226,1.16126,1.16172,6269,0,0
2025-12-02 15:00:00,1.16171,1.1618,1.15927,1.16055,7514,0,0
2025-12-02 16:00:00,1.16056,1.16093,1.15908,1.15949,6058,0,0
2025-12-02 17:00:00,1.15949,1.16073,1.15923,1.16066,4320,0,0
2025-12-02 18:00:00,1.16066,1.16127,1.1605,1.16082,3286,0,0
2025-12-02 19:00:00,1.16081,1.16243,1.1608,1.16201,3149,0,0
2025-12-02 20:00:00,1.16201,1.16253,1.16192,1.1624,3216,0,0
2025-12-02 21:00:00,1.1624,1.16247,1.16205,1.16246,1208,0,0
2025-12-02 22:00:00,1.16177,1.16233,1.16177,1.16223,254,0,0
2025-12-02 23:00:00,1.16223,1.16286,1.16223,1.16277,681,0,0
2025-12-03 00:00:00,1.16277,1.16326,1.16273,1.16303,2301,0,0
2025-12-03 01:00:00,1.16303,1.16371,1.163,1.16364,2341,0,0
2025-12-03 02:00:00,1.16363,1.16382,1.16349,1.16375,1839,0,0
2025-12-03 03:00:00,1.16376,1.16383,1.16364,1.16373,1417,0,0
2025-12-03 04:00:00,1.16373,1.16415,1.16356,1.16406,1269,0,0
2025-12-03 05:00:00,1.16406,1.16432,1.16403,1.16421,1962,0,0
2025-12-03 06:00:00,1.16421,1.16471,1.1641,1.16423,2483,0,0
2025-12-03 07:00:00,1.16424,1.16522,1.16389,1.16408,4412,0,0
2025-12-03 08:00:00,1.16408,1.16452,1.16351,1.16435,4827,0,0
2025-12-03 09:00:00,1.16433,1.16474,1.16394,1.16452,4619,0,0
2025-12-03 10:00:00,1.16451,1.16633,1.16444,1.166,4642,0,0
2025-12-03 11:00:00,1.166,1.16653,1.16544,1.1665,3608,0,0
2025-12-03 12:00:00,1.16651,1.16688,1.16616,1.16625,3752,0,0
2025-12-03 13:00:00,1.16625,1.16748,1.16611,1.16657,6034,0,0
2025-12-03 14:00:00,1.16658,1.16663,1.16551,1.16621,6406,0,0
2025-12-03 15:00:00,1.16618,1.16675,1.16539,1.16591,8282,0,0
2025-12-03 16:00:00,1.16591,1.16658,1.1658,1.16589,5562,0,0
2025-12-03 17:00:00,1.16589,1.16703,1.1657,1.16681,3976,0,0
2025-12-03 18:00:00,1.16681,1.16751,1.16678,1.16714,3762,0,0
2025-12-03 19:00:00,1.16713,1.16771,1.16706,1.16722,2955,0,0
2025-12-03 20:00:00,1.16721,1.16724,1.16645,1.16649,2621,0,0
2025-12-03 21:00:00,1.16651,1.16709,1.16637,1.16709,1162,0,0
2025-12-03 22:00:00,1.16649,1.16722,1.16648,1.16687,337,0,0
2025-12-03 23:00:00,1.16687,1.16716,1.16629,1.16659,778,0,0
2025-12-04 00:00:00,1.16658,1.16668,1.16589,1.16622,2262,0,0
2025-12-04 01:00:00,1.16622,1.16643,1.16584,1.16627,2718,0,0
2025-12-04 02:00:00,1.16627,1.16634,1.16586,1.16598,2388,0,0
2025-12-04 03:00:00,1.16598,1.16599,1.16528,1.16553,2135,0,0
2025-12-04 04:00:00,1.16553,1.16579,1.16548,1.16567,1705,0,0
2025-12-04 05:00:00,1.16567,1.16616,1.16557,1.16591,2638,0,0
2025-12-04 06:00:00,1.16591,1.16593,1.16525,1.16576,2575,0,0
2025-12-04 07:00:00,1.16576,1.16649,1.16547,1.16649,3334,0,0
2025-12-04 08:00:00,1.16648,1.16814,1.16629,1.16762,5970,0,0
2025-12-04 09:00:00,1.16762,1.16798,1.16728,1.1677,4753,0,0
2025-12-04 10:00:00,1.1677,1.16792,1.1663,1.16659,3773,0,0
2025-12-04 11:00:00,1.16659,1.168,1.16645,1.16796,4051,0,0
2025-12-04 12:00:00,1.16796,1.16803,1.16648,1.16693,4716,0,0
2025-12-04 13:00:00,1.16696,1.16706,1.16516,1.16643,6374,0,0
2025-12-04 14:00:00,1.16643,1.16763,1.16637,1.16694,6391,0,0
2025-12-04 15:00:00,1.16694,1.16742,1.16576,1.16727,5880,0,0
2025-12-04 16:00:00,1.16727,1.16729,1.16529,1.16582,4994,0,0
2025-12-04 17:00:00,1.16583,1.16592,1.16526,1.16557,3859,0,0
2025-12-04 18:00:00,1.16556,1.16593,1.16531,1.16538,3418,0,0
2025-12-04 19:00:00,1.16538,1.1655,1.16497,1.1652,3550,0,0
2025-12-04 20:00:00,1.1652,1.1652,1.16406,1.16437,3658,0,0
2025-12-04 21:00:00,1.16436,1.16451,1.16405,1.16434,1172,0,0
2025-12-04 22:00:00,1.16416,1.16434,1.16387,1.16426,148,0,0
2025-12-04 23:00:00,1.16426,1.16438,1.16403,1.16429,644,0,0
2025-12-05 00:00:00,1.16429,1.16498,1.16428,1.16494,2646,0,0
2025-12-05 01:00:00,1.16494,1.16532,1.16491,1.1653,2550,0,0
2025-12-05 02:00:00,1.1653,1.16539,1.16506,1.16513,2135,0,0
2025-12-05 03:00:00,1.16513,1.16515,1.16459,1.16484,1700,0,0
2025-12-05 04:00:00,1.16484,1.16537,1.16482,1.16529,1974,0,0
2025-12-05 05:00:00,1.16529,1.16587,1.16526,1.16586,2207,0,0
2025-12-05 06:00:00,1.16585,1.1661,1.16548,1.16588,2173,0,0
2025-12-05 07:00:00,1.16588,1.16712,1.16581,1.16623,4047,0,0
2025-12-05 08:00:00,1.16623,1.16635,1.16519,1.16533,5175,0,0
2025-12-05 09:00:00,1.16533,1.16548,1.16478,1.16539,4033,0,0
2025-12-05 10:00:00,1.16539,1.16564,1.16473,1.16505,3430,0,0
2025-12-05 11:00:00,1.16504,1.16519,1.16411,1.16459,3322,0,0
2025-12-05 12:00:00,1.16459,1.16528,1.16431,1.16511,4382,0,0
2025-12-05 13:00:00,1.16511,1.16534,1.1643,1.16512,5343,0,0
2025-12-05 14:00:00,1.16512,1.16596,1.1645,1.16498,6372,0,0
2025-12-05 15:00:00,1.16497,1.16583,1.16431,1.16476,7203,0,0
2025-12-05 16:00:00,1.16476,1.16485,1.16273,1.16336,7210,0,0
2025-12-05 17:00:00,1.16336,1.16435,1.16319,1.16435,4550,0,0
2025-12-05 18:00:00,1.16435,1.16481,1.16414,1.16422,3582,0,0
2025-12-05 19:00:00,1.16422,1.16436,1.16392,1.16425,2738,0,0
2025-12-05 20:00:00,1.16424,1.16441,1.16392,1.16437,2467,0,0
2025-12-05 21:00:00,1.16436,1.16467,1.16393,1.16412,1095,0,0
2025-12-07 22:00:00,1.16331,1.16445,1.16326,1.16428,589,0,0
2025-12-07 23:00:00,1.16428,1.16453,1.16388,1.164,1913,0,0
2025-12-08 00:00:00,1.164,1.16508,1.16389,1.16506,2800,0,0
2025-12-08 01:00:00,1.16506,1.16526,1.1645,1.1651,3517,0,0
2025-12-08 02:00:00,1.16511,1.16538,1.16481,1.16531,2778,0,0
2025-12-08 03:00:00,1.16531,1.16547,1.16493,1.16495,2161,0,0
2025-12-08 04:00:00,1.16496,1.16549,1.16492,1.16538,1744,0,0
2025-12-08 05:00:00,1.16538,1.16557,1.16519,1.16555,1948,0,0
2025-12-08 06:00:00,1.16556,1.16715,1.16555,1.16603,3704,0,0
2025-12-08 07:00:00,1.16604,1.16674,1.16544,1.16576,3608,0,0
2025-12-08 08:00:00,1.16576,1.16618,1.16475,1.16554,4607,0,0
2025-12-08 09:00:00,1.16554,1.16571,1.16472,1.16482,4740,0,0
2025-12-08 10:00:00,1.16482,1.1655,1.16472,1.16501,4152,0,0
2025-12-08 11:00:00,1.16502,1.1653,1.16461,1.16498,4320,0,0
2025-12-08 12:00:00,1.16496,1.16534,1.1647,1.16527,4576,0,0
2025-12-08 13:00:00,1.16526,1.16569,1.1645,1.16478,5731,0,0
2025-12-08 14:00:00,1.16477,1.16542,1.16372,1.16396,7088,0,0
2025-12-08 15:00:00,1.16396,1.16396,1.16165,1.16245,7678,0,0
2025-12-08 16:00:00,1.16245,1.16281,1.16159,1.16244,6030,0,0
2025-12-08 17:00:00,1.16242,1.16387,1.16195,1.16386,5086,0,0
2025-12-08 18:00:00,1.16385,1.16416,1.16337,1.16366,4060,0,0
2025-12-08 19:00:00,1.16367,1.16412,1.16357,1.16387,3392,0,0
2025-12-08 20:00:00,1.16387,1.16413,1.16369,1.16376,2530,0,0
2025-12-08 21:00:00,1.16377,1.16384,1.16345,1.1637,1204,0,0
2025-12-08 22:00:00,1.16323,1.16366,1.16313,1.16338,1256,0,0
2025-12-08 23:00:00,1.16337,1.16403,1.16334,1.16402,642,0,0
2025-12-09 00:00:00,1.16403,1.16425,1.16363,1.16382,1848,0,0
2025-12-09 01:00:00,1.16381,1.16471,1.16355,1.16467,2707,0,0
2025-12-09 02:00:00,1.16467,1.16478,1.16432,1.16452,2222,0,0
2025-12-09 03:00:00,1.16451,1.16483,1.16433,1.16451,2179,0,0
2025-12-09 04:00:00,1.1645,1.16466,1.1643,1.16462,1869,0,0
2025-12-09 05:00:00,1.16462,1.16498,1.16436,1.16483,2130,0,0
2025-12-09 06:00:00,1.16483,1.16486,1.16414,1.16433,2899,0,0
2025-12-09 07:00:00,1.16433,1.16456,1.16375,1.16394,3817,0,0
2025-12-09 08:00:00,1.16394,1.16492,1.16331,1.16444,4766,0,0
2025-12-09 09:00:00,1.16444,1.16567,1.1643,1.16517,4820,0,0
2025-12-09 10:00:00,1.16517,1.16535,1.16397,1.16441,4047,0,0
2025-12-09 11:00:00,1.1644,1.1647,1.16375,1.1643,4192,0,0
2025-12-09 12:00:00,1.1643,1.16439,1.16337,1.16372,4482,0,0
2025-12-09 13:00:00,1.16372,1.16394,1.16284,1.16339,5865,0,0
2025-12-09 14:00:00,1.16339,1.1638,1.16277,1.16375,6946,0,0
2025-12-09 15:00:00,1.16372,1.16372,1.16145,1.16281,7692,0,0
2025-12-09 16:00:00,1.16282,1.16406,1.16282,1.16377,4382,0,0
2025-12-09 17:00:00,1.16377,1.16392,1.16214,1.16235,3916,0,0
2025-12-09 18:00:00,1.16235,1.16243,1.16163,1.16238,3730,0,0
2025-12-09 19:00:00,1.16238,1.16294,1.16214,1.16282,3169,0,0
2025-12-09 20:00:00,1.16281,1.16315,1.16259,1.16262,2992,0,0
2025-12-09 21:00:00,1.16262,1.16285,1.16225,1.16257,1355,0,0
2025-12-09 22:00:00,1.16259,1.16275,1.16224,1.16248,806,0,0
2025-12-09 23:00:00,1.16248,1.16279,1.16236,1.16273,494,0,0
2025-12-10 00:00:00,1.16274,1.16283,1.16238,1.16256,2140,0,0
2025-12-10 01:00:00,1.16256,1.16281,1.16219,1.16232,2361,0,0
2025-12-10 02:00:00,1.16233,1.16279,1.16226,1.16232,1962,0,0
2025-12-10 03:00:00,1.16232,1.16267,1.16211,1.16259,1799,0,0
2025-12-10 04:00:00,1.16259,1.16284,1.16245,1.1627,1322,0,0
2025-12-10 05:00:00,1.16269,1.16305,1.16259,1.16292,1624,0,0
2025-12-10 06:00:00,1.16293,1.1635,1.16281,1.16348,2305,0,0
2025-12-10 07:00:00,1.16347,1.16488,1.16336,1.16476,4426,0,0
2025-12-10 08:00:00,1.16477,1.16572,1.16429,1.16521,5428,0,0
2025-12-10 09:00:00,1.16521,1.16524,1.1635,1.16359,5003,0,0
2025-12-10 10:00:00,1.16359,1.1639,1.1627,1.16339,4284,0,0
2025-12-10 11:00:00,1.16339,1.16378,1.16294,1.16345,3856,0,0
2025-12-10 12:00:00,1.16345,1.16418,1.16323,1.16388,3982,0,0
2025-12-10 13:00:00,1.16387,1.16414,1.1627,1.16396,5408,0,0
2025-12-10 14:00:00,1.16396,1.16445,1.16333,1.16427,6583,0,0
2025-12-10 15:00:00,1.16426,1.16508,1.1634,1.16414,6432,0,0
2025-12-10 16:00:00,1.16414,1.16494,1.16367,1.16494,4503,0,0
2025-12-10 17:00:00,1.16493,1.16596,1.1645,1.16581,3795,0,0
2025-12-10 18:00:00,1.16581,1.16604,1.16532,1.16549,3444,0,0
2025-12-10 19:00:00,1.16552,1.16807,1.16463,1.16777,14376,0,0
2025-12-10 20:00:00,1.16777,1.16993,1.16732,1.16934,8807,0,0
2025-12-10 21:00:00,1.16934,1.16943,1.16888,1.16935,1988,0,0
2025-12-10 22:00:00,1.16933,1.16938,1.16842,1.16935,1574,0,0
2025-12-10 23:00:00,1.16935,1.17022,1.16935,1.17009,747,0,0
2025-12-11 00:00:00,1.17011,1.17044,1.16967,1.17015,3090,0,0
2025-12-11 01:00:00,1.17015,1.17068,1.16998,1.17013,3694,0,0
2025-12-11 02:00:00,1.17013,1.17056,1.1693,1.16934,3121,0,0
2025-12-11 03:00:00,1.16933,1.1697,1.16896,1.16903,2889,0,0
2025-12-11 04:00:00,1.16903,1.16911,1.16849,1.16898,2156,0,0
2025-12-11 05:00:00,1.16897,1.16916,1.16841,1.16847,1887,0,0
2025-12-11 06:00:00,1.16848,1.16893,1.16817,1.16884,2788,0,0
2025-12-11 07:00:00,1.16884,1.17005,1.16869,1.1693,4363,0,0
2025-12-11 08:00:00,1.1693,1.17061,1.1693,1.16966,5713,0,0
2025-12-11 09:00:00,1.16967,1.17029,1.16867,1.17016,5387,0,0
2025-12-11 10:00:00,1.17016,1.17072,1.16983,1.17065,4210,0,0
2025-12-11 11:00:00,1.17065,1.17173,1.17055,1.17125,4371,0,0
2025-12-11 12:00:00,1.17124,1.17188,1.17093,1.17162,4302,0,0
2025-12-11 13:00:00,1.17163,1.17358,1.17127,1.17304,7006,0,0
2025-12-11 14:00:00,1.17306,1.17479,1.17298,1.17371,7439,0,0
2025-12-11 15:00:00,1.17372,1.17565,1.17311,1.17557,7457,0,0
2025-12-11 16:00:00,1.17559,1.17589,1.17457,1.17549,6382,0,0
2025-12-11 17:00:00,1.17547,1.17623,1.17492,1.17547,4904,0,0
2025-12-11 18:00:00,1.17546,1.17589,1.17506,1.1753,3849,0,0
2025-12-11 19:00:00,1.1753,1.17531,1.17399,1.17406,3643,0,0
2025-12-11 20:00:00,1.17406,1.17453,1.17359,1.17404,3253,0,0
2025-12-11 21:00:00,1.17404,1.17428,1.17362,1.17385,1285,0,0
2025-12-11 22:00:00,1.17352,1.17385,1.17352,1.17377,487,0,0
2025-12-11 23:00:00,1.1738,1.17413,1.17365,1.17402,696,0,0
2025-12-12 00:00:00,1.174,1.17441,1.17385,1.17399,2958,0,0
2025-12-12 01:00:00,1.174,1.17458,1.1732,1.17344,3005,0,0
2025-12-12 02:00:00,1.17343,1.17374,1.17306,1.17356,2622,0,0
2025-12-12 03:00:00,1.17356,1.17371,1.17326,1.17339,1941,0,0
2025-12-12 04:00:00,1.17338,1.17351,1.17307,1.17313,1883,0,0
2025-12-12 05:00:00,1.17313,1.17388,1.17311,1.17381,1692,0,0
2025-12-12 06:00:00,1.17381,1.17413,1.17334,1.17383,2698,0,0
2025-12-12 07:00:00,1.17384,1.17429,1.17352,1.17374,4231,0,0
2025-12-12 08:00:00,1.17373,1.17416,1.17275,1.17277,5380,0,0
2025-12-12 09:00:00,1.17276,1.17342,1.17263,1.17322,4771,0,0
2025-12-12 10:00:00,1.17322,1.17327,1.17239,1.17267,4431,0,0
2025-12-12 11:00:00,1.17268,1.17286,1.17218,1.17262,3514,0,0
2025-12-12 12:00:00,1.17264,1.17274,1.17189,1.17245,4480,0,0
2025-12-12 13:00:00,1.17244,1.17345,1.17235,1.17269,5290,0,0
2025-12-12 14:00:00,1.17268,1.17429,1.17225,1.17418,6158,0,0
2025-12-12 15:00:00,1.17415,1.17445,1.17291,1.17376,7230,0,0
2025-12-12 16:00:00,1.17377,1.17428,1.17255,1.17306,6079,0,0
2025-12-12 17:00:00,1.17306,1.17476,1.17296,1.17472,4123,0,0
2025-12-12 18:00:00,1.17473,1.17493,1.174,1.17409,3459,0,0
2025-12-12 19:00:00,1.1741,1.1741,1.17347,1.174,3381,0,0
2025-12-12 20:00:00,1.17399,1.17461,1.17362,1.17387,3465,0,0
2025-12-12 21:00:00,1.17387,1.17446,1.17374,1.17395,1201,0,0
2025-12-14 22:00:00,1.17305,1.1737,1.1728,1.17351,857,0,0
2025-12-14 23:00:00,1.17373,1.17401,1.17349,1.17365,620,0,0
2025-12-15 00:00:00,1.17358,1.17358,1.17278,1.17327,2221,0,0
2025-12-15 01:00:00,1.17326,1.17421,1.17288,1.17408,2874,0,0
2025-12-15 02:00:00,1.17408,1.17443,1.17366,1.17408,3232,0,0
2025-12-15 03:00:00,1.17408,1.17443,1.17311,1.17336,1787,0,0
2025-12-15 04:00:00,1.17336,1.17352,1.17311,1.17317,1266,0,0
2025-12-15 05:00:00,1.17317,1.17351,1.17315,1.1734,1265,0,0
2025-12-15 06:00:00,1.17339,1.17359,1.1728,1.17347,2372,0,0
2025-12-15 07:00:00,1.17347,1.17376,1.17274,1.17279,3817,0,0
2025-12-15 08:00:00,1.17279,1.17383,1.17259,1.17306,4729,0,0
2025-12-15 09:00:00,1.17306,1.1743,1.173,1.17427,4032,0,0
2025-12-15 10:00:00,1.17427,1.17462,1.17385,1.17422,3225,0,0
2025-12-15 11:00:00,1.17422,1.17494,1.17405,1.17483,2769,0,0
2025-12-15 12:00:00,1.17483,1.17587,1.1748,1.17525,3438,0,0
2025-12-15 13:00:00,1.17524,1.17593,1.17465,1.17469,4694,0,0
2025-12-15 14:00:00,1.17468,1.17636,1.17435,1.1763,6041,0,0
2025-12-15 15:00:00,1.1763,1.17683,1.17543,1.17623,7345,0,0
2025-12-15 16:00:00,1.17623,1.17642,1.17516,1.17549,5899,0,0
2025-12-15 17:00:00,1.17549,1.17553,1.17444,1.17452,3823,0,0
2025-12-15 18:00:00,1.17454,1.17476,1.17386,1.17427,3242,0,0
2025-12-15 19:00:00,1.17426,1.17495,1.17378,1.17482,2664,0,0
2025-12-15 20:00:00,1.17482,1.17512,1.17469,1.17505,2179,0,0
2025-12-15 21:00:00,1.17506,1.1752,1.17482,1.17517,1021,0,0
2025-12-15 22:00:00,1.17501,1.1752,1.17465,1.17495,646,0,0
2025-12-15 23:00:00,1.17495,1.17551,1.17495,1.17528,613,0,0
2025-12-16 00:00:00,1.1753,1.17574,1.17477,1.17492,2355,0,0
2025-12-16 01:00:00,1.17492,1.17547,1.1746,1.17514,3410,0,0
2025-12-16 02:00:00,1.17514,1.17559,1.17496,1.1755,2270,0,0
2025-12-16 03:00:00,1.1755,1.17586,1.17495,1.17513,2024,0,0
2025-12-16 04:00:00,1.17513,1.17534,1.17494,1.17506,1623,0,0
2025-12-16 05:00:00,1.17506,1.17536,1.17484,1.17499,2042,0,0
2025-12-16 06:00:00,1.17499,1.17533,1.17458,1.17521,2615,0,0
2025-12-16 07:00:00,1.1752,1.17538,1.17438,1.17517,3464,0,0
2025-12-16 08:00:00,1.1752,1.17635,1.17459,1.17537,5263,0,0
2025-12-16 09:00:00,1.17538,1.17615,1.17495,1.17554,4594,0,0
2025-12-16 10:00:00,1.17555,1.17613,1.17533,1.17568,4150,0,0
2025-12-16 11:00:00,1.17568,1.17627,1.17512,1.17626,2921,0,0
2025-12-16 12:00:00,1.17626,1.17779,1.17601,1.17774,3725,0,0
2025-12-16 13:00:00,1.17774,1.17941,1.17562,1.17752,9049,0,0
2025-12-16 14:00:00,1.17752,1.17995,1.17682,1.1799,7750,0,0
2025-12-16 15:00:00,1.17992,1.18035,1.17668,1.17695,7427,0,0
2025-12-16 16:00:00,1.17695,1.17753,1.17606,1.17686,5624,0,0
2025-12-16 17:00:00,1.17687,1.17774,1.1762,1.17634,4460,0,0
2025-12-16 18:00:00,1.17633,1.17634,1.17447,1.17526,4476,0,0
2025-12-16 19:00:00,1.17525,1.17618,1.17342,1.17572,4921,0,0
2025-12-16 20:00:00,1.17571,1.17624,1.17459,1.17472,3709,0,0
2025-12-16 21:00:00,1.17472,1.17507,1.17452,1.17472,1341,0,0
2025-12-16 22:00:00,1.17435,1.17477,1.17434,1.17458,472,0,0
2025-12-16 23:00:00,1.17462,1.17506,1.17462,1.17487,588,0,0
2025-12-17 00:00:00,1.17488,1.17513,1.17447,1.17498,2361,0,0
2025-12-17 01:00:00,1.17498,1.17517,1.17446,1.17467,3079,0,0
2025-12-17 02:00:00,1.17466,1.17475,1.17367,1.17394,2964,0,0
2025-12-17 03:00:00,1.17394,1.17401,1.17363,1.17386,2143,0,0
2025-12-17 04:00:00,1.17387,1.17392,1.17271,1.17292,2310,0,0
2025-12-17 05:00:00,1.17292,1.17302,1.17242,1.17285,2526,0,0
2025-12-17 06:00:00,1.17285,1.17301,1.1706,1.17091,3823,0,0
2025-12-17 07:00:00,1.17094,1.17129,1.17025,1.17125,5815,0,0
2025-12-17 08:00:00,1.17124,1.17205,1.17053,1.1718,5136,0,0
2025-12-17 09:00:00,1.1718,1.17201,1.17109,1.17155,4873,0,0
2025-12-17 10:00:00,1.17154,1.17249,1.17123,1.17247,4359,0,0
2025-12-17 11:00:00,1.17246,1.17269,1.1707,1.17087,4506,0,0
2025-12-17 12:00:00,1.17087,1.17271,1.17079,1.17261,4623,0,0
2025-12-17 13:00:00,1.17262,1.17326,1.17193,1.17312,6927,0,0
2025-12-17 14:00:00,1.17313,1.17437,1.17276,1.17405,7048,0,0
2025-12-17 15:00:00,1.17405,1.17576,1.17397,1.17523,7951,0,0
2025-12-17 16:00:00,1.17523,1.17556,1.17449,1.17465,6519,0,0
2025-12-17 17:00:00,1.17465,1.17543,1.17451,1.17487,4343,0,0
2025-12-17 18:00:00,1.17489,1.17551,1.1742,1.17436,4075,0,0
2025-12-17 19:00:00,1.17436,1.17467,1.17409,1.17443,3316,0,0
2025-12-17 20:00:00,1.17443,1.17457,1.17379,1.17391,2757,0,0
2025-12-17 21:00:00,1.17389,1.17409,1.17381,1.17398,1140,0,0
2025-12-17 22:00:00,1.17356,1.17423,1.17355,1.17385,474,0,0
2025-12-17 23:00:00,1.17385,1.17428,1.17371,1.17411,525,0,0
2025-12-18 00:00:00,1.17411,1.17453,1.17398,1.17435,2290,0,0
2025-12-18 01:00:00,1.17436,1.1745,1.17345,1.17378,3048,0,0
2025-12-18 02:00:00,1.17378,1.17421,1.17363,1.17404,2583,0,0
2025-12-18 03:00:00,1.17404,1.17415,1.17368,1.17387,1779,0,0
2025-12-18 04:00:00,1.17386,1.17425,1.17377,1.17425,1528,0,0
2025-12-18 05:00:00,1.17425,1.17463,1.17407,1.17453,1980,0,0
2025-12-18 06:00:00,1.17454,1.17468,1.17381,1.17436,2573,0,0
2025-12-18 07:00:00,1.17436,1.17491,1.17329,1.17333,4160,0,0
2025-12-18 08:00:00,1.1733,1.17366,1.17275,1.17316,4546,0,0
2025-12-18 09:00:00,1.17317,1.17322,1.17167,1.17214,4376,0,0
2025-12-18 10:00:00,1.17214,1.17263,1.17172,1.17242,3377,0,0
2025-12-18 11:00:00,1.17242,1.17269,1.17198,1.172,3189,0,0
2025-12-18 12:00:00,1.172,1.17228,1.17118,1.17134,5079,0,0
2025-12-18 13:00:00,1.17134,1.17621,1.17126,1.17463,10119,0,0
2025-12-18 14:00:00,1.17463,1.17551,1.17321,1.17342,9504,0,0
2025-12-18 15:00:00,1.17341,1.17398,1.17154,1.17266,7653,0,0
2025-12-18 16:00:00,1.17266,1.17455,1.1725,1.17276,6417,0,0
2025-12-18 17:00:00,1.17276,1.17283,1.17147,1.17178,5407,0,0
2025-12-18 18:00:00,1.17183,1.17245,1.17148,1.1719,3415,0,0
2025-12-18 19:00:00,1.1719,1.17272,1.17173,1.17246,3451,0,0
2025-12-18 20:00:00,1.17247,1.17272,1.17196,1.17215,2360,0,0
2025-12-18 21:00:00,1.17215,1.17245,1.17211,1.17237,975,0,0
2025-12-18 22:00:00,1.17193,1.17243,1.17163,1.17223,1157,0,0
2025-12-18 23:00:00,1.17223,1.17268,1.17223,1.1724,620,0,0
2025-12-19 00:00:00,1.17242,1.17262,1.17211,1.17258,1778,0,0
2025-12-19 01:00:00,1.17258,1.17282,1.172,1.17238,2025,0,0
2025-12-19 02:00:00,1.17238,1.1728,1.17206,1.17221,1834,0,0
2025-12-19 03:00:00,1.17221,1.17253,1.17178,1.17206,2649,0,0
2025-12-19 04:00:00,1.17207,1.17221,1.17149,1.17173,1733,0,0
2025-12-19 05:00:00,1.17173,1.17202,1.17173,1.17194,1580,0,0
2025-12-19 06:00:00,1.17194,1.17211,1.17112,1.17192,3366,0,0
2025-12-19 07:00:00,1.17193,1.172,1.17028,1.17072,5022,0,0
2025-12-19 08:00:00,1.17072,1.17157,1.17057,1.1712,5291,0,0
2025-12-19 09:00:00,1.1712,1.17174,1.17082,1.17117,4804,0,0
2025-12-19 10:00:00,1.17117,1.17173,1.17082,1.17159,4168,0,0
2025-12-19 11:00:00,1.17159,1.17173,1.17069,1.17106,3845,0,0
2025-12-19 12:00:00,1.17107,1.17148,1.17071,1.17094,3644,0,0
2025-12-19 13:00:00,1.17095,1.17189,1.1702,1.17188,5304,0,0
2025-12-19 14:00:00,1.17188,1.17371,1.17184,1.17259,6896,0,0
2025-12-19 15:00:00,1.17259,1.17278,1.17087,1.17091,6430,0,0
2025-12-19 16:00:00,1.17091,1.17205,1.17078,1.17205,4820,0,0
2025-12-19 17:00:00,1.17204,1.17204,1.17129,1.17187,3122,0,0
2025-12-19 18:00:00,1.17187,1.17266,1.17175,1.17194,3212,0,0
2025-12-19 19:00:00,1.17194,1.17246,1.17157,1.17231,2648,0,0
2025-12-19 20:00:00,1.17229,1.17252,1.17057,1.17093,2251,0,0
2025-12-19 21:00:00,1.17092,1.17133,1.17035,1.17066,1155,0,0
2025-12-21 22:00:00,1.17145,1.17165,1.17088,1.17102,1411,0,0
2025-12-21 23:00:00,1.17102,1.17142,1.17054,1.17094,1949,0,0
2025-12-22 00:00:00,1.17094,1.17156,1.17089,1.17153,2223,0,0
2025-12-22 01:00:00,1.17153,1.17189,1.1713,1.17167,1481,0,0
2025-12-22 02:00:00,1.17167,1.17188,1.17143,1.17158,949,0,0
2025-12-22 03:00:00,1.17159,1.17178,1.1713,1.17168,1046,0,0
2025-12-22 04:00:00,1.1717,1.17211,1.17156,1.17197,704,0,0
2025-12-22 05:00:00,1.17197,1.17216,1.17148,1.17167,937,0,0
2025-12-22 06:00:00,1.17167,1.17187,1.17123,1.17153,1217,0,0
2025-12-22 07:00:00,1.17153,1.17305,1.17143,1.17284,1889,0,0
2025-12-22 08:00:00,1.17284,1.17376,1.17225,1.17353,2210,0,0
2025-12-22 09:00:00,1.17354,1.17359,1.17269,1.17295,2197,0,0
2025-12-22 10:00:00,1.17295,1.17374,1.17284,1.17321,2148,0,0
2025-12-22 11:00:00,1.17324,1.1736,1.17281,1.17329,1657,0,0
2025-12-22 12:00:00,1.17329,1.17427,1.17329,1.17411,2640,0,0
2025-12-22 13:00:00,1.17411,1.1754,1.17411,1.17501,3015,0,0
2025-12-22 14:00:00,1.175,1.17657,1.17445,1.17594,2959,0,0
2025-12-22 15:00:00,1.17594,1.17687,1.1757,1.17632,2899,0,0
2025-12-22 16:00:00,1.17634,1.17634,1.17476,1.17492,2483,0,0
2025-12-22 17:00:00,1.17492,1.1764,1.17489,1.17576,1456,0,0
2025-12-22 18:00:00,1.17576,1.17577,1.17487,1.17524,1175,0,0
2025-12-22 19:00:00,1.17523,1.17553,1.17482,1.17546,1148,0,0
2025-12-22 20:00:00,1.17546,1.17584,1.17517,1.17548,979,0,0
2025-12-22 21:00:00,1.17548,1.17615,1.17541,1.17608,506,0,0
2025-12-22 22:00:00,1.17541,1.17601,1.17527,1.17571,2577,0,0
2025-12-22 23:00:00,1.17571,1.1765,1.17571,1.17629,880,0,0
2025-12-23 00:00:00,1.17629,1.17696,1.17621,1.17683,1230,0,0
2025-12-23 01:00:00,1.17683,1.17755,1.17652,1.17725,1520,0,0
2025-12-23 02:00:00,1.17725,1.17799,1.17719,1.1777,1415,0,0
2025-12-23 03:00:00,1.1777,1.17786,1.17727,1.17758,1156,0,0
2025-12-23 04:00:00,1.17758,1.17784,1.1773,1.17749,1363,0,0
2025-12-23 05:00:00,1.17747,1.17793,1.17737,1.17745,1353,0,0
2025-12-23 06:00:00,1.17745,1.17759,1.1768,1.17708,1317,0,0
2025-12-23 07:00:00,1.17708,1.17806,1.17686,1.17781,2111,0,0
2025-12-23 08:00:00,1.17781,1.1784,1.17746,1.17839,2593,0,0
2025-12-23 09:00:00,1.17839,1.17923,1.17811,1.1792,2924,0,0
2025-12-23 10:00:00,1.1792,1.17997,1.17911,1.17984,2585,0,0
2025-12-23 11:00:00,1.17982,1.17993,1.17917,1.17953,2648,0,0
2025-12-23 12:00:00,1.17955,1.18013,1.17883,1.17891,3494,0,0
2025-12-23 13:00:00,1.1789,1.17932,1.17736,1.17742,5596,0,0
2025-12-23 14:00:00,1.17742,1.17789,1.17678,1.1769,5498,0,0
2025-12-23 15:00:00,1.1769,1.17784,1.17632,1.1774,5986,0,0
2025-12-23 16:00:00,1.17737,1.17798,1.17726,1.17751,3315,0,0
2025-12-23 17:00:00,1.1775,1.17781,1.17683,1.17701,2668,0,0
2025-12-23 18:00:00,1.17701,1.17825,1.17689,1.17821,2428,0,0
2025-12-23 19:00:00,1.17825,1.17908,1.17816,1.17894,2291,0,0
2025-12-23 20:00:00,1.17895,1.17931,1.17863,1.17889,1973,0,0
2025-12-23 21:00:00,1.17889,1.1796,1.17877,1.17935,1301,0,0
2025-12-23 22:00:00,1.178,1.17941,1.178,1.17915,895,0,0
2025-12-23 23:00:00,1.17915,1.17966,1.17903,1.17941,1478,0,0
2025-12-24 00:00:00,1.17942,1.17985,1.17896,1.17983,2407,0,0
2025-12-24 01:00:00,1.17984,1.18057,1.17963,1.18048,2633,0,0
2025-12-24 02:00:00,1.18049,1.18075,1.17975,1.17976,1823,0,0
2025-12-24 03:00:00,1.17977,1.17978,1.17863,1.17871,1841,0,0
2025-12-24 04:00:00,1.17871,1.1793,1.17851,1.17908,1728,0,0
2025-12-24 05:00:00,1.17908,1.18016,1.17901,1.17984,1499,0,0
2025-12-24 06:00:00,1.17983,1.18035,1.1797,1.17992,2209,0,0
2025-12-24 07:00:00,1.17992,1.18011,1.17858,1.17887,3574,0,0
2025-12-24 08:00:00,1.17885,1.17989,1.1779,1.17988,4338,0,0
2025-12-24 09:00:00,1.17988,1.18003,1.17938,1.17991,2694,0,0
2025-12-24 10:00:00,1.17991,1.17994,1.17902,1.17959,1932,0,0
2025-12-24 11:00:00,1.1796,1.17978,1.17904,1.17921,1984,0,0
2025-12-24 12:00:00,1.17921,1.17926,1.17834,1.17837,2053,0,0
2025-12-24 13:00:00,1.17837,1.17903,1.17831,1.17846,2911,0,0
2025-12-24 14:00:00,1.17841,1.17864,1.17768,1.17801,2956,0,0
2025-12-24 15:00:00,1.17801,1.17818,1.17749,1.17775,3072,0,0
2025-12-24 16:00:00,1.17775,1.17804,1.17725,1.17789,2591,0,0
2025-12-24 17:00:00,1.17789,1.17826,1.1772,1.17759,1615,0,0
2025-12-24 18:00:00,1.17759,1.17792,1.17737,1.17781,1376,0,0
2025-12-24 19:00:00,1.17781,1.17814,1.1778,1.17811,769,0,0
2025-12-24 20:00:00,1.17811,1.17813,1.17785,1.17789,768,0,0
2025-12-24 21:00:00,1.17789,1.17791,1.17756,1.17764,1176,0,0
2025-12-25 22:00:00,1.17768,1.17829,1.17749,1.17786,778,0,0
2025-12-25 23:00:00,1.17796,1.1784,1.17766,1.17826,3586,0,0
2025-12-26 00:00:00,1.17835,1.17914,1.17761,1.17854,3414,0,0
2025-12-26 01:00:00,1.17854,1.1791,1.17823,1.17868,2554,0,0
2025-12-26 02:00:00,1.17868,1.17928,1.17831,1.17917,1619,0,0
2025-12-26 03:00:00,1.17917,1.17922,1.17826,1.17837,1464,0,0
2025-12-26 04:00:00,1.17836,1.17866,1.17794,1.17823,1364,0,0
2025-12-26 05:00:00,1.17823,1.17866,1.17795,1.17856,1315,0,0
2025-12-26 06:00:00,1.17856,1.17872,1.1771,1.1776,2061,0,0
2025-12-26 07:00:00,1.17761,1.17773,1.17694,1.17724,2302,0,0
2025-12-26 08:00:00,1.17724,1.17769,1.17658,1.17764,2071,0,0
2025-12-26 09:00:00,1.17763,1.17772,1.17677,1.17697,1787,0,0
2025-12-26 10:00:00,1.17697,1.1779,1.17683,1.17726,1885,0,0
2025-12-26 11:00:00,1.17726,1.17819,1.17725,1.17767,1569,0,0
2025-12-26 12:00:00,1.17767,1.17817,1.17721,1.1781,1649,0,0
2025-12-26 13:00:00,1.17811,1.17962,1.17811,1.17909,2785,0,0
2025-12-26 14:00:00,1.17912,1.17938,1.17807,1.17832,2710,0,0
2025-12-26 15:00:00,1.17832,1.17919,1.17709,1.17767,2840,0,0
2025-12-26 16:00:00,1.17767,1.17791,1.17617,1.17647,3715,0,0
2025-12-26 17:00:00,1.17647,1.17697,1.17609,1.17695,3295,0,0
2025-12-26 18:00:00,1.17695,1.1773,1.17683,1.17714,2890,0,0
2025-12-26 19:00:00,1.17713,1.1776,1.17685,1.17759,1683,0,0
2025-12-26 20:00:00,1.17759,1.1781,1.17716,1.17742,1641,0,0
2025-12-26 21:00:00,1.17743,1.1776,1.17649,1.1769,1056,0,0
2025-12-28 22:00:00,1.1764,1.17691,1.1764,1.17656,904,0,0
2025-12-28 23:00:00,1.17672,1.17774,1.17672,1.1772,1582,0,0
2025-12-29 00:00:00,1.1772,1.17834,1.17711,1.17792,1957,0,0
2025-12-29 01:00:00,1.17792,1.17855,1.17782,1.17835,1383,0,0
2025-12-29 02:00:00,1.17835,1.17847,1.17749,1.17751,1477,0,0
2025-12-29 03:00:00,1.17751,1.17755,1.17704,1.17728,992,0,0
2025-12-29 04:00:00,1.17728,1.17728,1.17631,1.17636,1059,0,0
2025-12-29 05:00:00,1.17636,1.17636,1.17533,1.17555,1316,0,0
2025-12-29 06:00:00,1.17557,1.1769,1.17538,1.1769,1359,0,0
2025-12-29 07:00:00,1.1769,1.17787,1.17648,1.17766,2212,0,0
2025-12-29 08:00:00,1.17766,1.17881,1.17704,1.17835,2412,0,0
2025-12-29 09:00:00,1.17834,1.17885,1.1771,1.17758,2797,0,0
2025-12-29 10:00:00,1.17757,1.17796,1.17647,1.17652,2334,0,0
2025-12-29 11:00:00,1.17652,1.17705,1.1757,1.17652,2401,0,0
2025-12-29 12:00:00,1.17652,1.17684,1.17549,1.17613,2496,0,0
2025-12-29 13:00:00,1.17613,1.17731,1.17597,1.17693,3053,0,0
2025-12-29 14:00:00,1.17693,1.17882,1.17665,1.17823,3474,0,0
2025-12-29 15:00:00,1.17823,1.17859,1.17659,1.17672,4564,0,0
2025-12-29 16:00:00,1.17669,1.17674,1.17519,1.17556,3492,0,0
2025-12-29 17:00:00,1.17556,1.17564,1.17487,1.17515,2034,0,0
2025-12-29 18:00:00,1.17514,1.17583,1.17501,1.17569,1404,0,0
2025-12-29 19:00:00,1.17569,1.17676,1.17562,1.17667,1189,0,0
2025-12-29 20:00:00,1.17667,1.17699,1.17636,1.17699,1455,0,0
2025-12-29 21:00:00,1.17698,1.17739,1.17694,1.17731,752,0,0
2025-12-29 22:00:00,1.17667,1.17704,1.17608,1.17646,1268,0,0
2025-12-29 23:00:00,1.17647,1.17738,1.17647,1.17716,793,0,0
2025-12-30 00:00:00,1.17716,1.17744,1.17709,1.17724,1312,0,0
2025-12-30 01:00:00,1.17724,1.17744,1.17693,1.17744,1296,0,0
2025-12-30 02:00:00,1.17744,1.17758,1.17709,1.17727,1164,0,0
2025-12-30 03:00:00,1.17727,1.17755,1.17699,1.17718,796,0,0
2025-12-30 04:00:00,1.17718,1.17772,1.1771,1.17765,831,0,0
2025-12-30 05:00:00,1.17765,1.17782,1.1772,1.17745,1030,0,0
2025-12-30 06:00:00,1.17745,1.17793,1.17735,1.1778,1238,0,0
2025-12-30 07:00:00,1.1778,1.1778,1.17656,1.17695,1623,0,0
2025-12-30 08:00:00,1.17696,1.17747,1.17654,1.17666,2316,0,0
2025-12-30 09:00:00,1.17665,1.17774,1.17636,1.17681,2309,0,0
2025-12-30 10:00:00,1.17681,1.17769,1.1768,1.17733,2065,0,0
2025-12-30 11:00:00,1.17734,1.17761,1.17654,1.17659,1783,0,0
2025-12-30 12:00:00,1.17659,1.17674,1.176,1.1761,1994,0,0
2025-12-30 13:00:00,1.17609,1.17672,1.17547,1.17628,3578,0,0
2025-12-30 14:00:00,1.17628,1.17637,1.17557,1.17627,2989,0,0
2025-12-30 15:00:00,1.17627,1.17657,1.17447,1.17593,3653,0,0
2025-12-30 16:00:00,1.17592,1.17659,1.17539,1.17643,2662,0,0
2025-12-30 17:00:00,1.17643,1.17658,1.17544,1.17554,1479,0,0
2025-12-30 18:00:00,1.17554,1.17589,1.17475,1.17497,1335,0,0
2025-12-30 19:00:00,1.17495,1.17523,1.17445,1.17461,1475,0,0
2025-12-30 20:00:00,1.17461,1.17496,1.17427,1.17434,1532,0,0
2025-12-30 21:00:00,1.17434,1.17477,1.17433,1.17471,596,0,0
2025-12-30 22:00:00,1.17427,1.17474,1.17426,1.17452,315,0,0
2025-12-30 23:00:00,1.17451,1.17485,1.1743,1.17449,483,0,0
2025-12-31 00:00:00,1.17449,1.17472,1.17439,1.17466,833,0,0
2025-12-31 01:00:00,1.17467,1.17484,1.17413,1.17421,1197,0,0
2025-12-31 02:00:00,1.17421,1.17421,1.17382,1.17396,1280,0,0
2025-12-31 03:00:00,1.17396,1.17429,1.1739,1.17418,753,0,0
2025-12-31 04:00:00,1.17418,1.1742,1.17323,1.17339,756,0,0
2025-12-31 05:00:00,1.17339,1.17388,1.17337,1.1738,877,0,0
2025-12-31 06:00:00,1.1738,1.17391,1.17326,1.17369,1023,0,0
2025-12-31 07:00:00,1.17369,1.1738,1.17292,1.17363,1867,0,0
2025-12-31 08:00:00,1.17363,1.1739,1.17196,1.17226,2383,0,0
2025-12-31 09:00:00,1.17226,1.17382,1.17195,1.17344,2249,0,0
2025-12-31 10:00:00,1.17345,1.17432,1.17279,1.17385,1974,0,0
2025-12-31 11:00:00,1.17385,1.17471,1.17356,1.17465,2070,0,0
2025-12-31 12:00:00,1.17465,1.17586,1.17465,1.17547,2211,0,0
2025-12-31 13:00:00,1.17547,1.17589,1.17409,1.17413,3148,0,0
2025-12-31 14:00:00,1.17414,1.17421,1.17268,1.17297,3761,0,0
2025-12-31 15:00:00,1.17294,1.17455,1.17197,1.17434,4362,0,0
2025-12-31 16:00:00,1.17435,1.17482,1.17281,1.17342,3589,0,0
2025-12-31 17:00:00,1.17342,1.17383,1.17309,1.17353,2293,0,0
2025-12-31 18:00:00,1.17351,1.17382,1.17299,1.17352,2239,0,0
2025-12-31 19:00:00,1.17352,1.17426,1.17352,1.174,1548,0,0
2025-12-31 20:00:00,1.174,1.17525,1.17395,1.17515,1377,0,0
2025-12-31 21:00:00,1.17515,1.17525,1.1744,1.1745,754,0,0
2026-01-01 22:00:00,1.17412,1.17493,1.17412,1.17452,348,0,0
2026-01-01 23:00:00,1.17454,1.17501,1.17448,1.175,622,0,0
2026-01-02 00:00:00,1.175,1.1756,1.17494,1.17557,925,0,0
2026-01-02 01:00:00,1.17558,1.17622,1.17558,1.17604,1402,0,0
2026-01-02 02:00:00,1.17604,1.17631,1.17575,1.17587,962,0,0
2026-01-02 03:00:00,1.17587,1.17642,1.17587,1.17638,804,0,0
2026-01-02 04:00:00,1.17638,1.1764,1.17546,1.1755,794,0,0
2026-01-02 05:00:00,1.1755,1.17572,1.17501,1.17508,772,0,0
2026-01-02 06:00:00,1.17508,1.17508,1.17409,1.17433,1161,0,0
2026-01-02 07:00:00,1.17433,1.17466,1.17316,1.17342,2213,0,0
2026-01-02 08:00:00,1.17339,1.17377,1.17233,1.17281,3204,0,0
2026-01-02 09:00:00,1.17281,1.17368,1.17201,1.17209,2463,0,0
2026-01-02 10:00:00,1.1721,1.17231,1.17126,1.17205,2125,0,0
2026-01-02 11:00:00,1.17205,1.1722,1.17144,1.17213,1762,0,0
2026-01-02 12:00:00,1.17213,1.17267,1.17199,1.17231,1693,0,0
2026-01-02 13:00:00,1.17232,1.17285,1.17177,1.17211,2807,0,0
2026-01-02 14:00:00,1.17212,1.17302,1.17152,1.1728,2926,0,0
2026-01-02 15:00:00,1.1728,1.17516,1.17277,1.17501,3831,0,0
2026-01-02 16:00:00,1.17501,1.17538,1.17335,1.1737,3166,0,0
2026-01-02 17:00:00,1.1737,1.17372,1.17278,1.17301,2146,0,0
2026-01-02 18:00:00,1.17301,1.17306,1.17147,1.17186,1991,0,0
2026-01-02 19:00:00,1.17186,1.17238,1.17137,1.17226,1915,0,0
2026-01-02 20:00:00,1.17226,1.17231,1.17145,1.17171,1644,0,0
2026-01-02 21:00:00,1.1717,1.17228,1.17168,1.17188,789,0,0
2026-01-04 22:00:00,1.17192,1.17198,1.17086,1.17096,467,0,0
2026-01-04 23:00:00,1.17096,1.17123,1.16997,1.17047,1541,0,0
2026-01-05 00:00:00,1.17047,1.17106,1.17027,1.17044,2388,0,0
2026-01-05 01:00:00,1.17044,1.17066,1.16993,1.16997,2617,0,0
2026-01-05 02:00:00,1.16997,1.1701,1.16835,1.16882,2143,0,0
2026-01-05 03:00:00,1.16882,1.16902,1.16718,1.16746,1859,0,0
2026-01-05 04:00:00,1.16743,1.16825,1.16727,1.16813,1580,0,0
2026-01-05 05:00:00,1.16813,1.16853,1.16798,1.16848,1141,0,0
2026-01-05 06:00:00,1.16848,1.16912,1.16775,1.16903,1762,0,0
2026-01-05 07:00:00,1.16903,1.16915,1.16829,1.16858,2585,0,0
2026-01-05 08:00:00,1.16857,1.1694,1.16805,1.16829,3024,0,0
2026-01-05 09:00:00,1.16829,1.16869,1.16731,1.16819,2490,0,0
2026-01-05 10:00:00,1.16819,1.16896,1.16792,1.16894,2406,0,0
2026-01-05 11:00:00,1.16894,1.16904,1.16796,1.16808,2607,0,0
2026-01-05 12:00:00,1.16808,1.16845,1.16694,1.16702,2464,0,0
2026-01-05 13:00:00,1.16702,1.16746,1.16584,1.16738,4043,0,0
2026-01-05 14:00:00,1.16738,1.16868,1.16726,1.16853,3806,0,0
2026-01-05 15:00:00,1.1685,1.1704,1.16848,1.1704,4585,0,0
2026-01-05 16:00:00,1.17039,1.17181,1.17035,1.17143,3676,0,0
2026-01-05 17:00:00,1.17144,1.17192,1.17095,1.1714,2777,0,0
2026-01-05 18:00:00,1.1714,1.17248,1.17127,1.17243,1813,0,0
2026-01-05 19:00:00,1.17243,1.17283,1.17214,1.17265,2112,0,0
2026-01-05 20:00:00,1.17265,1.17282,1.1723,1.17242,1264,0,0
2026-01-05 21:00:00,1.17242,1.17258,1.17188,1.17193,955,0,0
2026-01-05 22:00:00,1.17185,1.17214,1.17172,1.17173,283,0,0
2026-01-05 23:00:00,1.17181,1.17204,1.17119,1.17141,749,0,0
2026-01-06 00:00:00,1.1714,1.17166,1.17101,1.17164,2103,0,0
2026-01-06 01:00:00,1.17164,1.17248,1.17117,1.17248,3021,0,0
2026-01-06 02:00:00,1.17248,1.17373,1.17216,1.17368,2269,0,0
2026-01-06 03:00:00,1.17367,1.17377,1.17319,1.1734,2184,0,0
2026-01-06 04:00:00,1.1734,1.17351,1.1731,1.17331,2018,0,0
2026-01-06 05:00:00,1.17331,1.17365,1.17267,1.17284,2538,0,0
2026-01-06 06:00:00,1.17284,1.17365,1.17279,1.17356,2525,0,0
2026-01-06 07:00:00,1.17357,1.17423,1.17254,1.17285,3887,0,0
2026-01-06 08:00:00,1.17285,1.17384,1.17253,1.1728,4985,0,0
2026-01-06 09:00:00,1.17278,1.17284,1.17075,1.17128,4760,0,0
2026-01-06 10:00:00,1.17127,1.17167,1.17076,1.17122,3719,0,0
2026-01-06 11:00:00,1.17122,1.17126,1.17043,1.17058,3663,0,0
2026-01-06 12:00:00,1.17058,1.17118,1.16966,1.17008,4424,0,0
2026-01-06 13:00:00,1.17009,1.1713,1.16968,1.17105,5687,0,0
2026-01-06 14:00:00,1.17106,1.1717,1.16987,1.17086,5925,0,0
2026-01-06 15:00:00,1.17085,1.17085,1.16834,1.16948,7837,0,0
2026-01-06 16:00:00,1.16949,1.16977,1.16853,1.16876,5376,0,0
2026-01-06 17:00:00,1.16876,1.17003,1.16864,1.17001,3893,0,0
2026-01-06 18:00:00,1.17002,1.17017,1.16864,1.16877,3722,0,0
2026-01-06 19:00:00,1.16877,1.16905,1.16833,1.16891,3605,0,0
2026-01-06 20:00:00,1.16892,1.16926,1.16859,1.16864,2853,0,0
2026-01-06 21:00:00,1.16865,1.16882,1.16841,1.1687,1260,0,0
2026-01-06 22:00:00,1.16831,1.16875,1.16828,1.16862,343,0,0
2026-01-06 23:00:00,1.16871,1.169,1.16859,1.16865,548,0,0
2026-01-07 00:00:00,1.16866,1.16936,1.16848,1.16912,2923,0,0
2026-01-07 01:00:00,1.16911,1.17,1.16893,1.16951,3110,0,0
2026-01-07 02:00:00,1.16952,1.17021,1.16947,1.16957,2275,0,0
2026-01-07 03:00:00,1.16957,1.16997,1.16955,1.1698,1797,0,0
2026-01-07 04:00:00,1.1698,1.17015,1.16905,1.16905,2247,0,0
2026-01-07 05:00:00,1.16906,1.16937,1.16902,1.16926,1847,0,0
2026-01-07 06:00:00,1.16926,1.16992,1.16915,1.1697,2377,0,0
2026-01-07 07:00:00,1.16969,1.16983,1.16781,1.16821,4428,0,0
2026-01-07 08:00:00,1.16821,1.16868,1.16723,1.16853,4823,0,0
2026-01-07 09:00:00,1.16852,1.16864,1.16807,1.16837,3558,0,0
2026-01-07 10:00:00,1.16838,1.16934,1.16829,1.16879,3724,0,0
2026-01-07 11:00:00,1.16879,1.16919,1.16845,1.16887,3018,0,0
2026-01-07 12:00:00,1.16887,1.16908,1.16806,1.16873,3810,0,0
2026-01-07 13:00:00,1.16873,1.16942,1.16819,1.1691,5058,0,0
2026-01-07 14:00:00,1.1691,1.16978,1.16865,1.16968,5796,0,0
2026-01-07 15:00:00,1.16968,1.16982,1.16794,1.16897,8484,0,0
2026-01-07 16:00:00,1.16896,1.16925,1.16816,1.16886,4987,0,0
2026-01-07 17:00:00,1.16887,1.16943,1.16857,1.16874,3578,0,0
2026-01-07 18:00:00,1.16874,1.169,1.16818,1.16823,3088,0,0
2026-01-07 19:00:00,1.16824,1.16848,1.1678,1.16816,3311,0,0
2026-01-07 20:00:00,1.16817,1.16834,1.16784,1.16786,2671,0,0
2026-01-07 21:00:00,1.16784,1.16786,1.16729,1.1675,1102,0,0
2026-01-07 22:00:00,1.16719,1.16766,1.16718,1.16757,251,0,0
2026-01-07 23:00:00,1.16768,1.16769,1.16744,1.16762,402,0,0
2026-01-08 00:00:00,1.16762,1.16775,1.16752,1.16752,1715,0,0
2026-01-08 01:00:00,1.16751,1.16774,1.16723,1.16742,2410,0,0
2026-01-08 02:00:00,1.16743,1.16801,1.16721,1.16796,2414,0,0
2026-01-08 03:00:00,1.16797,1.16823,1.1678,1.16795,1993,0,0
2026-01-08 04:00:00,1.16795,1.16805,1.16774,1.16797,1426,0,0
2026-01-08 05:00:00,1.16798,1.16823,1.16769,1.16818,2073,0,0
2026-01-08 06:00:00,1.16819,1.16824,1.16742,1.1681,3035,0,0
2026-01-08 07:00:00,1.16809,1.16823,1.16765,1.16773,4075,0,0
2026-01-08 08:00:00,1.16773,1.16784,1.16683,1.16707,4583,0,0
2026-01-08 09:00:00,1.16706,1.16764,1.16686,1.16762,3739,0,0
2026-01-08 10:00:00,1.16762,1.16814,1.16752,1.16792,3434,0,0
2026-01-08 11:00:00,1.16793,1.16797,1.16746,1.1677,2764,0,0
2026-01-08 12:00:00,1.1677,1.16773,1.16694,1.16727,3357,0,0
2026-01-08 13:00:00,1.16727,1.16773,1.16576,1.16622,5774,0,0
2026-01-08 14:00:00,1.16622,1.1666,1.16555,1.1664,6608,0,0
2026-01-08 15:00:00,1.1664,1.16733,1.16601,1.16658,6334,0,0
2026-01-08 16:00:00,1.16658,1.1667,1.1652,1.16539,4873,0,0
2026-01-08 17:00:00,1.1654,1.16551,1.16431,1.16501,4303,0,0
2026-01-08 18:00:00,1.165,1.16528,1.16441,1.16446,3429,0,0
2026-01-08 19:00:00,1.16446,1.16502,1.16421,1.16496,3579,0,0
2026-01-08 20:00:00,1.16495,1.16541,1.16492,1.16507,3171,0,0
2026-01-08 21:00:00,1.16506,1.16617,1.16501,1.16587,1548,0,0
2026-01-08 22:00:00,1.16529,1.16581,1.16492,1.16571,391,0,0
2026-01-08 23:00:00,1.16579,1.16618,1.1656,1.16575,498,0,0
2026-01-09 00:00:00,1.16575,1.16575,1.16529,1.16533,1619,0,0
2026-01-09 01:00:00,1.16531,1.16567,1.16476,1.16485,2774,0,0
2026-01-09 02:00:00,1.16486,1.16542,1.16454,1.16537,2169,0,0
2026-01-09 03:00:00,1.16537,1.16586,1.16531,1.16556,1686,0,0
2026-01-09 04:00:00,1.16555,1.16563,1.16514,1.16536,1546,0,0
2026-01-09 05:00:00,1.16537,1.16556,1.16494,1.16505,1780,0,0
2026-01-09 06:00:00,1.16505,1.16522,1.16477,1.16483,2299,0,0
2026-01-09 07:00:00,1.16481,1.16503,1.16395,1.16501,3716,0,0
2026-01-09 08:00:00,1.16503,1.16524,1.16406,1.16483,4645,0,0
2026-01-09 09:00:00,1.16483,1.16498,1.16417,1.16418,3091,0,0
2026-01-09 10:00:00,1.16418,1.16463,1.16363,1.16462,2812,0,0
2026-01-09 11:00:00,1.16462,1.16464,1.1641,1.16455,2651,0,0
2026-01-09 12:00:00,1.16454,1.16456,1.16393,1.16408,3495,0,0
2026-01-09 13:00:00,1.1641,1.16601,1.16251,1.16445,7846,0,0
2026-01-09 14:00:00,1.16446,1.16519,1.16294,1.16362,8218,0,0
2026-01-09 15:00:00,1.16361,1.16404,1.16175,1.16399,7717,0,0
2026-01-09 16:00:00,1.164,1.16429,1.16277,1.16327,4791,0,0
2026-01-09 17:00:00,1.16327,1.16339,1.16271,1.1631,4057,0,0
2026-01-09 18:00:00,1.16311,1.16394,1.16305,1.16334,3402,0,0
2026-01-09 19:00:00,1.16334,1.16383,1.16325,1.16342,2995,0,0
2026-01-09 20:00:00,1.16342,1.16372,1.16335,1.1634,2167,0,0
2026-01-09 21:00:00,1.16341,1.16363,1.16284,1.16315,1082,0,0
2026-01-11 22:00:00,1.16278,1.16306,1.16266,1.16282,513,0,0
2026-01-11 23:00:00,1.16282,1.16333,1.16226,1.16232,733,0,0
2026-01-12 00:00:00,1.16232,1.16645,1.16211,1.1664,4610,0,0
2026-01-12 01:00:00,1.1664,1.16709,1.1655,1.16557,4396,0,0
2026-01-12 02:00:00,1.16555,1.16638,1.16534,1.16542,2585,0,0
2026-01-12 03:00:00,1.16542,1.16586,1.16541,1.16547,1934,0,0
2026-01-12 04:00:00,1.16546,1.16579,1.16524,1.16551,1535,0,0
2026-01-12 05:00:00,1.16552,1.16704,1.16551,1.16686,2397,0,0
2026-01-12 06:00:00,1.16686,1.16724,1.16634,1.16693,2869,0,0
2026-01-12 07:00:00,1.16692,1.16871,1.16679,1.16843,5011,0,0
2026-01-12 08:00:00,1.16844,1.16913,1.16754,1.16876,5105,0,0
2026-01-12 09:00:00,1.16875,1.16953,1.16806,1.16813,4420,0,0
2026-01-12 10:00:00,1.16811,1.16849,1.16754,1.16849,3798,0,0
2026-01-12 11:00:00,1.16849,1.16889,1.1675,1.1678,3588,0,0
2026-01-12 12:00:00,1.1678,1.1687,1.16765,1.16807,4497,0,0
2026-01-12 13:00:00,1.16807,1.1698,1.16772,1.16924,5921,0,0
2026-01-12 14:00:00,1.16923,1.16923,1.16734,1.16763,6979,0,0
2026-01-12 15:00:00,1.16764,1.16855,1.16723,1.16805,5851,0,0
2026-01-12 16:00:00,1.16805,1.16815,1.16706,1.16713,4805,0,0
2026-01-12 17:00:00,1.16713,1.16753,1.16656,1.1668,4408,0,0
2026-01-12 18:00:00,1.1668,1.1671,1.16646,1.16683,3475,0,0
2026-01-12 19:00:00,1.16682,1.16733,1.16672,1.16714,2524,0,0
2026-01-12 20:00:00,1.16715,1.16726,1.16625,1.16646,2471,0,0
2026-01-12 21:00:00,1.16645,1.16679,1.16637,1.16656,1019,0,0
2026-01-12 22:00:00,1.16641,1.16687,1.16641,1.16665,925,0,0
2026-01-12 23:00:00,1.16657,1.16701,1.16639,1.16669,876,0,0
2026-01-13 00:00:00,1.16669,1.1667,1.16602,1.16631,2150,0,0
2026-01-13 01:00:00,1.16632,1.1664,1.16558,1.1658,2504,0,0
2026-01-13 02:00:00,1.16578,1.16607,1.16562,1.16584,2000,0,0
2026-01-13 03:00:00,1.16585,1.1663,1.16559,1.16581,1637,0,0
2026-01-13 04:00:00,1.1658,1.16653,1.16579,1.1665,1930,0,0
2026-01-13 05:00:00,1.16649,1.1667,1.16612,1.16623,2054,0,0
2026-01-13 06:00:00,1.16624,1.16625,1.16533,1.16583,3122,0,0
2026-01-13 07:00:00,1.16582,1.16644,1.16554,1.16636,3743,0,0
2026-01-13 08:00:00,1.16632,1.16686,1.1658,1.16685,4526,0,0
2026-01-13 09:00:00,1.16684,1.16721,1.1663,1.16713,3786,0,0
2026-01-13 10:00:00,1.16714,1.16739,1.16645,1.16658,3626,0,0
2026-01-13 11:00:00,1.16658,1.16699,1.1664,1.16681,2796,0,0
2026-01-13 12:00:00,1.1668,1.16687,1.16524,1.16545,3843,0,0
2026-01-13 13:00:00,1.16546,1.16771,1.16495,1.16678,7270,0,0
2026-01-13 14:00:00,1.16678,1.16727,1.16568,1.16633,6776,0,0
2026-01-13 15:00:00,1.16632,1.16643,1.16435,1.16515,6346,0,0
2026-01-13 16:00:00,1.16514,1.1654,1.16336,1.16452,5120,0,0
2026-01-13 17:00:00,1.16452,1.16482,1.16407,1.16455,3905,0,0
2026-01-13 18:00:00,1.16455,1.1654,1.16409,1.16527,3586,0,0
2026-01-13 19:00:00,1.16526,1.1653,1.16455,1.16487,3522,0,0
2026-01-13 20:00:00,1.16487,1.16494,1.16447,1.16449,2715,0,0
2026-01-13 21:00:00,1.1645,1.16461,1.16414,1.16422,1152,0,0
2026-01-13 22:00:00,1.16408,1.16438,1.16404,1.16421,377,0,0
2026-01-13 23:00:00,1.16421,1.1645,1.16404,1.16414,651,0,0
2026-01-14 00:00:00,1.16415,1.16431,1.16375,1.16424,1893,0,0
2026-01-14 01:00:00,1.16424,1.16427,1.16362,1.16375,2149,0,0
2026-01-14 02:00:00,1.16375,1.16439,1.16356,1.1643,1861,0,0
2026-01-14 03:00:00,1.1643,1.16484,1.1643,1.16463,1668,0,0
2026-01-14 04:00:00,1.16464,1.16475,1.1643,1.16435,1483,0,0
2026-01-14 05:00:00,1.16435,1.16446,1.1641,1.16414,1579,0,0
2026-01-14 06:00:00,1.16413,1.16495,1.16408,1.16485,2324,0,0
2026-01-14 07:00:00,1.16485,1.16514,1.16438,1.16456,2887,0,0
2026-01-14 08:00:00,1.16456,1.16497,1.16404,1.16471,4960,0,0
2026-01-14 09:00:00,1.1647,1.16532,1.16454,1.16513,3562,0,0
2026-01-14 10:00:00,1.16513,1.16573,1.16462,1.16545,4042,0,0
2026-01-14 11:00:00,1.16544,1.16545,1.16433,1.16464,3735,0,0
2026-01-14 12:00:00,1.16464,1.16594,1.16444,1.16593,4806,0,0
2026-01-14 13:00:00,1.16593,1.16593,1.16444,1.16494,5732,0,0
2026-01-14 14:00:00,1.16494,1.16594,1.16482,1.16553,7472,0,0
2026-01-14 15:00:00,1.16554,1.16602,1.16487,1.16593,7795,0,0
2026-01-14 16:00:00,1.16593,1.16612,1.1652,1.1654,5504,0,0
2026-01-14 17:00:00,1.1654,1.16552,1.16449,1.16462,4236,0,0
2026-01-14 18:00:00,1.16461,1.16472,1.16375,1.16375,3691,0,0
2026-01-14 19:00:00,1.16373,1.16388,1.16349,1.16357,3314,0,0
2026-01-14 20:00:00,1.16357,1.16468,1.16357,1.16427,3768,0,0
2026-01-14 21:00:00,1.16425,1.16458,1.16417,1.16441,1415,0,0
2026-01-14 22:00:00,1.16375,1.16456,1.16367,1.1643,440,0,0
2026-01-14 23:00:00,1.1643,1.16464,1.16415,1.16442,1237,0,0
2026-01-15 00:00:00,1.16444,1.1645,1.16351,1.16371,2229,0,0
2026-01-15 01:00:00,1.16371,1.16412,1.16326,1.16381,3963,0,0
2026-01-15 02:00:00,1.1638,1.16404,1.16357,1.16397,2457,0,0
2026-01-15 03:00:00,1.16396,1.1641,1.16364,1.16382,2021,0,0
2026-01-15 04:00:00,1.16383,1.1639,1.16337,1.1634,1538,0,0
2026-01-15 05:00:00,1.16341,1.16375,1.1633,1.16347,2129,0,0
2026-01-15 06:00:00,1.16347,1.16378,1.16294,1.16326,2894,0,0
2026-01-15 07:00:00,1.16326,1.16361,1.16254,1.16282,4206,0,0
2026-01-15 08:00:00,1.16281,1.16349,1.16263,1.16303,4301,0,0
2026-01-15 09:00:00,1.16303,1.16394,1.16297,1.16352,4390,0,0
2026-01-15 10:00:00,1.16352,1.16405,1.16322,1.16352,3825,0,0
2026-01-15 11:00:00,1.16351,1.16374,1.16296,1.16303,3478,0,0
2026-01-15 12:00:00,1.16303,1.16345,1.16197,1.16222,3726,0,0
2026-01-15 13:00:00,1.16222,1.16245,1.15982,1.16008,7405,0,0
2026-01-15 14:00:00,1.16009,1.16103,1.15925,1.16005,7602,0,0
2026-01-15 15:00:00,1.16005,1.16089,1.15964,1.16018,6848,0,0
2026-01-15 16:00:00,1.16019,1.16105,1.15977,1.1604,5789,0,0
2026-01-15 17:00:00,1.16041,1.16132,1.16029,1.16083,3721,0,0
2026-01-15 18:00:00,1.16083,1.16146,1.16083,1.16142,3237,0,0
2026-01-15 19:00:00,1.16141,1.16169,1.16106,1.16131,3479,0,0
2026-01-15 20:00:00,1.16131,1.16149,1.16023,1.16037,2871,0,0
2026-01-15 21:00:00,1.16036,1.16101,1.16028,1.16089,1315,0,0
2026-01-15 22:00:00,1.16044,1.16077,1.16043,1.16062,597,0,0
2026-01-15 23:00:00,1.16061,1.16096,1.16052,1.16085,731,0,0
2026-01-16 00:00:00,1.16085,1.1609,1.16021,1.16033,2098,0,0
2026-01-16 01:00:00,1.16032,1.16081,1.16017,1.16064,2440,0,0
2026-01-16 02:00:00,1.16063,1.16137,1.16057,1.1609,2821,0,0
2026-01-16 03:00:00,1.1609,1.16121,1.16064,1.16116,1831,0,0
2026-01-16 04:00:00,1.16116,1.16131,1.16096,1.16103,1251,0,0
2026-01-16 05:00:00,1.16103,1.16108,1.16054,1.16061,1706,0,0
2026-01-16 06:00:00,1.16061,1.16092,1.16037,1.1609,2023,0,0
2026-01-16 07:00:00,1.1609,1.16142,1.16076,1.16113,3976,0,0
2026-01-16 08:00:00,1.16115,1.16141,1.16079,1.16087,4187,0,0
2026-01-16 09:00:00,1.16085,1.16147,1.16075,1.16078,3349,0,0
2026-01-16 10:00:00,1.16078,1.16171,1.16075,1.16125,3384,0,0
2026-01-16 11:00:00,1.16125,1.16229,1.16121,1.16187,3501,0,0
2026-01-16 12:00:00,1.16187,1.16217,1.1613,1.16186,4118,0,0
2026-01-16 13:00:00,1.16186,1.16207,1.16111,1.16179,4713,0,0
2026-01-16 14:00:00,1.1618,1.16201,1.16119,1.16177,5135,0,0
2026-01-16 15:00:00,1.16176,1.16269,1.15839,1.15929,9205,0,0
2026-01-16 16:00:00,1.15929,1.16054,1.15929,1.15978,6918,0,0
2026-01-16 17:00:00,1.15978,1.16023,1.15944,1.15951,4685,0,0
2026-01-16 18:00:00,1.15951,1.15988,1.15887,1.15951,3523,0,0
2026-01-16 19:00:00,1.1595,1.15969,1.15909,1.15958,3028,0,0
2026-01-16 20:00:00,1.15958,1.16017,1.15949,1.15988,2442,0,0
2026-01-16 21:00:00,1.15988,1.16018,1.15967,1.15973,1191,0,0
2026-01-18 22:00:00,1.15811,1.15853,1.15766,1.15833,1087,0,0
2026-01-18 23:00:00,1.15833,1.16265,1.15779,1.16239,4125,0,0
2026-01-19 00:00:00,1.16239,1.16372,1.1604,1.16315,4244,0,0
2026-01-19 01:00:00,1.16315,1.16338,1.16215,1.16218,3251,0,0
2026-01-19 02:00:00,1.16219,1.16231,1.16152,1.16169,2172,0,0
2026-01-19 03:00:00,1.16169,1.16256,1.16154,1.1624,1650,0,0
2026-01-19 04:00:00,1.1624,1.1633,1.16239,1.16324,1636,0,0
2026-01-19 05:00:00,1.16326,1.1637,1.16262,1.16269,1541,0,0
2026-01-19 06:00:00,1.16268,1.16319,1.16242,1.16274,1663,0,0
2026-01-19 07:00:00,1.16274,1.16408,1.16224,1.16254,3292,0,0
2026-01-19 08:00:00,1.16254,1.16274,1.16179,1.16244,2700,0,0
2026-01-19 09:00:00,1.16245,1.16291,1.16105,1.16236,2935,0,0
2026-01-19 10:00:00,1.16238,1.1628,1.16214,1.16234,2240,0,0
2026-01-19 11:00:00,1.16233,1.16284,1.16195,1.16273,1858,0,0
2026-01-19 12:00:00,1.16273,1.16327,1.16244,1.1625,1651,0,0
2026-01-19 13:00:00,1.16251,1.16349,1.16251,1.16314,1896,0,0
2026-01-19 14:00:00,1.16311,1.1642,1.16296,1.16392,2131,0,0
2026-01-19 15:00:00,1.16392,1.16427,1.16312,1.16392,2543,0,0
2026-01-19 16:00:00,1.16392,1.16468,1.16371,1.16413,1510,0,0
2026-01-19 17:00:00,1.16413,1.16459,1.16391,1.16451,992,0,0
2026-01-19 18:00:00,1.1645,1.16481,1.16425,1.16427,708,0,0
2026-01-19 19:00:00,1.16427,1.16463,1.1642,1.16426,559,0,0
2026-01-19 20:00:00,1.16426,1.16448,1.16411,1.16447,581,0,0
2026-01-19 21:00:00,1.16447,1.16457,1.16423,1.16443,545,0,0
2026-01-19 22:00:00,1.16398,1.16453,1.16392,1.16439,226,0,0
2026-01-19 23:00:00,1.1644,1.16455,1.16376,1.16387,774,0,0
2026-01-20 00:00:00,1.16387,1.16404,1.16319,1.16397,1480,0,0
2026-01-20 01:00:00,1.16397,1.16434,1.16382,1.16432,2031,0,0
2026-01-20 02:00:00,1.16432,1.16458,1.16397,1.16439,1680,0,0
2026-01-20 03:00:00,1.16438,1.1658,1.16433,1.1656,1524,0,0
2026-01-20 04:00:00,1.1656,1.1666,1.16554,1.16651,1342,0,0
2026-01-20 05:00:00,1.16651,1.16719,1.16625,1.16626,1521,0,0
2026-01-20 06:00:00,1.16626,1.16685,1.16615,1.16679,2138,0,0
2026-01-20 07:00:00,1.16678,1.16932,1.16634,1.16881,3641,0,0
2026-01-20 08:00:00,1.16881,1.17212,1.16867,1.17157,5063,0,0
2026-01-20 09:00:00,1.17157,1.17323,1.17151,1.17259,4503,0,0
2026-01-20 10:00:00,1.17257,1.17315,1.17147,1.17304,3667,0,0
2026-01-20 11:00:00,1.17304,1.17384,1.1722,1.17344,3138,0,0
2026-01-20 12:00:00,1.17344,1.17431,1.1725,1.17253,3260,0,0
2026-01-20 13:00:00,1.17253,1.17681,1.17178,1.17327,6055,0,0
2026-01-20 14:00:00,1.17328,1.17364,1.17147,1.17188,6521,0,0
2026-01-20 15:00:00,1.17188,1.17366,1.17156,1.17264,5910,0,0
2026-01-20 16:00:00,1.17264,1.17388,1.17263,1.17383,3612,0,0
2026-01-20 17:00:00,1.17383,1.17421,1.1729,1.17309,2848,0,0
2026-01-20 18:00:00,1.17309,1.17335,1.17259,1.17262,2334,0,0
2026-01-20 19:00:00,1.17261,1.17274,1.17109,1.17116,2299,0,0
2026-01-20 20:00:00,1.17116,1.17198,1.17102,1.1719,2734,0,0
2026-01-20 21:00:00,1.17189,1.17254,1.1717,1.17253,807,0,0
2026-01-20 22:00:00,1.17183,1.17242,1.1718,1.17197,698,0,0
2026-01-20 23:00:00,1.17196,1.17283,1.17191,1.17266,1061,0,0
2026-01-21 00:00:00,1.17264,1.17264,1.1716,1.17231,2468,0,0
2026-01-21 01:00:00,1.17231,1.17337,1.17221,1.17285,3670,0,0
2026-01-21 02:00:00,1.17285,1.17312,1.17238,1.17259,2546,0,0
2026-01-21 03:00:00,1.17258,1.17284,1.17103,1.17183,2805,0,0
2026-01-21 04:00:00,1.17182,1.17199,1.17135,1.17176,1991,0,0
2026-01-21 05:00:00,1.17175,1.17211,1.1715,1.17167,2244,0,0
2026-01-21 06:00:00,1.17167,1.17245,1.17148,1.17233,2524,0,0
2026-01-21 07:00:00,1.17232,1.17249,1.17095,1.17165,5200,0,0
2026-01-21 08:00:00,1.17165,1.17182,1.17044,1.17098,5312,0,0
2026-01-21 09:00:00,1.17097,1.17122,1.17006,1.17029,4419,0,0
2026-01-21 10:00:00,1.17029,1.17079,1.17009,1.17064,4097,0,0
2026-01-21 11:00:00,1.17064,1.17198,1.17033,1.17135,4773,0,0
2026-01-21 12:00:00,1.17135,1.17352,1.17114,1.17342,5542,0,0
2026-01-21 13:00:00,1.17342,1.17425,1.17281,1.17389,5921,0,0
2026-01-21 14:00:00,1.17388,1.17402,1.17145,1.17242,10917,0,0
2026-01-21 15:00:00,1.17243,1.1728,1.17,1.17014,9523,0,0
2026-01-21 16:00:00,1.17016,1.171,1.16939,1.17026,7977,0,0
2026-01-21 17:00:00,1.17026,1.1711,1.16962,1.17022,6506,0,0
2026-01-21 18:00:00,1.17021,1.17026,1.16928,1.16962,4246,0,0
2026-01-21 19:00:00,1.16963,1.17047,1.16763,1.16906,7737,0,0
2026-01-21 20:00:00,1.16908,1.16913,1.16755,1.16863,4742,0,0
2026-01-21 21:00:00,1.16861,1.16888,1.16834,1.16862,1290,0,0
2026-01-21 22:00:00,1.16802,1.16854,1.16794,1.16833,688,0,0
2026-01-21 23:00:00,1.16844,1.16849,1.16691,1.16722,1103,0,0
2026-01-22 00:00:00,1.16722,1.16892,1.16722,1.16867,3174,0,0
2026-01-22 01:00:00,1.16867,1.16896,1.16806,1.16881,3385,0,0
2026-01-22 02:00:00,1.16882,1.16929,1.16826,1.1685,2256,0,0
2026-01-22 03:00:00,1.16849,1.16897,1.16843,1.16882,1788,0,0
2026-01-22 04:00:00,1.16882,1.16966,1.16882,1.16908,1667,0,0
2026-01-22 05:00:00,1.16909,1.16913,1.16837,1.16877,2091,0,0
2026-01-22 06:00:00,1.16876,1.16912,1.16835,1.16879,2522,0,0
2026-01-22 07:00:00,1.16878,1.16954,1.16841,1.169,4158,0,0
2026-01-22 08:00:00,1.16898,1.16944,1.16834,1.16882,4950,0,0
2026-01-22 09:00:00,1.16883,1.16968,1.1687,1.16919,4521,0,0
2026-01-22 10:00:00,1.16919,1.16949,1.16859,1.16946,3803,0,0
2026-01-22 11:00:00,1.16947,1.17035,1.16896,1.17018,5467,0,0
2026-01-22 12:00:00,1.17017,1.17085,1.16993,1.17031,4519,0,0
2026-01-22 13:00:00,1.17033,1.17179,1.17023,1.17132,6466,0,0
2026-01-22 14:00:00,1.17133,1.17251,1.17101,1.17191,6925,0,0
2026-01-22 15:00:00,1.17191,1.17334,1.17179,1.17333,7210,0,0
2026-01-22 16:00:00,1.17333,1.17501,1.17328,1.17381,6301,0,0
2026-01-22 17:00:00,1.17379,1.17472,1.17266,1.1746,5575,0,0
2026-01-22 18:00:00,1.17459,1.17481,1.17426,1.17468,3511,0,0
2026-01-22 19:00:00,1.17467,1.17473,1.17405,1.17433,3086,0,0
2026-01-22 20:00:00,1.17433,1.17521,1.17415,1.17481,2705,0,0
2026-01-22 21:00:00,1.17481,1.17549,1.17464,1.17546,1461,0,0
2026-01-22 22:00:00,1.17471,1.17547,1.1746,1.17543,472,0,0
2026-01-22 23:00:00,1.17544,1.17587,1.17527,1.17532,714,0,0
2026-01-23 00:00:00,1.17532,1.17532,1.17473,1.17474,2030,0,0
2026-01-23 01:00:00,1.17475,1.17531,1.17464,1.17488,3356,0,0
2026-01-23 02:00:00,1.17486,1.17494,1.17433,1.17447,2470,0,0
2026-01-23 03:00:00,1.17447,1.17483,1.17429,1.17431,2242,0,0
2026-01-23 04:00:00,1.17431,1.17504,1.17424,1.17494,1900,0,0
2026-01-23 05:00:00,1.17494,1.17534,1.17491,1.17503,2070,0,0
2026-01-23 06:00:00,1.17504,1.17522,1.17408,1.17413,3754,0,0
2026-01-23 07:00:00,1.17414,1.17468,1.17341,1.17354,6802,0,0
2026-01-23 08:00:00,1.17354,1.17446,1.17275,1.17393,6485,0,0
2026-01-23 09:00:00,1.17393,1.17444,1.17343,1.17346,5485,0,0
2026-01-23 10:00:00,1.17347,1.17354,1.17294,1.17338,3957,0,0
2026-01-23 11:00:00,1.17338,1.17398,1.17301,1.17368,4339,0,0
2026-01-23 12:00:00,1.17368,1.17437,1.17359,1.17417,4021,0,0
2026-01-23 13:00:00,1.17416,1.17467,1.17323,1.17335,4676,0,0
2026-01-23 14:00:00,1.17334,1.17475,1.17312,1.17457,5276,0,0
2026-01-23 15:00:00,1.17456,1.17607,1.17451,1.17575,6052,0,0
2026-01-23 16:00:00,1.17574,1.17746,1.17459,1.177,7070,0,0
2026-01-23 17:00:00,1.17699,1.17982,1.17684,1.17937,9245,0,0
2026-01-23 18:00:00,1.17937,1.17948,1.17765,1.17914,7334,0,0
2026-01-23 19:00:00,1.17915,1.18142,1.17908,1.18111,5612,0,0
2026-01-23 20:00:00,1.18111,1.18259,1.18094,1.18206,5227,0,0
2026-01-23 21:00:00,1.18206,1.1833,1.18204,1.18257,2675,0,0
2026-01-25 22:00:00,1.18626,1.18909,1.18486,1.18883,1866,0,0
2026-01-25 23:00:00,1.18851,1.18969,1.18536,1.18595,4750,0,0
2026-01-26 00:00:00,1.18596,1.18625,1.18438,1.18605,6744,0,0
2026-01-26 01:00:00,1.1861,1.18686,1.1854,1.18572,6430,0,0
2026-01-26 02:00:00,1.18572,1.18759,1.18552,1.18669,5458,0,0
2026-01-26 03:00:00,1.1867,1.1867,1.18575,1.18616,3716,0,0
2026-01-26 04:00:00,1.18615,1.18686,1.18548,1.18585,3717,0,0
2026-01-26 05:00:00,1.18584,1.18692,1.18573,1.18644,3459,0,0
2026-01-26 06:00:00,1.18644,1.1865,1.18501,1.1851,4662,0,0
2026-01-26 07:00:00,1.18511,1.18622,1.18359,1.18382,6382,0,0
2026-01-26 08:00:00,1.18383,1.1859,1.18376,1.1853,7834,0,0
2026-01-26 09:00:00,1.18528,1.18668,1.18412,1.1863,7001,0,0
2026-01-26 10:00:00,1.18631,1.18647,1.18528,1.186,5596,0,0
2026-01-26 11:00:00,1.18599,1.18601,1.1848,1.18552,5283,0,0
2026-01-26 12:00:00,1.18552,1.18566,1.18394,1.18415,5272,0,0
2026-01-26 13:00:00,1.18415,1.18561,1.18344,1.18554,6225,0,0
2026-01-26 14:00:00,1.18552,1.18789,1.18519,1.18784,7708,0,0
2026-01-26 15:00:00,1.18784,1.18963,1.187,1.18948,8389,0,0
2026-01-26 16:00:00,1.18946,1.19064,1.18792,1.18853,7966,0,0
2026-01-26 17:00:00,1.18852,1.18909,1.1874,1.18781,5733,0,0
2026-01-26 18:00:00,1.18782,1.18896,1.18775,1.18784,5555,0,0
2026-01-26 19:00:00,1.18781,1.1881,1.18699,1.18786,6080,0,0
2026-01-26 20:00:00,1.18787,1.1883,1.18767,1.18819,4539,0,0
2026-01-26 21:00:00,1.18819,1.18857,1.18732,1.18791,1791,0,0
2026-01-26 22:00:00,1.1872,1.18763,1.1872,1.18745,690,0,0
2026-01-26 23:00:00,1.18755,1.18803,1.18709,1.18731,1377,0,0
2026-01-27 00:00:00,1.18732,1.18821,1.18719,1.18766,3556,0,0
2026-01-27 01:00:00,1.18763,1.18808,1.18727,1.1878,3699,0,0
2026-01-27 02:00:00,1.18781,1.18987,1.18756,1.18927,3475,0,0
2026-01-27 03:00:00,1.18927,1.18927,1.18786,1.18791,2987,0,0
2026-01-27 04:00:00,1.1879,1.18818,1.18693,1.18727,2850,0,0
2026-01-27 05:00:00,1.18727,1.1878,1.18713,1.18762,3149,0,0
2026-01-27 06:00:00,1.18762,1.18808,1.18702,1.18712,3409,0,0
2026-01-27 07:00:00,1.18712,1.18749,1.18603,1.1863,5100,0,0
2026-01-27 08:00:00,1.18632,1.18665,1.18496,1.18599,6031,0,0
2026-01-27 09:00:00,1.186,1.18892,1.18582,1.18883,5513,0,0
2026-01-27 10:00:00,1.18883,1.18893,1.18733,1.18882,6589,0,0
2026-01-27 11:00:00,1.18882,1.18965,1.18847,1.18947,4547,0,0
2026-01-27 12:00:00,1.18949,1.19336,1.18935,1.19274,8838,0,0
2026-01-27 13:00:00,1.1928,1.19381,1.19136,1.19228,9234,0,0
2026-01-27 14:00:00,1.19228,1.19544,1.19177,1.1943,10101,0,0
2026-01-27 15:00:00,1.19427,1.19719,1.19427,1.19501,10760,0,0
2026-01-27 16:00:00,1.19501,1.19896,1.19491,1.19786,8548,0,0
2026-01-27 17:00:00,1.19785,1.1983,1.19581,1.19793,7468,0,0
2026-01-27 18:00:00,1.19794,1.19866,1.19711,1.19771,5813,0,0
2026-01-27 19:00:00,1.1977,1.19802,1.19705,1.19766,4703,0,0
2026-01-27 20:00:00,1.19765,1.20816,1.19711,1.20288,9832,0,0
2026-01-27 21:00:00,1.2029,1.2049,1.20224,1.20368,6753,0,0
2026-01-27 22:00:00,1.20357,1.20429,1.20345,1.20409,971,0,0
2026-01-27 23:00:00,1.20409,1.20438,1.20156,1.20222,2521,0,0
2026-01-28 00:00:00,1.20222,1.20229,1.20075,1.20144,5867,0,0
2026-01-28 01:00:00,1.20144,1.20155,1.19921,1.19923,5752,0,0
2026-01-28 02:00:00,1.19922,1.19993,1.19866,1.19968,4250,0,0
2026-01-28 03:00:00,1.19971,1.20044,1.19945,1.19963,3328,0,0
2026-01-28 04:00:00,1.19963,1.20011,1.19908,1.19996,2798,0,0
2026-01-28 05:00:00,1.19995,1.20002,1.19743,1.19964,5211,0,0
2026-01-28 06:00:00,1.19963,1.20064,1.19896,1.19945,4267,0,0
2026-01-28 07:00:00,1.19946,1.20252,1.19836,1.19906,7042,0,0
2026-01-28 08:00:00,1.19906,1.20042,1.19697,1.19798,8462,0,0
2026-01-28 09:00:00,1.19798,1.19922,1.19745,1.19862,6531,0,0
2026-01-28 10:00:00,1.19861,1.19942,1.1972,1.19883,5974,0,0
2026-01-28 11:00:00,1.19883,1.1989,1.19612,1.19673,6033,0,0
2026-01-28 12:00:00,1.19674,1.19828,1.19656,1.19792,6146,0,0
2026-01-28 13:00:00,1.19794,1.19803,1.19512,1.19569,7539,0,0
2026-01-28 14:00:00,1.1957,1.19769,1.19519,1.19619,7638,0,0
2026-01-28 15:00:00,1.1962,1.19695,1.19223,1.19428,15199,0,0
2026-01-28 16:00:00,1.19429,1.19521,1.19183,1.194,9294,0,0
2026-01-28 17:00:00,1.194,1.19427,1.19274,1.19404,5462,0,0
2026-01-28 18:00:00,1.19403,1.19417,1.19137,1.19209,5826,0,0
2026-01-28 19:00:00,1.19209,1.19411,1.18951,1.19397,12077,0,0
2026-01-28 20:00:00,1.19398,1.19496,1.19286,1.19449,6968,0,0
2026-01-28 21:00:00,1.19449,1.19532,1.1941,1.19519,2088,0,0
2026-01-28 22:00:00,1.19495,1.19553,1.19495,1.19543,371,0,0
2026-01-28 23:00:00,1.19552,1.19802,1.19516,1.19802,2689,0,0
2026-01-29 00:00:00,1.19803,1.19846,1.19683,1.1973,5169,0,0
2026-01-29 01:00:00,1.1973,1.1973,1.19562,1.19607,5248,0,0
2026-01-29 02:00:00,1.19607,1.19751,1.19526,1.19725,4496,0,0
2026-01-29 03:00:00,1.19725,1.19863,1.19699,1.19859,3952,0,0
2026-01-29 04:00:00,1.19859,1.19901,1.19747,1.19893,3872,0,0
2026-01-29 05:00:00,1.19894,1.1993,1.19798,1.19806,3541,0,0
2026-01-29 06:00:00,1.19806,1.19885,1.19747,1.19838,4439,0,0
2026-01-29 07:00:00,1.19839,1.19959,1.19666,1.19734,5986,0,0
2026-01-29 08:00:00,1.19734,1.19851,1.19607,1.19677,8030,0,0
2026-01-29 09:00:00,1.19679,1.19736,1.19508,1.1955,6641,0,0
2026-01-29 10:00:00,1.1955,1.19573,1.19381,1.19417,5972,0,0
2026-01-29 11:00:00,1.19417,1.19524,1.19373,1.19463,5428,0,0
2026-01-29 12:00:00,1.19463,1.19616,1.19414,1.19606,5061,0,0
2026-01-29 13:00:00,1.19604,1.19703,1.19396,1.19555,8732,0,0
2026-01-29 14:00:00,1.19555,1.19707,1.19515,1.19696,10346,0,0
2026-01-29 15:00:00,1.19697,1.19718,1.19054,1.19289,16679,0,0
2026-01-29 16:00:00,1.19288,1.19523,1.19267,1.19419,11494,0,0
2026-01-29 17:00:00,1.1942,1.19609,1.19419,1.19555,9106,0,0
2026-01-29 18:00:00,1.19551,1.19643,1.19478,1.19572,7147,0,0
2026-01-29 19:00:00,1.19571,1.19599,1.19494,1.19508,5436,0,0
2026-01-29 20:00:00,1.19506,1.19677,1.1945,1.19641,4270,0,0
2026-01-29 21:00:00,1.19642,1.19705,1.19613,1.19694,2185,0,0
2026-01-29 22:00:00,1.19626,1.19685,1.19595,1.19683,514,0,0
2026-01-29 23:00:00,1.19683,1.19739,1.19642,1.19668,1483,0,0
2026-01-30 00:00:00,1.19668,1.19725,1.19296,1.19312,6671,0,0
2026-01-30 01:00:00,1.19312,1.19391,1.19135,1.19164,9019,0,0
2026-01-30 02:00:00,1.19164,1.19256,1.18942,1.1918,10747,0,0
2026-01-30 03:00:00,1.1918,1.19225,1.19124,1.19192,5338,0,0
2026-01-30 04:00:00,1.19192,1.19339,1.19184,1.19237,3803,0,0
2026-01-30 05:00:00,1.19238,1.19346,1.19139,1.19242,4617,0,0
2026-01-30 06:00:00,1.19241,1.19325,1.19131,1.19184,6913,0,0
2026-01-30 07:00:00,1.19184,1.19419,1.1914,1.19371,8362,0,0
2026-01-30 08:00:00,1.19373,1.19425,1.19226,1.19325,7609,0,0
2026-01-30 09:00:00,1.19324,1.19371,1.18976,1.19078,9057,0,0
2026-01-30 10:00:00,1.19077,1.19246,1.19043,1.19206,6669,0,0
2026-01-30 11:00:00,1.19205,1.19497,1.192,1.19484,6542,0,0
2026-01-30 12:00:00,1.19483,1.1954,1.19144,1.19189,7349,0,0
2026-01-30 13:00:00,1.19188,1.19238,1.19012,1.19121,10024,0,0
2026-01-30 14:00:00,1.1912,1.19206,1.19004,1.19059,9938,0,0
2026-01-30 15:00:00,1.19055,1.19055,1.18825,1.18945,12942,0,0
2026-01-30 16:00:00,1.18945,1.18969,1.1871,1.18853,10114,0,0
2026-01-30 17:00:00,1.18854,1.1887,1.18659,1.18718,9612,0,0
2026-01-30 18:00:00,1.18718,1.18837,1.18538,1.18776,11306,0,0
2026-01-30 19:00:00,1.18776,1.18843,1.18639,1.18688,8029,0,0
2026-01-30 20:00:00,1.18688,1.18688,1.18523,1.18523,6523,0,0
2026-01-30 21:00:00,1.18526,1.18555,1.18492,1.1852,2870,0,0
2026-02-01 22:00:00,1.18495,1.18513,1.18439,1.1848,949,0,0
2026-02-01 23:00:00,1.18482,1.18563,1.1839,1.18454,5183,0,0
2026-02-02 00:00:00,1.18457,1.18741,1.18457,1.1866,8087,0,0
2026-02-02 01:00:00,1.1866,1.18719,1.18521,1.18699,8851,0,0
2026-02-02 02:00:00,1.18699,1.18741,1.18624,1.18625,6251,0,0
2026-02-02 03:00:00,1.18624,1.18712,1.18623,1.18634,5089,0,0
2026-02-02 04:00:00,1.18634,1.18719,1.18572,1.18626,4625,0,0
2026-02-02 05:00:00,1.18625,1.18631,1.18404,1.185,4875,0,0
2026-02-02 06:00:00,1.18499,1.1854,1.18425,1.18532,7901,0,0
2026-02-02 07:00:00,1.18532,1.18628,1.18509,1.18529,7802,0,0
2026-02-02 08:00:00,1.18528,1.18659,1.1843,1.18502,8134,0,0
2026-02-02 09:00:00,1.18501,1.18644,1.18439,1.18615,7197,0,0
2026-02-02 10:00:00,1.18615,1.18695,1.18578,1.1864,6652,0,0
2026-02-02 11:00:00,1.1864,1.18707,1.18598,1.18641,5980,0,0
2026-02-02 12:00:00,1.1864,1.18693,1.18424,1.18493,6945,0,0
2026-02-02 13:00:00,1.18492,1.18495,1.18173,1.18201,8882,0,0
2026-02-02 14:00:00,1.18201,1.18292,1.18046,1.18197,9204,0,0
2026-02-02 15:00:00,1.18162,1.18162,1.17897,1.17918,11827,0,0
2026-02-02 16:00:00,1.17917,1.1807,1.17896,1.18057,8929,0,0
2026-02-02 17:00:00,1.18057,1.18118,1.17943,1.17993,6926,0,0
2026-02-02 18:00:00,1.17994,1.18005,1.1777,1.1779,6161,0,0
2026-02-02 19:00:00,1.17794,1.17908,1.17753,1.1788,4972,0,0
2026-02-02 20:00:00,1.17881,1.17916,1.17796,1.17907,4200,0,0
2026-02-02 21:00:00,1.17909,1.17939,1.17877,1.17881,1558,0,0
2026-02-02 22:00:00,1.17821,1.17914,1.17817,1.17887,1409,0,0
2026-02-02 23:00:00,1.17887,1.17983,1.17868,1.17983,1609,0,0
2026-02-03 00:00:00,1.17982,1.18064,1.17974,1.18058,3176,0,0
2026-02-03 01:00:00,1.18057,1.18142,1.18009,1.18133,4034,0,0
2026-02-03 02:00:00,1.18132,1.18138,1.18001,1.18008,3014,0,0
2026-02-03 03:00:00,1.18008,1.1812,1.18002,1.18087,3837,0,0
2026-02-03 04:00:00,1.18086,1.1816,1.18081,1.18085,3181,0,0
2026-02-03 05:00:00,1.18085,1.18125,1.18042,1.18082,2866,0,0
2026-02-03 06:00:00,1.18082,1.18157,1.1807,1.18131,3538,0,0
2026-02-03 07:00:00,1.18131,1.18238,1.18092,1.18145,5757,0,0
2026-02-03 08:00:00,1.18145,1.18188,1.18031,1.18122,5832,0,0
2026-02-03 09:00:00,1.18123,1.18154,1.17914,1.17914,5855,0,0
2026-02-03 10:00:00,1.17915,1.17993,1.1786,1.17865,4518,0,0
2026-02-03 11:00:00,1.17864,1.17941,1.1782,1.17865,4643,0,0
2026-02-03 12:00:00,1.17865,1.17995,1.1786,1.17959,4636,0,0
2026-02-03 13:00:00,1.17959,1.18061,1.17919,1.17954,6188,0,0
2026-02-03 14:00:00,1.17955,1.18006,1.17794,1.17904,7942,0,0
2026-02-03 15:00:00,1.17904,1.1813,1.17855,1.18122,9187,0,0
2026-02-03 16:00:00,1.18123,1.18207,1.18095,1.18171,7302,0,0
2026-02-03 17:00:00,1.18171,1.18282,1.18131,1.18156,6888,0,0
2026-02-03 18:00:00,1.18157,1.18218,1.18083,1.18084,5897,0,0
2026-02-03 19:00:00,1.18084,1.18166,1.18051,1.18127,5768,0,0
2026-02-03 20:00:00,1.18129,1.18213,1.18088,1.18205,4026,0,0
2026-02-03 21:00:00,1.18204,1.18247,1.18175,1.18183,1422,0,0
2026-02-03 22:00:00,1.1814,1.18187,1.18113,1.18166,1416,0,0
2026-02-03 23:00:00,1.18167,1.18198,1.18116,1.1815,1049,0,0
2026-02-04 00:00:00,1.18149,1.18168,1.18081,1.18137,2881,0,0
2026-02-04 01:00:00,1.18136,1.18313,1.18117,1.18253,4409,0,0
2026-02-04 02:00:00,1.18253,1.1831,1.18182,1.18215,3323,0,0
2026-02-04 03:00:00,1.18215,1.18275,1.18201,1.18264,2669,0,0
2026-02-04 04:00:00,1.18264,1.18351,1.18247,1.18348,2483,0,0
2026-02-04 05:00:00,1.18348,1.18355,1.18297,1.18321,2574,0,0
2026-02-04 06:00:00,1.18321,1.18354,1.18283,1.18289,3327,0,0
2026-02-04 07:00:00,1.18292,1.18333,1.18234,1.18313,4467,0,0
2026-02-04 08:00:00,1.18305,1.18373,1.1823,1.1828,6012,0,0
2026-02-04 09:00:00,1.18282,1.1832,1.18106,1.18134,5238,0,0
2026-02-04 10:00:00,1.18133,1.18173,1.18041,1.18128,4651,0,0
2026-02-04 11:00:00,1.18128,1.18147,1.18052,1.18096,4599,0,0
2026-02-04 12:00:00,1.18095,1.18242,1.18089,1.18209,4669,0,0
2026-02-04 13:00:00,1.1821,1.18263,1.18106,1.18218,7161,0,0
2026-02-04 14:00:00,1.18219,1.1825,1.18017,1.1814,8838,0,0
2026-02-04 15:00:00,1.18131,1.18215,1.17924,1.17958,10195,0,0
2026-02-04 16:00:00,1.17957,1.18051,1.17898,1.18018,8340,0,0
2026-02-04 17:00:00,1.18019,1.18143,1.17937,1.17969,7399,0,0
2026-02-04 18:00:00,1.1797,1.1801,1.1794,1.18003,5680,0,0
2026-02-04 19:00:00,1.18002,1.18088,1.17938,1.18084,5784,0,0
2026-02-04 20:00:00,1.18084,1.18091,1.18009,1.1803,2975,0,0
2026-02-04 21:00:00,1.18033,1.18072,1.18017,1.18042,1446,0,0
2026-02-04 22:00:00,1.18014,1.18059,1.18013,1.18029,621,0,0
2026-02-04 23:00:00,1.18029,1.18069,1.17996,1.18006,1422,0,0
2026-02-05 00:00:00,1.18008,1.1804,1.17989,1.18036,2291,0,0
2026-02-05 01:00:00,1.18037,1.18076,1.18014,1.18031,3286,0,0
2026-02-05 02:00:00,1.18033,1.18048,1.1784,1.17849,5239,0,0
2026-02-05 03:00:00,1.1785,1.17904,1.17821,1.17886,4444,0,0
2026-02-05 04:00:00,1.17886,1.17904,1.1786,1.1787,2563,0,0
2026-02-05 05:00:00,1.1787,1.17897,1.17837,1.17894,2801,0,0
2026-02-05 06:00:00,1.17895,1.1791,1.17839,1.17899,3841,0,0
2026-02-05 07:00:00,1.17898,1.18028,1.17897,1.17983,4972,0,0
2026-02-05 08:00:00,1.1798,1.18082,1.17949,1.18022,5961,0,0
2026-02-05 09:00:00,1.18022,1.18023,1.17796,1.178,5845,0,0
2026-02-05 10:00:00,1.178,1.17912,1.17797,1.17872,4248,0,0
2026-02-05 11:00:00,1.17872,1.17947,1.17854,1.1793,4004,0,0
2026-02-05 12:00:00,1.1793,1.1803,1.17847,1.1799,9293,0,0
2026-02-05 13:00:00,1.17989,1.18148,1.17908,1.1811,9656,0,0
2026-02-05 14:00:00,1.18108,1.18211,1.17948,1.17975,10851,0,0
2026-02-05 15:00:00,1.17974,1.18111,1.17813,1.17906,11508,0,0
2026-02-05 16:00:00,1.17906,1.18028,1.17844,1.18006,8008,0,0
2026-02-05 17:00:00,1.18006,1.18037,1.17954,1.18003,5230,0,0
2026-02-05 18:00:00,1.18002,1.18022,1.17914,1.17929,3968,0,0
2026-02-05 19:00:00,1.17927,1.17968,1.17919,1.17936,3639,0,0
2026-02-05 20:00:00,1.17935,1.17941,1.17792,1.17802,3666,0,0
2026-02-05 21:00:00,1.17799,1.17836,1.17741,1.17767,2068,0,0
2026-02-05 22:00:00,1.17761,1.17808,1.1776,1.17799,493,0,0
2026-02-05 23:00:00,1.17799,1.178,1.17743,1.1776,1935,0,0
2026-02-06 00:00:00,1.17759,1.17827,1.17651,1.17823,4494,0,0
2026-02-06 01:00:00,1.17823,1.17876,1.1778,1.17845,4669,0,0
2026-02-06 02:00:00,1.17847,1.1791,1.1784,1.1787,3169,0,0
2026-02-06 03:00:00,1.1787,1.17898,1.1785,1.17871,2162,0,0
2026-02-06 04:00:00,1.17871,1.17956,1.17866,1.17945,2135,0,0
2026-02-06 05:00:00,1.17946,1.18006,1.17941,1.17976,2657,0,0
2026-02-06 06:00:00,1.17977,1.18011,1.17938,1.17965,3431,0,0
2026-02-06 07:00:00,1.17965,1.17971,1.1788,1.17908,3874,0,0
2026-02-06 08:00:00,1.17908,1.17952,1.17851,1.17917,5533,0,0
2026-02-06 09:00:00,1.17918,1.17975,1.17895,1.17913,5185,0,0
2026-02-06 10:00:00,1.17914,1.17992,1.17891,1.17915,3822,0,0
2026-02-06 11:00:00,1.17915,1.17925,1.1785,1.17895,4198,0,0
2026-02-06 12:00:00,1.17894,1.17925,1.17876,1.1792,3980,0,0
2026-02-06 13:00:00,1.1792,1.18106,1.17916,1.18097,5089,0,0
2026-02-06 14:00:00,1.18098,1.18255,1.18092,1.18204,7264,0,0
2026-02-06 15:00:00,1.18204,1.18235,1.18045,1.18186,7729,0,0
2026-02-06 16:00:00,1.18187,1.1821,1.18093,1.18117,6187,0,0
2026-02-06 17:00:00,1.18116,1.182,1.18097,1.18174,3957,0,0
2026-02-06 18:00:00,1.18174,1.18222,1.18171,1.18184,2866,0,0
2026-02-06 19:00:00,1.18184,1.18207,1.18138,1.18185,2656,0,0
2026-02-06 20:00:00,1.18185,1.18221,1.18176,1.18214,2163,0,0
2026-02-06 21:00:00,1.18215,1.18234,1.18116,1.18131,1262,0,0
2026-02-08 22:00:00,1.18101,1.18143,1.18083,1.18135,733,0,0
2026-02-08 23:00:00,1.18135,1.18271,1.18092,1.18261,2527,0,0
2026-02-09 00:00:00,1.1826,1.1833,1.18234,1.183,4579,0,0
2026-02-09 01:00:00,1.183,1.1833,1.1824,1.1825,4376,0,0
2026-02-09 02:00:00,1.18248,1.18252,1.18154,1.1819,3039,0,0
2026-02-09 03:00:00,1.1819,1.18243,1.18176,1.18182,2131,0,0
2026-02-09 04:00:00,1.18182,1.18262,1.18182,1.1826,1591,0,0
2026-02-09 05:00:00,1.18259,1.18356,1.18251,1.18327,1945,0,0
2026-02-09 06:00:00,1.18326,1.18572,1.18324,1.18512,5284,0,0
2026-02-09 07:00:00,1.18511,1.18593,1.18464,1.18552,5425,0,0
2026-02-09 08:00:00,1.18553,1.18641,1.1851,1.18636,5111,0,0
2026-02-09 09:00:00,1.18637,1.18691,1.18594,1.18615,4408,0,0
2026-02-09 10:00:00,1.18615,1.1869,1.18544,1.18593,4945,0,0
2026-02-09 11:00:00,1.18594,1.18714,1.18549,1.18686,4992,0,0
2026-02-09 12:00:00,1.18686,1.18824,1.18686,1.18807,5256,0,0
2026-02-09 13:00:00,1.1881,1.19049,1.18809,1.1903,8314,0,0
2026-02-09 14:00:00,1.19031,1.19178,1.19022,1.19178,9058,0,0
2026-02-09 15:00:00,1.19177,1.1926,1.19027,1.19117,7784,0,0
2026-02-09 16:00:00,1.19117,1.1917,1.18923,1.18967,5813,0,0
2026-02-09 17:00:00,1.18969,1.19102,1.18966,1.19079,4052,0,0
2026-02-09 18:00:00,1.19079,1.19166,1.19029,1.19154,4071,0,0
2026-02-09 19:00:00,1.19153,1.19216,1.19117,1.19195,3581,0,0
2026-02-09 20:00:00,1.19195,1.19205,1.19134,1.19141,2840,0,0
2026-02-09 21:00:00,1.1914,1.19147,1.19101,1.19142,1363,0,0
2026-02-09 22:00:00,1.19093,1.19124,1.19083,1.19099,574,0,0
2026-02-09 23:00:00,1.19101,1.19138,1.19009,1.1903,1032,0,0
2026-02-10 00:00:00,1.1903,1.1905,1.18979,1.19018,2469,0,0
2026-02-10 01:00:00,1.19017,1.19097,1.1896,1.19053,3400,0,0
2026-02-10 02:00:00,1.19053,1.19136,1.19051,1.19128,3058,0,0
2026-02-10 03:00:00,1.19127,1.19165,1.19093,1.19109,3032,0,0
2026-02-10 04:00:00,1.19109,1.19122,1.19053,1.19063,1852,0,0
2026-02-10 05:00:00,1.19064,1.19099,1.1903,1.19062,2115,0,0
2026-02-10 06:00:00,1.19061,1.19126,1.19005,1.19029,2747,0,0
2026-02-10 07:00:00,1.19028,1.19098,1.18988,1.19075,3615,0,0
2026-02-10 08:00:00,1.19074,1.19145,1.18991,1.19085,4834,0,0
2026-02-10 09:00:00,1.19084,1.19192,1.19074,1.19137,4174,0,0
2026-02-10 10:00:00,1.19138,1.19168,1.19085,1.19095,3758,0,0
2026-02-10 11:00:00,1.19097,1.191,1.19003,1.19039,3271,0,0
2026-02-10 12:00:00,1.1904,1.1908,1.18905,1.18926,5235,0,0
2026-02-10 13:00:00,1.18927,1.19127,1.18878,1.19056,7144,0,0
2026-02-10 14:00:00,1.19055,1.1928,1.19024,1.19136,8292,0,0
2026-02-10 15:00:00,1.19135,1.19186,1.18959,1.19132,8428,0,0
2026-02-10 16:00:00,1.19131,1.19142,1.18959,1.18969,6707,0,0
2026-02-10 17:00:00,1.18969,1.19046,1.18925,1.18951,4219,0,0
2026-02-10 18:00:00,1.18951,1.18975,1.18898,1.18916,3779,0,0
2026-02-10 19:00:00,1.18917,1.19018,1.18862,1.19014,3308,0,0
2026-02-10 20:00:00,1.19011,1.19027,1.18938,1.18944,2794,0,0
2026-02-10 21:00:00,1.18942,1.18961,1.18918,1.18933,1254,0,0
2026-02-10 22:00:00,1.18909,1.18941,1.18874,1.18891,1067,0,0
2026-02-10 23:00:00,1.18891,1.18909,1.18861,1.18872,1030,0,0
2026-02-11 00:00:00,1.18872,1.18998,1.18857,1.18962,2724,0,0
2026-02-11 01:00:00,1.18962,1.19014,1.18932,1.18973,3006,0,0
2026-02-11 02:00:00,1.18973,1.19122,1.1897,1.19078,3416,0,0
2026-02-11 03:00:00,1.19079,1.19131,1.19028,1.19107,2286,0,0
2026-02-11 04:00:00,1.19108,1.19143,1.19068,1.19074,1962,0,0
2026-02-11 05:00:00,1.19074,1.19186,1.19061,1.19179,2717,0,0
2026-02-11 06:00:00,1.19178,1.19251,1.19119,1.19126,3301,0,0
2026-02-11 07:00:00,1.19126,1.19176,1.19095,1.1917,4062,0,0
2026-02-11 08:00:00,1.19169,1.19194,1.19125,1.19177,4467,0,0
2026-02-11 09:00:00,1.19178,1.19191,1.19097,1.19173,4400,0,0
2026-02-11 10:00:00,1.19172,1.19266,1.19155,1.19204,3684,0,0
2026-02-11 11:00:00,1.19204,1.19204,1.19044,1.19076,3997,0,0
2026-02-11 12:00:00,1.19075,1.19087,1.18979,1.19002,4623,0,0
2026-02-11 13:00:00,1.19001,1.19038,1.18324,1.18603,9801,0,0
2026-02-11 14:00:00,1.18602,1.18818,1.1852,1.18606,10135,0,0
2026-02-11 15:00:00,1.18609,1.18711,1.18503,1.18582,10544,0,0
2026-02-11 16:00:00,1.18581,1.18831,1.18525,1.18831,7713,0,0
2026-02-11 17:00:00,1.18828,1.18929,1.18765,1.18851,5661,0,0
2026-02-11 18:00:00,1.1885,1.18902,1.1878,1.18813,4758,0,0
2026-02-11 19:00:00,1.18815,1.18839,1.18772,1.1879,3559,0,0
2026-02-11 20:00:00,1.18789,1.18803,1.18691,1.18695,2948,0,0
2026-02-11 21:00:00,1.18695,1.18738,1.18679,1.18705,1379,0,0
2026-02-11 22:00:00,1.18731,1.18753,1.18672,1.18719,524,0,0
2026-02-11 23:00:00,1.18715,1.18755,1.18685,1.18741,1210,0,0
2026-02-12 00:00:00,1.18741,1.18775,1.18663,1.18755,2901,0,0
2026-02-12 01:00:00,1.18755,1.18818,1.1873,1.18801,3792,0,0
2026-02-12 02:00:00,1.18802,1.18839,1.18743,1.18784,2897,0,0
2026-02-12 03:00:00,1.18785,1.18804,1.18646,1.18689,2917,0,0
2026-02-12 04:00:00,1.1869,1.1872,1.18596,1.18619,2514,0,0
2026-02-12 05:00:00,1.18619,1.18652,1.18576,1.18641,2765,0,0
2026-02-12 06:00:00,1.18641,1.18669,1.18517,1.18595,4842,0,0
2026-02-12 07:00:00,1.18595,1.18745,1.18588,1.18734,4279,0,0
2026-02-12 08:00:00,1.18735,1.18803,1.18707,1.18791,4876,0,0
2026-02-12 09:00:00,1.1879,1.18872,1.1879,1.18865,4286,0,0
2026-02-12 10:00:00,1.18864,1.18868,1.18741,1.18769,3865,0,0
2026-02-12 11:00:00,1.18769,1.1884,1.18744,1.1884,3407,0,0
2026-02-12 12:00:00,1.18839,1.18856,1.18663,1.18724,4360,0,0
2026-02-12 13:00:00,1.18725,1.18849,1.18708,1.18846,5739,0,0
2026-02-12 14:00:00,1.18845,1.1887,1.18741,1.18828,7480,0,0
2026-02-12 15:00:00,1.18827,1.18877,1.18776,1.18851,7439,0,0
2026-02-12 16:00:00,1.18851,1.18893,1.18613,1.18691,11845,0,0
2026-02-12 17:00:00,1.18688,1.18764,1.18593,1.18652,7650,0,0
2026-02-12 18:00:00,1.18653,1.18688,1.18555,1.18627,6288,0,0
2026-02-12 19:00:00,1.18627,1.1871,1.18603,1.18688,4738,0,0
2026-02-12 20:00:00,1.18686,1.18701,1.1863,1.18691,3489,0,0
2026-02-12 21:00:00,1.1869,1.18721,1.18676,1.18706,1293,0,0
2026-02-12 22:00:00,1.1864,1.18703,1.1862,1.18695,296,0,0
2026-02-12 23:00:00,1.18696,1.1871,1.18662,1.18684,1163,0,0
2026-02-13 00:00:00,1.18684,1.18719,1.18658,1.18716,2848,0,0
2026-02-13 01:00:00,1.18715,1.18728,1.18625,1.18659,3270,0,0
2026-02-13 02:00:00,1.18659,1.18705,1.18622,1.18691,2018,0,0
2026-02-13 03:00:00,1.18692,1.18695,1.18652,1.18664,1883,0,0
2026-02-13 04:00:00,1.18663,1.18671,1.18594,1.18625,1614,0,0
2026-02-13 05:00:00,1.18624,1.18641,1.18574,1.18584,2644,0,0
2026-02-13 06:00:00,1.18585,1.1861,1.18529,1.18542,3272,0,0
2026-02-13 07:00:00,1.1854,1.18593,1.18465,1.18581,4582,0,0
2026-02-13 08:00:00,1.1858,1.18622,1.18555,1.18622,4703,0,0
2026-02-13 09:00:00,1.18622,1.18659,1.18598,1.18599,3648,0,0
2026-02-13 10:00:00,1.18596,1.18603,1.18523,1.1856,2941,0,0
2026-02-13 11:00:00,1.1856,1.18605,1.18543,1.18581,3552,0,0
2026-02-13 12:00:00,1.1858,1.18631,1.18548,1.18623,4027,0,0
2026-02-13 13:00:00,1.18623,1.18844,1.18562,1.18731,9067,0,0
2026-02-13 14:00:00,1.1873,1.18743,1.18565,1.18595,9443,0,0
2026-02-13 15:00:00,1.18594,1.18704,1.18471,1.18483,7922,0,0
2026-02-13 16:00:00,1.18484,1.18741,1.18481,1.1869,6346,0,0
2026-02-13 17:00:00,1.18689,1.18822,1.18678,1.18749,4435,0,0
2026-02-13 18:00:00,1.18748,1.18801,1.18717,1.18733,3651,0,0
2026-02-13 19:00:00,1.18734,1.18745,1.18655,1.18657,3309,0,0
2026-02-13 20:00:00,1.18655,1.18742,1.18638,1.18738,3309,0,0
2026-02-13 21:00:00,1.18737,1.1876,1.18661,1.18676,1352,0,0
2026-02-15 22:00:00,1.18739,1.1874,1.18645,1.18668,418,0,0
2026-02-15 23:00:00,1.1867,1.18693,1.18626,1.18662,1087,0,0
2026-02-16 00:00:00,1.18663,1.18667,1.186,1.18607,2388,0,0
2026-02-16 01:00:00,1.18608,1.18659,1.18584,1.18645,2778,0,0
2026-02-16 02:00:00,1.18645,1.18666,1.18613,1.18648,2418,0,0
2026-02-16 03:00:00,1.18649,1.18686,1.18632,1.18667,1737,0,0
2026-02-16 04:00:00,1.18667,1.18676,1.18606,1.18618,1594,0,0
2026-02-16 05:00:00,1.18618,1.18659,1.18604,1.18643,1459,0,0
2026-02-16 06:00:00,1.18643,1.18697,1.18633,1.18656,1916,0,0
2026-02-16 07:00:00,1.18654,1.18657,1.18598,1.18621,2757,0,0
2026-02-16 08:00:00,1.18623,1.18699,1.18569,1.18646,4265,0,0
2026-02-16 09:00:00,1.18649,1.18687,1.18616,1.18639,3293,0,0
2026-02-16 10:00:00,1.18638,1.18671,1.18614,1.18661,3011,0,0
2026-02-16 11:00:00,1.18659,1.18665,1.18595,1.18608,2313,0,0
2026-02-16 12:00:00,1.18606,1.18625,1.18495,1.18526,2857,0,0
2026-02-16 13:00:00,1.18527,1.18571,1.18486,1.18541,3012,0,0
2026-02-16 14:00:00,1.1854,1.18631,1.18525,1.18558,2930,0,0
2026-02-16 15:00:00,1.18557,1.18565,1.185,1.18538,2672,0,0
2026-02-16 16:00:00,1.18537,1.18562,1.18457,1.18514,2518,0,0
2026-02-16 17:00:00,1.18514,1.18531,1.18458,1.18476,1432,0,0
2026-02-16 18:00:00,1.18475,1.18506,1.18475,1.18489,954,0,0
2026-02-16 19:00:00,1.1849,1.18537,1.18484,1.18534,763,0,0
2026-02-16 20:00:00,1.18533,1.18545,1.1852,1.1853,717,0,0
2026-02-16 21:00:00,1.18529,1.18537,1.18497,1.18504,520,0,0
2026-02-16 22:00:00,1.18468,1.18507,1.18468,1.1849,217,0,0
2026-02-16 23:00:00,1.18491,1.18507,1.18459,1.18501,1101,0,0
2026-02-17 00:00:00,1.18502,1.18516,1.18415,1.18436,3103,0,0
2026-02-17 01:00:00,1.18437,1.18442,1.18402,1.18438,3272,0,0
2026-02-17 02:00:00,1.18439,1.18468,1.184,1.18417,2329,0,0
2026-02-17 03:00:00,1.18416,1.18418,1.18375,1.1841,2383,0,0
2026-02-17 04:00:00,1.1841,1.18419,1.18387,1.18403,1906,0,0
2026-02-17 05:00:00,1.18403,1.18413,1.18351,1.18413,2720,0,0
2026-02-17 06:00:00,1.18411,1.18451,1.1841,1.18433,2561,0,0
2026-02-17 07:00:00,1.18435,1.1844,1.18282,1.18324,4296,0,0
2026-02-17 08:00:00,1.18325,1.18435,1.18294,1.18407,4675,0,0
2026-02-17 09:00:00,1.18406,1.18495,1.18392,1.18449,3642,0,0
2026-02-17 10:00:00,1.18447,1.18466,1.18407,1.18422,3236,0,0
2026-02-17 11:00:00,1.18421,1.18438,1.18235,1.18306,3585,0,0
2026-02-17 12:00:00,1.18306,1.18352,1.18263,1.18263,3994,0,0
2026-02-17 13:00:00,1.18265,1.18298,1.18154,1.18206,6156,0,0
2026-02-17 14:00:00,1.18206,1.18277,1.18159,1.18233,7835,0,0
2026-02-17 15:00:00,1.18234,1.18234,1.18044,1.18103,7965,0,0
2026-02-17 16:00:00,1.18104,1.18348,1.18102,1.183,7146,0,0
2026-02-17 17:00:00,1.18301,1.18417,1.18287,1.18396,6040,0,0
2026-02-17 18:00:00,1.18396,1.18526,1.18381,1.18484,4737,0,0
2026-02-17 19:00:00,1.18482,1.18497,1.18427,1.1847,3291,0,0
2026-02-17 20:00:00,1.1847,1.18522,1.18464,1.1851,2780,0,0
2026-02-17 21:00:00,1.18511,1.18541,1.18495,1.18527,971,0,0
2026-02-17 22:00:00,1.18493,1.18514,1.18488,1.18492,541,0,0
2026-02-17 23:00:00,1.18495,1.18569,1.18492,1.18505,1159,0,0
2026-02-18 00:00:00,1.18506,1.18532,1.18465,1.18469,2628,0,0
2026-02-18 01:00:00,1.1847,1.18475,1.18419,1.18459,2353,0,0
2026-02-18 02:00:00,1.18458,1.18468,1.1841,1.18441,2192,0,0
2026-02-18 03:00:00,1.18442,1.18463,1.18405,1.18407,1840,0,0
2026-02-18 04:00:00,1.18408,1.18433,1.18388,1.18415,1495,0,0
2026-02-18 05:00:00,1.18414,1.18453,1.18412,1.18452,1259,0,0
2026-02-18 06:00:00,1.18452,1.18458,1.18398,1.18418,1835,0,0
2026-02-18 07:00:00,1.18419,1.18459,1.18324,1.18346,3315,0,0
2026-02-18 08:00:00,1.18345,1.18376,1.1828,1.183,4020,0,0
2026-02-18 09:00:00,1.18301,1.1838,1.18279,1.18351,3300,0,0
2026-02-18 10:00:00,1.18352,1.18402,1.18303,1.18319,2854,0,0
2026-02-18 11:00:00,1.18318,1.18373,1.18301,1.18345,2323,0,0
2026-02-18 12:00:00,1.18346,1.18467,1.18329,1.18394,3422,0,0
2026-02-18 13:00:00,1.18397,1.1848,1.1823,1.18232,4454,0,0
2026-02-18 14:00:00,1.18233,1.18272,1.18115,1.18148,7182,0,0
2026-02-18 15:00:00,1.1815,1.18262,1.1813,1.18221,5844,0,0
2026-02-18 16:00:00,1.1822,1.18257,1.18088,1.18091,4916,0,0
2026-02-18 17:00:00,1.1809,1.18137,1.18016,1.18054,3842,0,0
2026-02-18 18:00:00,1.18053,1.18069,1.1787,1.17896,4480,0,0
2026-02-18 19:00:00,1.17897,1.17947,1.17831,1.17866,5716,0,0
2026-02-18 20:00:00,1.17867,1.17897,1.17815,1.17831,2919,0,0
2026-02-18 21:00:00,1.17831,1.17869,1.17818,1.1783,1272,0,0
2026-02-18 22:00:00,1.17868,1.17868,1.17811,1.17838,250,0,0
2026-02-18 23:00:00,1.17838,1.1789,1.17834,1.17879,743,0,0
2026-02-19 00:00:00,1.17878,1.17912,1.17847,1.17895,2261,0,0
2026-02-19 01:00:00,1.17897,1.17946,1.1789,1.1794,2541,0,0
2026-02-19 02:00:00,1.17939,1.17952,1.17899,1.17904,2075,0,0
2026-02-19 03:00:00,1.17904,1.17924,1.17873,1.17906,2065,0,0
2026-02-19 04:00:00,1.17905,1.17911,1.17842,1.17889,2018,0,0
2026-02-19 05:00:00,1.17888,1.17922,1.1786,1.17909,1970,0,0
2026-02-19 06:00:00,1.1791,1.18004,1.17893,1.17966,2533,0,0
2026-02-19 07:00:00,1.17965,1.18031,1.1792,1.17999,3317,0,0
2026-02-19 08:00:00,1.17999,1.18046,1.17968,1.18004,4277,0,0
2026-02-19 09:00:00,1.18007,1.1807,1.17981,1.17991,3757,0,0
2026-02-19 10:00:00,1.17991,1.18026,1.1787,1.17876,3946,0,0
2026-02-19 11:00:00,1.17877,1.17898,1.17761,1.17793,3577,0,0
2026-02-19 12:00:00,1.17792,1.17803,1.17664,1.17686,4398,0,0
2026-02-19 13:00:00,1.17685,1.17692,1.17509,1.17657,6261,0,0
2026-02-19 14:00:00,1.17658,1.17658,1.17414,1.1751,7806,0,0
2026-02-19 15:00:00,1.17511,1.17749,1.17476,1.17626,9182,0,0
2026-02-19 16:00:00,1.17624,1.17701,1.17575,1.17608,6774,0,0
2026-02-19 17:00:00,1.17603,1.17674,1.17555,1.17654,4917,0,0
2026-02-19 18:00:00,1.17654,1.17736,1.17641,1.17686,3864,0,0
2026-02-19 19:00:00,1.17685,1.17712,1.17587,1.17633,3625,0,0
2026-02-19 20:00:00,1.17634,1.17683,1.17627,1.1768,2623,0,0
2026-02-19 21:00:00,1.17678,1.17773,1.17673,1.17718,1505,0,0
2026-02-19 22:00:00,1.17666,1.17726,1.17665,1.1771,448,0,0
2026-02-19 23:00:00,1.17709,1.17755,1.17676,1.17682,1065,0,0
2026-02-20 00:00:00,1.17683,1.17716,1.17662,1.17688,2201,0,0
2026-02-20 01:00:00,1.17689,1.17711,1.17547,1.17587,3649,0,0
2026-02-20 02:00:00,1.17588,1.17594,1.1753,1.17541,2903,0,0
2026-02-20 03:00:00,1.17542,1.17585,1.17542,1.17564,1795,0,0
2026-02-20 04:00:00,1.17564,1.17592,1.17519,1.17528,1718,0,0
2026-02-20 05:00:00,1.17528,1.17565,1.17496,1.17549,2288,0,0
2026-02-20 06:00:00,1.17549,1.17567,1.17511,1.1756,2575,0,0
2026-02-20 07:00:00,1.17561,1.1762,1.17491,1.17509,4054,0,0
2026-02-20 08:00:00,1.17505,1.17631,1.17428,1.17608,5614,0,0
2026-02-20 09:00:00,1.17609,1.17675,1.17578,1.17663,4468,0,0
2026-02-20 10:00:00,1.17662,1.17682,1.17566,1.17624,3900,0,0
2026-02-20 11:00:00,1.17625,1.17686,1.17594,1.17667,3167,0,0
2026-02-20 12:00:00,1.17666,1.17702,1.17627,1.17656,4080,0,0
2026-02-20 13:00:00,1.17656,1.17819,1.17565,1.17692,7022,0,0
2026-02-20 14:00:00,1.17691,1.17699,1.17554,1.17682,6698,0,0
2026-02-20 15:00:00,1.17688,1.18069,1.17548,1.17873,15792,0,0
2026-02-20 16:00:00,1.17874,1.17977,1.17732,1.17801,8234,0,0
2026-02-20 17:00:00,1.17801,1.17844,1.1765,1.17796,7010,0,0
2026-02-20 18:00:00,1.17796,1.17983,1.17762,1.17845,8675,0,0
2026-02-20 19:00:00,1.17846,1.1789,1.1778,1.17801,4512,0,0
2026-02-20 20:00:00,1.178,1.17869,1.17769,1.17861,3010,0,0
2026-02-20 21:00:00,1.1786,1.1791,1.17813,1.17817,1652,0,0
2026-02-22 22:00:00,1.17907,1.17964,1.17875,1.17931,635,0,0
2026-02-22 23:00:00,1.1793,1.1834,1.17916,1.18327,3007,0,0
2026-02-23 00:00:00,1.18327,1.18341,1.18221,1.18306,4918,0,0
2026-02-23 01:00:00,1.18305,1.1833,1.18201,1.18257,5155,0,0
2026-02-23 02:00:00,1.18257,1.18307,1.18227,1.18271,3846,0,0
2026-02-23 03:00:00,1.1827,1.18276,1.18161,1.18228,2661,0,0
2026-02-23 04:00:00,1.18228,1.18233,1.18174,1.18203,2138,0,0
2026-02-23 05:00:00,1.18202,1.1821,1.18146,1.18192,2072,0,0
2026-02-23 06:00:00,1.18192,1.18333,1.18161,1.18237,3186,0,0
2026-02-23 07:00:00,1.18236,1.18271,1.1818,1.18228,4428,0,0
2026-02-23 08:00:00,1.18226,1.18244,1.18065,1.181,5289,0,0
2026-02-23 09:00:00,1.18099,1.18121,1.17996,1.18003,4101,0,0
2026-02-23 10:00:00,1.18003,1.18008,1.17945,1.17981,3714,0,0
2026-02-23 11:00:00,1.17979,1.17984,1.17803,1.17848,3959,0,0
2026-02-23 12:00:00,1.17849,1.17859,1.1774,1.1781,4284,0,0
2026-02-23 13:00:00,1.17811,1.17973,1.17777,1.17954,6113,0,0
2026-02-23 14:00:00,1.17953,1.18086,1.17935,1.1805,7061,0,0
2026-02-23 15:00:00,1.18049,1.18094,1.17916,1.17935,7891,0,0
2026-02-23 16:00:00,1.17934,1.18057,1.17875,1.18032,7283,0,0
2026-02-23 17:00:00,1.18032,1.18083,1.179,1.17982,5128,0,0
2026-02-23 18:00:00,1.17981,1.18003,1.17942,1.17971,3736,0,0
2026-02-23 19:00:00,1.17972,1.18,1.17876,1.17914,3439,0,0
2026-02-23 20:00:00,1.1791,1.17933,1.1787,1.17887,2837,0,0
2026-02-23 21:00:00,1.17886,1.17919,1.17848,1.17848,1649,0,0
2026-02-23 22:00:00,1.17871,1.17874,1.17839,1.17852,653,0,0
2026-02-23 23:00:00,1.1785,1.17947,1.17847,1.17924,1307,0,0
2026-02-24 00:00:00,1.17924,1.17958,1.17868,1.17874,2763,0,0
2026-02-24 01:00:00,1.17868,1.17869,1.1771,1.17814,4922,0,0
2026-02-24 02:00:00,1.17818,1.17841,1.17778,1.17832,2873,0,0
2026-02-24 03:00:00,1.17833,1.17848,1.17745,1.17746,1999,0,0
2026-02-24 04:00:00,1.17745,1.17763,1.17674,1.17691,2044,0,0
2026-02-24 05:00:00,1.17691,1.17801,1.1768,1.17795,2197,0,0
2026-02-24 06:00:00,1.17794,1.17818,1.17767,1.17794,2695,0,0
2026-02-24 07:00:00,1.17794,1.17818,1.1771,1.17785,5766,0,0
2026-02-24 08:00:00,1.17786,1.17893,1.17727,1.17832,5723,0,0
2026-02-24 09:00:00,1.17832,1.17924,1.17825,1.1787,3961,0,0
2026-02-24 10:00:00,1.1787,1.17905,1.17816,1.1785,3080,0,0
2026-02-24 11:00:00,1.17848,1.17855,1.17786,1.178,3056,0,0
2026-02-24 12:00:00,1.178,1.1783,1.17722,1.17806,4185,0,0
2026-02-24 13:00:00,1.17805,1.17808,1.17675,1.1771,5275,0,0
2026-02-24 14:00:00,1.17711,1.17781,1.17668,1.1772,6467,0,0
2026-02-24 15:00:00,1.17718,1.17805,1.17654,1.17719,7305,0,0
2026-02-24 16:00:00,1.17717,1.17895,1.17714,1.17875,4975,0,0
2026-02-24 17:00:00,1.17875,1.17883,1.17812,1.17849,3257,0,0
2026-02-24 18:00:00,1.17849,1.17861,1.17766,1.17778,3022,0,0
2026-02-24 19:00:00,1.17777,1.17836,1.17759,1.17783,2693,0,0
2026-02-24 20:00:00,1.17783,1.17829,1.17745,1.17746,2464,0,0
2026-02-24 21:00:00,1.17748,1.17765,1.17726,1.17729,1082,0,0
2026-02-24 22:00:00,1.17718,1.17763,1.1771,1.17723,470,0,0
2026-02-24 23:00:00,1.17724,1.17755,1.17715,1.17738,707,0,0
2026-02-25 00:00:00,1.17739,1.17792,1.17728,1.17776,2822,0,0
2026-02-25 01:00:00,1.17775,1.17815,1.17754,1.17777,3003,0,0
2026-02-25 02:00:00,1.17777,1.1793,1.17776,1.17919,3685,0,0
2026-02-25 03:00:00,1.1792,1.17939,1.17853,1.17889,4278,0,0
2026-02-25 04:00:00,1.1789,1.17957,1.17871,1.17944,2391,0,0
2026-02-25 05:00:00,1.17943,1.18049,1.17936,1.18005,2513,0,0
2026-02-25 06:00:00,1.18004,1.18058,1.17965,1.18044,3051,0,0
2026-02-25 07:00:00,1.18045,1.18074,1.17964,1.17967,3852,0,0
2026-02-25 08:00:00,1.17966,1.17995,1.17889,1.17889,4589,0,0
2026-02-25 09:00:00,1.1789,1.17925,1.1785,1.17869,4406,0,0
2026-02-25 10:00:00,1.17871,1.17879,1.17782,1.17783,3554,0,0
2026-02-25 11:00:00,1.17783,1.17806,1.17703,1.17743,3287,0,0
2026-02-25 12:00:00,1.17741,1.17863,1.17734,1.17859,3943,0,0
2026-02-25 13:00:00,1.17858,1.17896,1.17724,1.17738,4940,0,0
2026-02-25 14:00:00,1.17739,1.17885,1.17725,1.17862,5567,0,0
2026-02-25 15:00:00,1.1786,1.18019,1.17842,1.18008,7553,0,0
2026-02-25 16:00:00,1.18008,1.18066,1.1798,1.18032,5145,0,0
2026-02-25 17:00:00,1.18033,1.18138,1.1802,1.18068,4163,0,0
2026-02-25 18:00:00,1.18068,1.18103,1.18036,1.18042,2870,0,0
2026-02-25 19:00:00,1.18042,1.18087,1.18022,1.18049,2381,0,0
2026-02-25 20:00:00,1.18049,1.18082,1.18042,1.18053,2571,0,0
2026-02-25 21:00:00,1.18054,1.1812,1.18028,1.18089,1292,0,0
2026-02-25 22:00:00,1.18032,1.18115,1.18004,1.18087,496,0,0
2026-02-25 23:00:00,1.18086,1.18158,1.18084,1.18145,1159,0,0
2026-02-26 00:00:00,1.18144,1.18188,1.18112,1.18176,2511,0,0
2026-02-26 01:00:00,1.18177,1.18283,1.18174,1.18268,3847,0,0
2026-02-26 02:00:00,1.18268,1.18283,1.18128,1.18169,2642,0,0
2026-02-26 03:00:00,1.18168,1.18216,1.18153,1.18165,2245,0,0
2026-02-26 04:00:00,1.18166,1.1818,1.1812,1.18174,2090,0,0
2026-02-26 05:00:00,1.18175,1.18221,1.18155,1.18188,2617,0,0
2026-02-26 06:00:00,1.18188,1.18217,1.18143,1.18171,3024,0,0
2026-02-26 07:00:00,1.18171,1.18179,1.18083,1.18152,3825,0,0
2026-02-26 08:00:00,1.18151,1.18151,1.18016,1.18019,4386,0,0
2026-02-26 09:00:00,1.18019,1.18054,1.17961,1.17964,4099,0,0
2026-02-26 10:00:00,1.17964,1.17991,1.17927,1.17978,3239,0,0
2026-02-26 11:00:00,1.17979,1.18043,1.17974,1.18003,3278,0,0
2026-02-26 12:00:00,1.18003,1.18091,1.17993,1.18086,3578,0,0
2026-02-26 13:00:00,1.18083,1.18163,1.18021,1.18059,5330,0,0
2026-02-26 14:00:00,1.18059,1.18153,1.18015,1.18124,6808,0,0
2026-02-26 15:00:00,1.18125,1.18138,1.17803,1.17984,8832,0,0
2026-02-26 16:00:00,1.17984,1.17988,1.17855,1.17913,6026,0,0
2026-02-26 17:00:00,1.17913,1.17928,1.17734,1.17754,5294,0,0
2026-02-26 18:00:00,1.17754,1.17868,1.17733,1.17841,5162,0,0
2026-02-26 19:00:00,1.17842,1.17973,1.17819,1.17965,3299,0,0
2026-02-26 20:00:00,1.17965,1.18027,1.17952,1.18007,2751,0,0
2026-02-26 21:00:00,1.18008,1.18031,1.17965,1.17969,1387,0,0
2026-02-26 22:00:00,1.17923,1.17984,1.17903,1.1796,753,0,0
2026-02-26 23:00:00,1.1796,1.18027,1.17936,1.18027,996,0,0
2026-02-27 00:00:00,1.18026,1.18052,1.17955,1.17958,3761,0,0
2026-02-27 01:00:00,1.17958,1.18018,1.17885,1.17896,4520,0,0
2026-02-27 02:00:00,1.17896,1.18008,1.17896,1.18,2709,0,0
2026-02-27 03:00:00,1.18,1.18052,1.17996,1.1803,2227,0,0
2026-02-27 04:00:00,1.1803,1.18127,1.18014,1.18105,2142,0,0
2026-02-27 05:00:00,1.18104,1.18114,1.18056,1.1808,2651,0,0
2026-02-27 06:00:00,1.18079,1.18104,1.18015,1.18037,3574,0,0
2026-02-27 07:00:00,1.18035,1.18189,1.17966,1.18146,4344,0,0
2026-02-27 08:00:00,1.18148,1.18212,1.18075,1.18084,4781,0,0
2026-02-27 09:00:00,1.18061,1.18109,1.17923,1.1795,4208,0,0
2026-02-27 10:00:00,1.17949,1.18032,1.17941,1.17983,3542,0,0
2026-02-27 11:00:00,1.17983,1.18034,1.17955,1.17996,3282,0,0
2026-02-27 12:00:00,1.18001,1.18077,1.17981,1.18018,4006,0,0
2026-02-27 13:00:00,1.18019,1.1806,1.17898,1.17921,7965,0,0
2026-02-27 14:00:00,1.17922,1.1815,1.17902,1.17964,7808,0,0
2026-02-27 15:00:00,1.17965,1.18166,1.17958,1.18065,8847,0,0
2026-02-27 16:00:00,1.18066,1.18246,1.18051,1.18215,6815,0,0
2026-02-27 17:00:00,1.18215,1.18264,1.1815,1.18161,4836,0,0
2026-02-27 18:00:00,1.18163,1.18185,1.18107,1.18172,3850,0,0
2026-02-27 19:00:00,1.18171,1.18222,1.18161,1.18186,2921,0,0
2026-02-27 20:00:00,1.18187,1.18253,1.18145,1.18154,3342,0,0
2026-02-27 21:00:00,1.18156,1.18179,1.18105,1.18134,1958,0,0
2026-03-01 22:00:00,1.17643,1.1776,1.17558,1.17722,1325,0,0
2026-03-01 23:00:00,1.17653,1.1787,1.17564,1.17584,5559,0,0
2026-03-02 00:00:00,1.17586,1.17777,1.17556,1.17765,6831,0,0
2026-03-02 01:00:00,1.17764,1.17936,1.17747,1.17913,7011,0,0
2026-03-02 02:00:00,1.17914,1.17929,1.17804,1.17882,4392,0,0
2026-03-02 03:00:00,1.17881,1.17954,1.17877,1.17883,3537,0,0
2026-03-02 04:00:00,1.17881,1.17898,1.17812,1.17852,2734,0,0
2026-03-02 05:00:00,1.17849,1.1785,1.17657,1.17659,3590,0,0
2026-03-02 06:00:00,1.17658,1.17661,1.17297,1.17313,7305,0,0
2026-03-02 07:00:00,1.17314,1.17337,1.1703,1.17155,9115,0,0
2026-03-02 08:00:00,1.17155,1.17232,1.16974,1.17218,9298,0,0
2026-03-02 09:00:00,1.17218,1.17432,1.17206,1.17324,7192,0,0
2026-03-02 10:00:00,1.17325,1.17468,1.17323,1.17382,5965,0,0
2026-03-02 11:00:00,1.17382,1.17407,1.17257,1.17327,5565,0,0
2026-03-02 12:00:00,1.17328,1.17333,1.17014,1.1704,7484,0,0
2026-03-02 13:00:00,1.1704,1.17178,1.16948,1.16981,8786,0,0
2026-03-02 14:00:00,1.16982,1.17233,1.16944,1.17121,10213,0,0
2026-03-02 15:00:00,1.17122,1.17156,1.16793,1.16795,10272,0,0
2026-03-02 16:00:00,1.16795,1.16938,1.16712,1.1689,8512,0,0
2026-03-02 17:00:00,1.16889,1.17072,1.16862,1.17066,6455,0,0
2026-03-02 18:00:00,1.17066,1.17068,1.16863,1.16936,4881,0,0
2026-03-02 19:00:00,1.16938,1.17129,1.16933,1.17109,5093,0,0
2026-03-02 20:00:00,1.1711,1.17126,1.1678,1.16897,8503,0,0
2026-03-02 21:00:00,1.16896,1.16948,1.16885,1.16892,1907,0,0
2026-03-02 22:00:00,1.16842,1.16904,1.16807,1.16865,736,0,0
2026-03-02 23:00:00,1.16858,1.16976,1.16849,1.16942,1493,0,0
2026-03-03 00:00:00,1.16943,1.16952,1.16858,1.16943,3778,0,0
2026-03-03 01:00:00,1.16945,1.17063,1.16917,1.16952,6185,0,0
2026-03-03 02:00:00,1.16953,1.16985,1.16854,1.16942,5521,0,0
2026-03-03 03:00:00,1.16943,1.1697,1.16857,1.16903,3655,0,0
2026-03-03 04:00:00,1.16902,1.16929,1.16787,1.16805,2485,0,0
2026-03-03 05:00:00,1.16805,1.16844,1.16645,1.16666,5776,0,0
2026-03-03 06:00:00,1.16667,1.16711,1.16615,1.16686,6002,0,0
2026-03-03 07:00:00,1.16685,1.16685,1.1642,1.1644,7438,0,0
2026-03-03 08:00:00,1.16441,1.16455,1.16173,1.16233,10023,0,0
2026-03-03 09:00:00,1.1623,1.16285,1.15981,1.16041,9673,0,0
2026-03-03 10:00:00,1.1604,1.16124,1.15886,1.1591,9222,0,0
2026-03-03 11:00:00,1.15914,1.1603,1.15815,1.15966,10236,0,0
2026-03-03 12:00:00,1.15965,1.16148,1.15897,1.16133,9508,0,0
2026-03-03 13:00:00,1.16134,1.16145,1.15896,1.15902,9336,0,0
2026-03-03 14:00:00,1.15902,1.1599,1.15643,1.15667,11612,0,0
2026-03-03 15:00:00,1.15668,1.15845,1.15296,1.15732,15276,0,0
2026-03-03 16:00:00,1.15736,1.16055,1.15687,1.16022,13356,0,0
2026-03-03 17:00:00,1.16022,1.16028,1.15862,1.15896,10702,0,0
2026-03-03 18:00:00,1.15895,1.16215,1.15893,1.16154,8931,0,0
2026-03-03 19:00:00,1.16155,1.16253,1.15993,1.16123,9749,0,0
2026-03-03 20:00:00,1.16124,1.1624,1.16107,1.16167,7636,0,0
2026-03-03 21:00:00,1.16168,1.16177,1.1609,1.16114,2339,0,0
2026-03-03 22:00:00,1.16086,1.16143,1.16052,1.1611,802,0,0
2026-03-03 23:00:00,1.16098,1.16197,1.16081,1.16104,1923,0,0
2026-03-04 00:00:00,1.16104,1.16106,1.15917,1.15934,6572,0,0
2026-03-04 01:00:00,1.15933,1.1597,1.15742,1.1593,7894,0,0
2026-03-04 02:00:00,1.15931,1.16037,1.15909,1.15975,6909,0,0
2026-03-04 03:00:00,1.15976,1.16088,1.15948,1.16079,4941,0,0
2026-03-04 04:00:00,1.1608,1.16099,1.15897,1.15924,4656,0,0
2026-03-04 05:00:00,1.15924,1.15985,1.15864,1.15942,5738,0,0
2026-03-04 06:00:00,1.15941,1.16172,1.15891,1.16103,6184,0,0
2026-03-04 07:00:00,1.16104,1.16275,1.16102,1.16155,6801,0,0
2026-03-04 08:00:00,1.16154,1.16164,1.15945,1.15994,8464,0,0
2026-03-04 09:00:00,1.15994,1.16194,1.15916,1.16086,7794,0,0
2026-03-04 10:00:00,1.16086,1.16466,1.16086,1.16323,10619,0,0
2026-03-04 11:00:00,1.16324,1.16542,1.16303,1.16346,7472,0,0
2026-03-04 12:00:00,1.16347,1.16482,1.16256,1.16313,7827,0,0
2026-03-04 13:00:00,1.16312,1.16516,1.16288,1.16292,9253,0,0
2026-03-04 14:00:00,1.1629,1.16407,1.16199,1.16232,11191,0,0
2026-03-04 15:00:00,1.16247,1.16399,1.1616,1.16398,10733,0,0
2026-03-04 16:00:00,1.16397,1.16457,1.16281,1.16365,7793,0,0
2026-03-04 17:00:00,1.16365,1.16431,1.16259,1.16326,5796,0,0
2026-03-04 18:00:00,1.16326,1.1633,1.16228,1.16244,4866,0,0
2026-03-04 19:00:00,1.16243,1.16406,1.16243,1.16392,4342,0,0
2026-03-04 20:00:00,1.16391,1.16431,1.16377,1.16394,3557,0,0
2026-03-04 21:00:00,1.16394,1.16411,1.16333,1.16338,1571,0,0
2026-03-04 22:00:00,1.1629,1.16337,1.1624,1.16336,512,0,0
2026-03-04 23:00:00,1.16335,1.16377,1.16331,1.16344,1255,0,0
2026-03-05 00:00:00,1.16344,1.16448,1.16316,1.16442,3587,0,0
2026-03-05 01:00:00,1.16444,1.16468,1.16265,1.16269,6677,0,0
2026-03-05 02:00:00,1.16269,1.16313,1.16218,1.16253,5051,0,0
2026-03-05 03:00:00,1.16252,1.16272,1.16094,1.16125,5051,0,0
2026-03-05 04:00:00,1.16125,1.16142,1.1605,1.16077,3922,0,0
2026-03-05 05:00:00,1.16077,1.16133,1.15935,1.15937,4663,0,0
2026-03-05 06:00:00,1.15936,1.16156,1.15871,1.16077,7202,0,0
2026-03-05 07:00:00,1.16077,1.16156,1.15986,1.16039,6957,0,0
2026-03-05 08:00:00,1.16037,1.16043,1.15809,1.15975,8542,0,0
2026-03-05 09:00:00,1.15973,1.16439,1.1596,1.16222,12656,0,0
2026-03-05 10:00:00,1.16216,1.16311,1.16057,1.16107,6931,0,0
2026-03-05 11:00:00,1.16108,1.16168,1.16032,1.16116,5190,0,0
2026-03-05 12:00:00,1.16114,1.16244,1.16068,1.16195,6409,0,0
2026-03-05 13:00:00,1.16196,1.1624,1.15891,1.15964,8744,0,0
2026-03-05 14:00:00,1.15962,1.16084,1.15918,1.1602,10222,0,0
2026-03-05 15:00:00,1.16021,1.16086,1.15686,1.15819,11208,0,0
2026-03-05 16:00:00,1.15821,1.15862,1.15583,1.15832,10629,0,0
2026-03-05 17:00:00,1.15834,1.15914,1.15719,1.15868,10613,0,0
2026-03-05 18:00:00,1.15869,1.1591,1.15706,1.15853,9306,0,0
2026-03-05 19:00:00,1.15854,1.15875,1.15695,1.15723,7309,0,0
2026-03-05 20:00:00,1.15724,1.16098,1.15696,1.16031,9776,0,0
2026-03-05 21:00:00,1.16032,1.16098,1.16011,1.16073,2494,0,0
2026-03-05 22:00:00,1.16068,1.16076,1.16037,1.16055,496,0,0
2026-03-05 23:00:00,1.16056,1.16096,1.16026,1.1606,1730,0,0
2026-03-06 00:00:00,1.1606,1.16138,1.16049,1.16105,4207,0,0
2026-03-06 01:00:00,1.16105,1.16197,1.16064,1.16145,6278,0,0
2026-03-06 02:00:00,1.16145,1.162,1.16137,1.16158,4079,0,0
2026-03-06 03:00:00,1.16159,1.16202,1.16156,1.16196,2992,0,0
2026-03-06 04:00:00,1.16195,1.16207,1.16125,1.1613,2520,0,0
2026-03-06 05:00:00,1.16128,1.16161,1.1605,1.16058,4183,0,0
2026-03-06 06:00:00,1.1606,1.16115,1.16012,1.16111,4398,0,0
2026-03-06 07:00:00,1.16112,1.16175,1.16059,1.16139,4908,0,0
2026-03-06 08:00:00,1.16136,1.16139,1.16009,1.16025,5930,0,0
2026-03-06 09:00:00,1.1602,1.16021,1.15712,1.15737,7658,0,0
2026-03-06 10:00:00,1.15737,1.15846,1.15722,1.1578,6463,0,0
2026-03-06 11:00:00,1.15779,1.15807,1.15606,1.15624,7338,0,0
2026-03-06 12:00:00,1.15631,1.15682,1.15517,1.15539,7664,0,0
2026-03-06 13:00:00,1.1554,1.15924,1.155,1.15537,13470,0,0
2026-03-06 14:00:00,1.15538,1.15741,1.15454,1.15714,14004,0,0
2026-03-06 15:00:00,1.15716,1.15923,1.15699,1.15788,13979,0,0
2026-03-06 16:00:00,1.15787,1.16124,1.15784,1.16045,11736,0,0
2026-03-06 17:00:00,1.16044,1.16088,1.15941,1.15953,10480,0,0
2026-03-06 18:00:00,1.1595,1.16209,1.15923,1.15985,9639,0,0
2026-03-06 19:00:00,1.15983,1.16092,1.15961,1.16011,7231,0,0
2026-03-06 20:00:00,1.16014,1.16093,1.1595,1.1605,6555,0,0
2026-03-06 21:00:00,1.1605,1.16176,1.16045,1.16155,3610,0,0
2026-03-08 21:00:00,1.15448,1.1561,1.15433,1.15455,1016,0,0
2026-03-08 22:00:00,1.15466,1.1551,1.15248,1.15354,6318,0,0
2026-03-08 23:00:00,1.15354,1.15396,1.15207,1.15233,7745,0,0
2026-03-09 00:00:00,1.15233,1.15309,1.15155,1.15168,8375,0,0
2026-03-09 01:00:00,1.15167,1.15234,1.15067,1.15089,9416,0,0
2026-03-09 02:00:00,1.15088,1.15276,1.15077,1.15242,9129,0,0
2026-03-09 03:00:00,1.15244,1.15285,1.15121,1.15165,6698,0,0
2026-03-09 04:00:00,1.15165,1.1529,1.15154,1.15253,4712,0,0
2026-03-09 05:00:00,1.15252,1.15709,1.15233,1.15669,10664,0,0
2026-03-09 06:00:00,1.1567,1.15685,1.15442,1.15445,9602,0,0
2026-03-09 07:00:00,1.15446,1.15647,1.15348,1.15634,10567,0,0
2026-03-09 08:00:00,1.15631,1.15647,1.15148,1.15348,12302,0,0
2026-03-09 09:00:00,1.15353,1.15725,1.15304,1.15535,11970,0,0
2026-03-09 10:00:00,1.15536,1.15644,1.15463,1.15601,10649,0,0
2026-03-09 11:00:00,1.156,1.15673,1.15545,1.15616,8831,0,0
2026-03-09 12:00:00,1.15614,1.15679,1.15495,1.15541,8909,0,0
2026-03-09 13:00:00,1.15539,1.15873,1.15517,1.15758,12627,0,0
2026-03-09 14:00:00,1.15758,1.15776,1.15469,1.15722,14991,0,0
2026-03-09 15:00:00,1.15723,1.15932,1.15719,1.15912,10670,0,0
2026-03-09 16:00:00,1.15911,1.15987,1.15846,1.1587,8548,0,0
2026-03-09 17:00:00,1.15871,1.1589,1.15779,1.1578,6950,0,0
2026-03-09 18:00:00,1.15779,1.15838,1.15753,1.15758,6261,0,0
2026-03-09 19:00:00,1.15759,1.16331,1.15748,1.16081,13482,0,0
2026-03-09 20:00:00,1.16084,1.16359,1.16083,1.16347,4197,0,0
2026-03-09 21:00:00,1.16332,1.16356,1.16309,1.1634,516,0,0
2026-03-09 22:00:00,1.16341,1.16449,1.1622,1.16291,2735,0,0
2026-03-09 23:00:00,1.16292,1.16307,1.16141,1.16159,4394,0,0
2026-03-10 00:00:00,1.1616,1.1635,1.16111,1.16257,8193,0,0
2026-03-10 01:00:00,1.16257,1.16293,1.16112,1.16194,8705,0,0
2026-03-10 02:00:00,1.16194,1.16264,1.16112,1.16127,5856,0,0
2026-03-10 03:00:00,1.16127,1.16151,1.16074,1.16092,4935,0,0
2026-03-10 04:00:00,1.1609,1.16139,1.16064,1.16113,3614,0,0
2026-03-10 05:00:00,1.16113,1.16198,1.1611,1.16198,4212,0,0
2026-03-10 06:00:00,1.16198,1.1637,1.16197,1.16319,5062,0,0
2026-03-10 07:00:00,1.16319,1.16629,1.16272,1.166,8186,0,0
2026-03-10 08:00:00,1.16599,1.16613,1.16426,1.16453,8244,0,0
2026-03-10 09:00:00,1.16453,1.16584,1.16433,1.16506,6214,0,0
2026-03-10 10:00:00,1.16507,1.16511,1.16198,1.1639,7327,0,0
2026-03-10 11:00:00,1.16389,1.16524,1.16357,1.16378,8114,0,0
2026-03-10 12:00:00,1.16379,1.16403,1.16209,1.1634,9597,0,0
2026-03-10 13:00:00,1.16339,1.16483,1.16286,1.16318,10088,0,0
2026-03-10 14:00:00,1.16317,1.16498,1.16265,1.16478,8826,0,0
2026-03-10 15:00:00,1.16478,1.16546,1.16391,1.1647,7847,0,0
2026-03-10 16:00:00,1.16469,1.1654,1.16385,1.16512,6515,0,0
2026-03-10 17:00:00,1.16512,1.16668,1.16408,1.16446,8995,0,0
2026-03-10 18:00:00,1.16446,1.16454,1.16134,1.16238,13172,0,0
2026-03-10 19:00:00,1.16239,1.1628,1.16061,1.16138,9239,0,0
2026-03-10 20:00:00,1.1614,1.16148,1.16074,1.1609,2617,0,0
2026-03-10 21:00:00,1.16082,1.161,1.16045,1.16079,826,0,0
2026-03-10 22:00:00,1.16082,1.16122,1.16023,1.16043,1156,0,0
2026-03-10 23:00:00,1.16044,1.16115,1.16043,1.16108,1929,0,0
2026-03-11 00:00:00,1.16111,1.16243,1.16051,1.16174,5577,0,0
2026-03-11 01:00:00,1.16173,1.16276,1.16119,1.16262,5156,0,0
2026-03-11 02:00:00,1.16264,1.16288,1.16182,1.16253,3769,0,0
2026-03-11 03:00:00,1.16253,1.16314,1.16245,1.16298,3046,0,0
2026-03-11 04:00:00,1.16299,1.16347,1.16274,1.16331,2810,0,0
2026-03-11 05:00:00,1.16331,1.16355,1.16294,1.16324,3329,0,0
2026-03-11 06:00:00,1.16325,1.16403,1.16292,1.16323,4091,0,0
2026-03-11 07:00:00,1.16325,1.16449,1.1613,1.16167,7510,0,0
2026-03-11 08:00:00,1.16168,1.16208,1.16031,1.16127,7213,0,0
2026-03-11 09:00:00,1.16126,1.16134,1.15895,1.15916,8275,0,0
2026-03-11 10:00:00,1.15917,1.16111,1.15904,1.16057,6772,0,0
2026-03-11 11:00:00,1.16055,1.161,1.15936,1.15936,6787,0,0
2026-03-11 12:00:00,1.15935,1.1605,1.15769,1.15812,9795,0,0
2026-03-11 13:00:00,1.15816,1.15927,1.15773,1.15905,9932,0,0
2026-03-11 14:00:00,1.15905,1.16122,1.15805,1.15814,13413,0,0
2026-03-11 15:00:00,1.15815,1.15837,1.15649,1.15656,8293,0,0
2026-03-11 16:00:00,1.15655,1.1576,1.15625,1.15706,7456,0,0
2026-03-11 17:00:00,1.15707,1.15758,1.15602,1.15705,7259,0,0
2026-03-11 18:00:00,1.15706,1.15738,1.15636,1.15711,5274,0,0
2026-03-11 19:00:00,1.1571,1.15758,1.15674,1.1573,3679,0,0
2026-03-11 20:00:00,1.15729,1.1573,1.15641,1.15656,1694,0,0
2026-03-11 21:00:00,1.15652,1.15726,1.15637,1.15724,607,0,0
2026-03-11 22:00:00,1.15724,1.15725,1.15488,1.15496,2195,0,0
2026-03-11 23:00:00,1.15494,1.15532,1.15393,1.15422,3022,0,0
2026-03-12 00:00:00,1.15422,1.15495,1.15335,1.15453,4755,0,0
2026-03-12 01:00:00,1.15454,1.1555,1.15449,1.15501,4476,0,0
2026-03-12 02:00:00,1.15502,1.15539,1.15317,1.15383,4197,0,0
2026-03-12 03:00:00,1.15383,1.15398,1.15326,1.15378,2877,0,0
2026-03-12 04:00:00,1.15378,1.15394,1.15313,1.15326,2273,0,0
2026-03-12 05:00:00,1.15324,1.15446,1.1532,1.15389,4468,0,0
2026-03-12 06:00:00,1.1539,1.1551,1.15387,1.15473,4114,0,0
2026-03-12 07:00:00,1.15473,1.15522,1.1541,1.15506,4695,0,0
2026-03-12 08:00:00,1.15506,1.15554,1.15427,1.15467,5480,0,0
2026-03-12 09:00:00,1.15467,1.15607,1.1544,1.1559,4800,0,0
2026-03-12 10:00:00,1.1559,1.15623,1.15488,1.15572,4476,0,0
2026-03-12 11:00:00,1.15573,1.15658,1.15519,1.15557,5058,0,0
2026-03-12 12:00:00,1.15557,1.15568,1.1532,1.15387,6961,0,0
2026-03-12 13:00:00,1.15387,1.15498,1.15197,1.15256,10199,0,0
2026-03-12 14:00:00,1.15256,1.15326,1.15149,1.152,10329,0,0
2026-03-12 15:00:00,1.152,1.15279,1.15103,1.15213,11254,0,0
2026-03-12 16:00:00,1.15214,1.15319,1.15131,1.15213,9647,0,0
2026-03-12 17:00:00,1.15213,1.15313,1.15188,1.15213,7618,0,0
2026-03-12 18:00:00,1.15213,1.15237,1.15107,1.15116,5522,0,0
2026-03-12 19:00:00,1.15116,1.15178,1.15101,1.15145,5199,0,0
2026-03-12 20:00:00,1.15146,1.15157,1.15095,1.15105,1930,0,0
2026-03-12 21:00:00,1.15098,1.15113,1.15089,1.15105,506,0,0
2026-03-12 22:00:00,1.15105,1.1521,1.15097,1.15185,1604,0,0
2026-03-12 23:00:00,1.15185,1.15227,1.15145,1.15203,2200,0,0
2026-03-13 00:00:00,1.15203,1.15279,1.15197,1.15229,3846,0,0
2026-03-13 01:00:00,1.15229,1.15291,1.15139,1.15159,3537,0,0
2026-03-13 02:00:00,1.15159,1.15217,1.15105,1.15133,3386,0,0
2026-03-13 03:00:00,1.15132,1.15152,1.15043,1.15087,3169,0,0
2026-03-13 04:00:00,1.15086,1.15088,1.14994,1.15026,3047,0,0
2026-03-13 05:00:00,1.15026,1.1506,1.14995,1.15002,3137,0,0
2026-03-13 06:00:00,1.15002,1.15029,1.14818,1.14822,4905,0,0
2026-03-13 07:00:00,1.14823,1.14831,1.14536,1.14572,7049,0,0
2026-03-13 08:00:00,1.14571,1.14586,1.14323,1.14446,9169,0,0
2026-03-13 09:00:00,1.14445,1.14611,1.14445,1.14526,7404,0,0
2026-03-13 10:00:00,1.14527,1.14716,1.14513,1.14579,6607,0,0
2026-03-13 11:00:00,1.14579,1.14704,1.14548,1.14679,8150,0,0
2026-03-13 12:00:00,1.14679,1.1488,1.14604,1.14773,9545,0,0
2026-03-13 13:00:00,1.14773,1.14897,1.14731,1.14783,9613,0,0
2026-03-13 14:00:00,1.14786,1.14844,1.14548,1.14567,10440,0,0
2026-03-13 15:00:00,1.14567,1.14606,1.1434,1.14425,9935,0,0
2026-03-13 16:00:00,1.14426,1.14501,1.14356,1.14415,8810,0,0
2026-03-13 17:00:00,1.14415,1.14456,1.14334,1.14417,6485,0,0
2026-03-13 18:00:00,1.14417,1.14422,1.14312,1.14354,5389,0,0
2026-03-13 19:00:00,1.14356,1.14364,1.14193,1.14218,4655,0,0
2026-03-13 20:00:00,1.14217,1.14221,1.14101,1.14146,2493,0,0
2026-03-15 21:00:00,1.14184,1.14281,1.14178,1.14247,916,0,0
2026-03-15 22:00:00,1.14247,1.14368,1.14184,1.14294,3416,0,0
2026-03-15 23:00:00,1.14294,1.14351,1.14254,1.14349,4104,0,0
2026-03-16 00:00:00,1.14349,1.1455,1.14346,1.14543,4767,0,0
2026-03-16 01:00:00,1.14543,1.1456,1.14391,1.14487,5205,0,0
2026-03-16 02:00:00,1.14488,1.1451,1.14443,1.14474,3778,0,0
2026-03-16 03:00:00,1.14475,1.14534,1.14452,1.14501,2833,0,0
2026-03-16 04:00:00,1.145,1.1451,1.14409,1.1441,2338,0,0
2026-03-16 05:00:00,1.14409,1.14429,1.14326,1.14341,3078,0,0
2026-03-16 06:00:00,1.14341,1.14361,1.14236,1.14312,3702,0,0
2026-03-16 07:00:00,1.14312,1.14343,1.14136,1.14253,5258,0,0
2026-03-16 08:00:00,1.14253,1.14448,1.14253,1.14443,6803,0,0
2026-03-16 09:00:00,1.14442,1.14521,1.14404,1.14495,5415,0,0
2026-03-16 10:00:00,1.14495,1.14773,1.1447,1.14748,6084,0,0
2026-03-16 11:00:00,1.14748,1.14866,1.14703,1.14788,5559,0,0
2026-03-16 12:00:00,1.14789,1.14873,1.14717,1.14732,6594,0,0
2026-03-16 13:00:00,1.14732,1.15003,1.14732,1.14997,7356,0,0
2026-03-16 14:00:00,1.14998,1.15016,1.14797,1.14883,8107,0,0
2026-03-16 15:00:00,1.14883,1.14997,1.148,1.14863,6439,0,0
2026-03-16 16:00:00,1.14863,1.14988,1.14771,1.14931,7122,0,0
2026-03-16 17:00:00,1.1493,1.15033,1.149,1.14917,6758,0,0
2026-03-16 18:00:00,1.14917,1.15232,1.14916,1.1518,5986,0,0
2026-03-16 19:00:00,1.1518,1.15243,1.15054,1.15072,6014,0,0
2026-03-16 20:00:00,1.15073,1.15099,1.15025,1.15053,1833,0,0
2026-03-16 21:00:00,1.15033,1.15113,1.15009,1.15054,661,0,0
2026-03-16 22:00:00,1.15054,1.15054,1.14972,1.14983,1398,0,0
2026-03-16 23:00:00,1.14984,1.14993,1.14943,1.14978,2031,0,0
2026-03-17 00:00:00,1.14977,1.1498,1.14885,1.14919,3323,0,0
2026-03-17 01:00:00,1.14919,1.14951,1.1486,1.14924,3783,0,0
2026-03-17 02:00:00,1.14924,1.1498,1.14904,1.14946,2156,0,0
2026-03-17 03:00:00,1.14945,1.15024,1.14913,1.14914,2895,0,0
2026-03-17 04:00:00,1.14914,1.14993,1.14888,1.14965,1764,0,0
2026-03-17 05:00:00,1.14964,1.14986,1.14775,1.14789,3171,0,0
2026-03-17 06:00:00,1.14789,1.14811,1.14654,1.14811,4595,0,0
2026-03-17 07:00:00,1.14811,1.14997,1.14792,1.14944,4399,0,0
2026-03-17 08:00:00,1.14943,1.15175,1.14871,1.15099,6109,0,0
2026-03-17 09:00:00,1.15099,1.15242,1.15074,1.15161,5085,0,0
2026-03-17 10:00:00,1.15161,1.15161,1.15034,1.15057,4773,0,0
2026-03-17 11:00:00,1.15056,1.15182,1.15042,1.15071,4278,0,0
2026-03-17 12:00:00,1.15071,1.15241,1.15039,1.15235,5918,0,0
2026-03-17 13:00:00,1.15236,1.15431,1.15236,1.15299,8440,0,0
2026-03-17 14:00:00,1.153,1.15381,1.15201,1.15327,7122,0,0
2026-03-17 15:00:00,1.15327,1.15383,1.15201,1.15243,7966,0,0
2026-03-17 16:00:00,1.15244,1.15325,1.15176,1.15274,7299,0,0
2026-03-17 17:00:00,1.15275,1.15396,1.15258,1.15391,5057,0,0
2026-03-17 18:00:00,1.15392,1.15468,1.1538,1.15386,4021,0,0
2026-03-17 19:00:00,1.15386,1.15407,1.15333,1.15351,2693,0,0
2026-03-17 20:00:00,1.1535,1.15412,1.15345,1.15401,1193,0,0
2026-03-17 21:00:00,1.15362,1.15373,1.15299,1.15353,802,0,0
2026-03-17 22:00:00,1.15353,1.15434,1.15353,1.15395,1570,0,0
2026-03-17 23:00:00,1.15396,1.15406,1.15372,1.15384,5448,0,0
2026-03-18 00:00:00,1.15387,1.15435,1.15315,1.15323,5441,0,0
2026-03-18 01:00:00,1.15321,1.15397,1.15316,1.15334,3174,0,0
2026-03-18 02:00:00,1.15333,1.15377,1.15315,1.1532,2463,0,0
2026-03-18 03:00:00,1.1532,1.15363,1.15316,1.15355,1799,0,0
2026-03-18 04:00:00,1.15355,1.1542,1.15355,1.1541,1867,0,0
2026-03-18 05:00:00,1.1541,1.15463,1.15395,1.15449,2377,0,0
2026-03-18 06:00:00,1.15448,1.15486,1.15389,1.15417,3081,0,0
2026-03-18 07:00:00,1.15417,1.15452,1.15228,1.15258,3449,0,0
2026-03-18 08:00:00,1.15257,1.15338,1.15173,1.15318,4708,0,0
2026-03-18 09:00:00,1.15318,1.1539,1.15247,1.15382,4003,0,0
2026-03-18 10:00:00,1.15382,1.15433,1.15332,1.15393,3409,0,0
2026-03-18 11:00:00,1.15393,1.15548,1.15295,1.1546,6563,0,0
2026-03-18 12:00:00,1.15461,1.15475,1.1505,1.15069,10671,0,0
2026-03-18 13:00:00,1.15068,1.1515,1.149,1.15144,9945,0,0
2026-03-18 14:00:00,1.15143,1.15269,1.15036,1.1516,9419,0,0
2026-03-18 15:00:00,1.15159,1.15291,1.15109,1.15123,7827,0,0
2026-03-18 16:00:00,1.15122,1.15217,1.15063,1.15101,6376,0,0
2026-03-18 17:00:00,1.151,1.1516,1.1502,1.15154,5690,0,0
2026-03-18 18:00:00,1.15152,1.15247,1.14766,1.14767,11469,0,0
2026-03-18 19:00:00,1.14767,1.14821,1.14679,1.14687,7984,0,0
2026-03-18 20:00:00,1.14689,1.14698,1.14492,1.14498,3039,0,0
2026-03-18 21:00:00,1.14504,1.14684,1.14496,1.14629,1162,0,0
2026-03-18 22:00:00,1.14622,1.14648,1.14505,1.14562,1952,0,0
2026-03-18 23:00:00,1.14563,1.14653,1.14547,1.14626,3212,0,0
2026-03-19 00:00:00,1.14628,1.14738,1.14616,1.14736,4469,0,0
2026-03-19 01:00:00,1.14733,1.14831,1.14729,1.14757,4379,0,0
2026-03-19 02:00:00,1.14757,1.14908,1.14712,1.14813,5003,0,0
2026-03-19 03:00:00,1.14817,1.14828,1.14736,1.14736,2539,0,0
2026-03-19 04:00:00,1.14736,1.14744,1.14663,1.14683,2339,0,0
2026-03-19 05:00:00,1.14684,1.14705,1.14629,1.14652,2574,0,0
2026-03-19 06:00:00,1.14653,1.14763,1.14605,1.14648,4747,0,0
2026-03-19 07:00:00,1.14648,1.14747,1.14501,1.1452,8145,0,0
2026-03-19 08:00:00,1.1452,1.14586,1.14424,1.14504,9395,0,0
2026-03-19 09:00:00,1.14505,1.14875,1.14505,1.14798,11263,0,0
2026-03-19 10:00:00,1.14789,1.14789,1.1466,1.14733,6883,0,0
2026-03-19 11:00:00,1.14733,1.14809,1.14652,1.14791,6087,0,0
2026-03-19 12:00:00,1.14792,1.14893,1.14621,1.14865,11566,0,0
2026-03-19 13:00:00,1.14868,1.15267,1.14689,1.15171,15811,0,0
2026-03-19 14:00:00,1.15169,1.15278,1.15001,1.15158,14476,0,0
2026-03-19 15:00:00,1.1515,1.15383,1.14979,1.15135,11565,0,0
2026-03-19 16:00:00,1.15136,1.15372,1.15113,1.15353,11288,0,0
2026-03-19 17:00:00,1.15356,1.15671,1.15352,1.15592,8158,0,0
2026-03-19 18:00:00,1.15593,1.15837,1.15504,1.15837,7214,0,0
2026-03-19 19:00:00,1.15836,1.16156,1.15766,1.15846,12833,0,0
2026-03-19 20:00:00,1.15845,1.15887,1.15799,1.15878,2442,0,0
2026-03-19 21:00:00,1.15866,1.15873,1.15783,1.15808,533,0,0
2026-03-19 22:00:00,1.15812,1.15944,1.15771,1.15778,1740,0,0
2026-03-19 23:00:00,1.15777,1.15812,1.1574,1.15761,2915,0,0
2026-03-20 00:00:00,1.15759,1.15795,1.15705,1.15734,3828,0,0
2026-03-20 01:00:00,1.15733,1.15765,1.15629,1.15646,4255,0,0
2026-03-20 02:00:00,1.15646,1.15674,1.15612,1.15631,2718,0,0
2026-03-20 03:00:00,1.15632,1.15632,1.15556,1.15562,2296,0,0
2026-03-20 04:00:00,1.15562,1.15592,1.15545,1.1555,1602,0,0
2026-03-20 05:00:00,1.1555,1.15605,1.15519,1.15521,2572,0,0
2026-03-20 06:00:00,1.1552,1.15656,1.1552,1.15582,2974,0,0
2026-03-20 07:00:00,1.15581,1.15747,1.15552,1.15731,5569,0,0
2026-03-20 08:00:00,1.15731,1.15803,1.15669,1.15669,5957,0,0
2026-03-20 09:00:00,1.1567,1.15723,1.15473,1.15479,6660,0,0
2026-03-20 10:00:00,1.15479,1.1562,1.15346,1.15591,6910,0,0
2026-03-20 11:00:00,1.15591,1.15794,1.15567,1.15712,5927,0,0
2026-03-20 12:00:00,1.1571,1.15792,1.15616,1.15645,8634,0,0
2026-03-20 13:00:00,1.15646,1.15653,1.15393,1.15406,9988,0,0
2026-03-20 14:00:00,1.15404,1.15433,1.1524,1.1535,12299,0,0
2026-03-20 15:00:00,1.15349,1.15572,1.15342,1.15415,11316,0,0
2026-03-20 16:00:00,1.15416,1.1566,1.15408,1.15592,8855,0,0
2026-03-20 17:00:00,1.15594,1.157,1.15492,1.15582,8847,0,0
2026-03-20 18:00:00,1.15583,1.15712,1.15472,1.15502,8781,0,0
2026-03-20 19:00:00,1.15503,1.15614,1.15462,1.15577,7166,0,0
2026-03-20 20:00:00,1.15576,1.15706,1.15567,1.15679,2706,0,0
2026-03-22 21:00:00,1.15357,1.15436,1.15333,1.1538,429,0,0
2026-03-22 22:00:00,1.15413,1.15621,1.1538,1.15574,3301,0,0
2026-03-22 23:00:00,1.15577,1.15643,1.15566,1.15615,4127,0,0
2026-03-23 00:00:00,1.15616,1.15638,1.15381,1.15438,7087,0,0
2026-03-23 01:00:00,1.15438,1.15612,1.15438,1.15539,7817,0,0
2026-03-23 02:00:00,1.15539,1.15568,1.15424,1.15461,4969,0,0
2026-03-23 03:00:00,1.15461,1.15499,1.1542,1.15465,3468,0,0
2026-03-23 04:00:00,1.15465,1.1551,1.15452,1.15499,2769,0,0
2026-03-23 05:00:00,1.15499,1.15519,1.15335,1.15335,3942,0,0
2026-03-23 06:00:00,1.15336,1.15338,1.15199,1.15299,6595,0,0
2026-03-23 07:00:00,1.15298,1.15396,1.1523,1.15266,7933,0,0
2026-03-23 08:00:00,1.15272,1.15456,1.15254,1.15302,9956,0,0
2026-03-23 09:00:00,1.15305,1.15335,1.14905,1.14941,8855,0,0
2026-03-23 10:00:00,1.14941,1.15007,1.14839,1.14854,7907,0,0
2026-03-23 11:00:00,1.14859,1.16184,1.14851,1.15548,21298,0,0
2026-03-23 12:00:00,1.15553,1.1614,1.15457,1.16126,17327,0,0
2026-03-23 13:00:00,1.16125,1.16149,1.15794,1.15992,17037,0,0
2026-03-23 14:00:00,1.15991,1.16393,1.15925,1.16144,16542,0,0
2026-03-23 15:00:00,1.16146,1.16306,1.15817,1.1585,15110,0,0
2026-03-23 16:00:00,1.15847,1.16001,1.15759,1.15909,13907,0,0
2026-03-23 17:00:00,1.15908,1.1609,1.15862,1.16012,11537,0,0
2026-03-23 18:00:00,1.16016,1.16369,1.15912,1.16346,9918,0,0
2026-03-23 19:00:00,1.16347,1.16348,1.16121,1.16125,6260,0,0
2026-03-23 20:00:00,1.16124,1.16148,1.16082,1.16101,2131,0,0
2026-03-23 21:00:00,1.16101,1.16136,1.16085,1.16136,380,0,0
2026-03-23 22:00:00,1.1614,1.16171,1.16078,1.16142,1630,0,0
2026-03-23 23:00:00,1.16142,1.16155,1.16053,1.16077,3551,0,0
2026-03-24 00:00:00,1.16077,1.16081,1.15805,1.15884,8177,0,0
2026-03-24 01:00:00,1.15878,1.15955,1.1578,1.15849,7929,0,0
2026-03-24 02:00:00,1.15848,1.15918,1.15824,1.15853,6244,0,0
2026-03-24 03:00:00,1.15853,1.15887,1.15808,1.15826,4186,0,0
2026-03-24 04:00:00,1.15827,1.15829,1.15751,1.15797,3149,0,0
2026-03-24 05:00:00,1.15797,1.15887,1.15752,1.1583,5674,0,0
2026-03-24 06:00:00,1.15829,1.15919,1.15785,1.15897,6482,0,0
2026-03-24 07:00:00,1.15896,1.16172,1.15887,1.16072,9109,0,0
2026-03-24 08:00:00,1.16071,1.16088,1.15812,1.15888,9926,0,0
2026-03-24 09:00:00,1.15888,1.15963,1.15781,1.15945,7206,0,0
2026-03-24 10:00:00,1.15944,1.15958,1.15827,1.15904,6552,0,0
2026-03-24 11:00:00,1.15906,1.16,1.15784,1.15895,6817,0,0
2026-03-24 12:00:00,1.15896,1.15988,1.15806,1.1584,8590,0,0
2026-03-24 13:00:00,1.15834,1.15902,1.15667,1.15771,12271,0,0
2026-03-24 14:00:00,1.1577,1.16065,1.1577,1.15893,12267,0,0
2026-03-24 15:00:00,1.15895,1.15967,1.15753,1.15768,10568,0,0
2026-03-24 16:00:00,1.15769,1.15919,1.15735,1.15822,8193,0,0
2026-03-24 17:00:00,1.15822,1.15834,1.15565,1.15758,11635,0,0
2026-03-24 18:00:00,1.15761,1.15918,1.1567,1.15821,9817,0,0
2026-03-24 19:00:00,1.15821,1.15923,1.1582,1.1585,6235,0,0
2026-03-24 20:00:00,1.1585,1.16278,1.15822,1.16059,7157,0,0
2026-03-24 21:00:00,1.16047,1.16108,1.1598,1.16086,1073,0,0
2026-03-24 22:00:00,1.16086,1.16185,1.16038,1.16138,2283,0,0
2026-03-24 23:00:00,1.1614,1.16178,1.16082,1.16133,3214,0,0
2026-03-25 00:00:00,1.16132,1.16302,1.16119,1.16217,6396,0,0
2026-03-25 01:00:00,1.16218,1.16238,1.16113,1.16116,5594,0,0
2026-03-25 02:00:00,1.16118,1.16126,1.16005,1.16034,3873,0,0
2026-03-25 03:00:00,1.16033,1.16046,1.16001,1.16028,3013,0,0
2026-03-25 04:00:00,1.16027,1.16036,1.15968,1.15973,2565,0,0
2026-03-25 05:00:00,1.15973,1.15977,1.15884,1.15918,3500,0,0
2026-03-25 06:00:00,1.15919,1.15992,1.15865,1.15959,3963,0,0
2026-03-25 07:00:00,1.15958,1.16046,1.15879,1.15973,5688,0,0
2026-03-25 08:00:00,1.15968,1.1616,1.159,1.16021,9093,0,0
2026-03-25 09:00:00,1.1602,1.16088,1.15907,1.16,6455,0,0
2026-03-25 10:00:00,1.15999,1.1605,1.15953,1.16042,5944,0,0
2026-03-25 11:00:00,1.16042,1.16109,1.15936,1.16068,5793,0,0
2026-03-25 12:00:00,1.16072,1.16131,1.15859,1.15918,9656,0,0
2026-03-25 13:00:00,1.15919,1.15983,1.15711,1.15728,9106,0,0
2026-03-25 14:00:00,1.15728,1.15873,1.15657,1.1585,9376,0,0
2026-03-25 15:00:00,1.15854,1.15888,1.15624,1.15691,9170,0,0
2026-03-25 16:00:00,1.15691,1.15761,1.15548,1.15667,8480,0,0
2026-03-25 17:00:00,1.15667,1.15831,1.15643,1.15779,7088,0,0
2026-03-25 18:00:00,1.15781,1.15805,1.15605,1.15644,5854,0,0
2026-03-25 19:00:00,1.15644,1.15659,1.15586,1.15628,5586,0,0
2026-03-25 20:00:00,1.15627,1.15627,1.15551,1.15582,1697,0,0
2026-03-25 21:00:00,1.15571,1.15601,1.15563,1.15596,280,0,0
2026-03-25 22:00:00,1.15596,1.1562,1.15552,1.15598,1256,0,0
2026-03-25 23:00:00,1.15598,1.15615,1.15582,1.15609,1621,0,0
2026-03-26 00:00:00,1.15609,1.15641,1.15534,1.15576,3384,0,0
2026-03-26 01:00:00,1.15575,1.15664,1.15575,1.15638,3328,0,0
2026-03-26 02:00:00,1.15638,1.15651,1.15542,1.15583,2727,0,0
2026-03-26 03:00:00,1.15583,1.15689,1.15573,1.15681,2546,0,0
2026-03-26 04:00:00,1.15681,1.15718,1.15668,1.15687,2009,0,0
2026-03-26 05:00:00,1.15687,1.15693,1.15573,1.15573,3269,0,0
2026-03-26 06:00:00,1.15573,1.15665,1.15512,1.15659,4149,0,0
2026-03-26 07:00:00,1.1566,1.1566,1.155,1.15532,4951,0,0
2026-03-26 08:00:00,1.15533,1.15606,1.15468,1.15592,5885,0,0
2026-03-26 09:00:00,1.1559,1.15644,1.1552,1.15591,5504,0,0
2026-03-26 10:00:00,1.15592,1.15646,1.15539,1.15566,4866,0,0
2026-03-26 11:00:00,1.15567,1.15581,1.15228,1.15237,4834,0,0
2026-03-26 12:00:00,1.15237,1.15349,1.15218,1.15345,6385,0,0
2026-03-26 13:00:00,1.15344,1.1552,1.15344,1.15417,8312,0,0
2026-03-26 14:00:00,1.15419,1.15544,1.15363,1.15471,10425,0,0
2026-03-26 15:00:00,1.15472,1.15506,1.15309,1.15409,8923,0,0
2026-03-26 16:00:00,1.15408,1.15427,1.15304,1.15351,6538,0,0
2026-03-26 17:00:00,1.1535,1.1537,1.15249,1.15251,4960,0,0
2026-03-26 18:00:00,1.15253,1.15334,1.15246,1.15333,4249,0,0
2026-03-26 19:00:00,1.15334,1.15339,1.1521,1.15213,4813,0,0
2026-03-26 20:00:00,1.15213,1.15584,1.1519,1.15299,5978,0,0
2026-03-26 21:00:00,1.15243,1.15353,1.15243,1.15304,1170,0,0
2026-03-26 22:00:00,1.15305,1.15397,1.15305,1.15378,1861,0,0
2026-03-26 23:00:00,1.15379,1.15393,1.1533,1.15332,1666,0,0
2026-03-27 00:00:00,1.15333,1.15375,1.15238,1.153,4451,0,0
2026-03-27 01:00:00,1.15301,1.15403,1.15292,1.15402,4111,0,0
2026-03-27 02:00:00,1.15401,1.15421,1.15355,1.15379,2741,0,0
2026-03-27 03:00:00,1.15379,1.15397,1.15332,1.15384,2521,0,0
2026-03-27 04:00:00,1.15385,1.15432,1.15365,1.15421,2040,0,0
2026-03-27 05:00:00,1.1542,1.15456,1.15368,1.15405,3366,0,0
2026-03-27 06:00:00,1.15403,1.15433,1.15334,1.15339,3385,0,0
2026-03-27 07:00:00,1.15337,1.15343,1.15163,1.15172,4877,0,0
2026-03-27 08:00:00,1.15173,1.15247,1.15154,1.15196,5877,0,0
2026-03-27 09:00:00,1.15196,1.15256,1.15138,1.15187,5315,0,0
2026-03-27 10:00:00,1.15189,1.15255,1.15096,1.15111,5153,0,0
2026-03-27 11:00:00,1.15109,1.15134,1.15042,1.15064,4570,0,0
2026-03-27 12:00:00,1.15065,1.15176,1.15012,1.1515,5597,0,0
2026-03-27 13:00:00,1.15149,1.15323,1.15136,1.15235,8161,0,0
2026-03-27 14:00:00,1.15235,1.15351,1.15226,1.15288,8464,0,0
2026-03-27 15:00:00,1.15286,1.15472,1.15173,1.15187,10037,0,0
2026-03-27 16:00:00,1.15188,1.15267,1.15142,1.15186,7940,0,0
2026-03-27 17:00:00,1.15184,1.15286,1.15057,1.15119,6613,0,0
2026-03-27 18:00:00,1.15119,1.1519,1.15066,1.15129,5296,0,0
2026-03-27 19:00:00,1.15129,1.15174,1.15093,1.15165,4736,0,0
2026-03-27 20:00:00,1.15168,1.15202,1.15088,1.15106,3057,0,0
2026-03-29 21:00:00,1.15013,1.15022,1.1497,1.14987,239,0,0
2026-03-29 22:00:00,1.14986,1.15021,1.14873,1.1488,2644,0,0
2026-03-29 23:00:00,1.14881,1.14939,1.14869,1.14919,3255,0,0
2026-03-30 00:00:00,1.1492,1.15121,1.1489,1.15063,6563,0,0
2026-03-30 01:00:00,1.15062,1.15105,1.15023,1.15043,4964,0,0
2026-03-30 02:00:00,1.1504,1.15147,1.15008,1.15108,3869,0,0
2026-03-30 03:00:00,1.15107,1.15182,1.15096,1.15153,2905,0,0
2026-03-30 04:00:00,1.15156,1.15207,1.1513,1.1513,2197,0,0
2026-03-30 05:00:00,1.15131,1.15176,1.15089,1.15146,3163,0,0
2026-03-30 06:00:00,1.15147,1.15195,1.1511,1.15117,4708,0,0
2026-03-30 07:00:00,1.15116,1.15123,1.14934,1.14974,5655,0,0
2026-03-30 08:00:00,1.14973,1.14982,1.149,1.14956,4812,0,0
2026-03-30 09:00:00,1.14956,1.14977,1.1483,1.14939,4572,0,0
2026-03-30 10:00:00,1.14941,1.14968,1.14875,1.14887,3988,0,0
2026-03-30 11:00:00,1.14886,1.14995,1.14833,1.14845,6650,0,0
2026-03-30 12:00:00,1.14843,1.14883,1.14724,1.14835,6317,0,0
2026-03-30 13:00:00,1.14836,1.14873,1.14616,1.14641,7851,0,0
2026-03-30 14:00:00,1.14642,1.14699,1.14543,1.14644,8699,0,0
2026-03-30 15:00:00,1.14644,1.14652,1.14426,1.14528,7330,0,0
2026-03-30 16:00:00,1.14528,1.14606,1.14469,1.14594,4852,0,0
2026-03-30 17:00:00,1.14594,1.14648,1.14551,1.14569,5093,0,0
2026-03-30 18:00:00,1.14569,1.14657,1.14563,1.14603,4087,0,0
2026-03-30 19:00:00,1.14602,1.14618,1.14532,1.14592,3815,0,0
2026-03-30 20:00:00,1.14591,1.14623,1.14564,1.14619,1335,0,0
2026-03-30 21:00:00,1.14647,1.14672,1.14541,1.14604,935,0,0
2026-03-30 22:00:00,1.14604,1.14651,1.14582,1.14582,1170,0,0
2026-03-30 23:00:00,1.14581,1.14581,1.14517,1.14564,1943,0,0
2026-03-31 00:00:00,1.14563,1.14757,1.14467,1.14745,7001,0,0
2026-03-31 01:00:00,1.14748,1.14903,1.14728,1.14755,6574,0,0
2026-03-31 02:00:00,1.14753,1.14791,1.14726,1.14753,4075,0,0
2026-03-31 03:00:00,1.14753,1.14758,1.14658,1.14691,2854,0,0
2026-03-31 04:00:00,1.14692,1.14723,1.14683,1.14687,2447,0,0
2026-03-31 05:00:00,1.14689,1.14709,1.14617,1.14636,3809,0,0
2026-03-31 06:00:00,1.14635,1.14738,1.14602,1.14713,5129,0,0
2026-03-31 07:00:00,1.14716,1.14737,1.14623,1.14728,5652,0,0
2026-03-31 08:00:00,1.1473,1.14752,1.14636,1.14666,5370,0,0
2026-03-31 09:00:00,1.14666,1.14728,1.14614,1.14679,5006,0,0
2026-03-31 10:00:00,1.14676,1.14694,1.14576,1.14585,4068,0,0
2026-03-31 11:00:00,1.14586,1.14921,1.1457,1.1492,8041,0,0
2026-03-31 12:00:00,1.14921,1.15093,1.14865,1.15026,8607,0,0
2026-03-31 13:00:00,1.15027,1.15324,1.15,1.15307,8102,0,0
2026-03-31 14:00:00,1.15308,1.15401,1.15105,1.15212,11054,0,0
2026-03-31 15:00:00,1.15214,1.15323,1.15111,1.15168,10639,0,0
2026-03-31 16:00:00,1.15168,1.15594,1.15134,1.154,11680,0,0
2026-03-31 17:00:00,1.15399,1.15561,1.15382,1.15387,11290,0,0
2026-03-31 18:00:00,1.15388,1.15503,1.15378,1.15436,7145,0,0
2026-03-31 19:00:00,1.15436,1.15592,1.15382,1.15585,5167,0,0
2026-03-31 20:00:00,1.15586,1.15629,1.15519,1.15523,2771,0,0
2026-03-31 21:00:00,1.1547,1.15545,1.15438,1.15537,626,0,0
2026-03-31 22:00:00,1.15539,1.15589,1.15521,1.15581,1337,0,0
2026-03-31 23:00:00,1.1558,1.1574,1.15565,1.15729,2247,0,0
2026-04-01 00:00:00,1.15729,1.15783,1.15688,1.15749,4233,0,0
2026-04-01 01:00:00,1.15748,1.1575,1.15543,1.15616,5777,0,0
2026-04-01 02:00:00,1.15617,1.15705,1.156,1.1568,3193,0,0
2026-04-01 03:00:00,1.15679,1.15679,1.15585,1.15598,2735,0,0
2026-04-01 04:00:00,1.15599,1.15659,1.15588,1.15653,2225,0,0
2026-04-01 05:00:00,1.15653,1.15759,1.15642,1.15688,3815,0,0
2026-04-01 06:00:00,1.15691,1.15924,1.15615,1.15917,8503,0,0
2026-04-01 07:00:00,1.15919,1.15982,1.15766,1.15814,8847,0,0
2026-04-01 08:00:00,1.15813,1.16101,1.1577,1.15957,7709,0,0
2026-04-01 09:00:00,1.15958,1.16021,1.15802,1.15948,6847,0,0
2026-04-01 10:00:00,1.15948,1.1603,1.15929,1.15991,6054,0,0
2026-04-01 11:00:00,1.15992,1.16094,1.15974,1.16077,5353,0,0
2026-04-01 12:00:00,1.16078,1.16228,1.15933,1.16025,8662,0,0
2026-04-01 13:00:00,1.16024,1.16231,1.15983,1.1609,10566,0,0
2026-04-01 14:00:00,1.16089,1.16265,1.16041,1.16226,10487,0,0
2026-04-01 15:00:00,1.16225,1.16265,1.16047,1.16132,6928,0,0
2026-04-01 16:00:00,1.16132,1.16189,1.1604,1.16184,6039,0,0
2026-04-01 17:00:00,1.16183,1.1623,1.15924,1.15935,5234,0,0
2026-04-01 18:00:00,1.15936,1.15938,1.15762,1.15786,6953,0,0
2026-04-01 19:00:00,1.1578,1.15865,1.15758,1.15845,4594,0,0
2026-04-01 20:00:00,1.15845,1.1591,1.1583,1.15886,1598,0,0
2026-04-01 21:00:00,1.1585,1.15901,1.158,1.15889,1069,0,0
2026-04-01 22:00:00,1.15896,1.15937,1.15891,1.15905,974,0,0
2026-04-01 23:00:00,1.15907,1.15942,1.15885,1.15892,1781,0,0
2026-04-02 00:00:00,1.15893,1.15974,1.15863,1.15951,4763,0,0
2026-04-02 01:00:00,1.1595,1.16052,1.1545,1.15521,14373,0,0
2026-04-02 02:00:00,1.15521,1.15598,1.15433,1.15463,6861,0,0
2026-04-02 03:00:00,1.15463,1.15484,1.15372,1.15393,4112,0,0
2026-04-02 04:00:00,1.15393,1.15413,1.15316,1.15364,3695,0,0
2026-04-02 05:00:00,1.15364,1.15385,1.15243,1.15248,4322,0,0
2026-04-02 06:00:00,1.15248,1.1535,1.15147,1.15341,6516,0,0
2026-04-02 07:00:00,1.15338,1.15373,1.15181,1.1532,6894,0,0
2026-04-02 08:00:00,1.15319,1.15352,1.15237,1.15247,5399,0,0
2026-04-02 09:00:00,1.15248,1.15314,1.1521,1.15256,4691,0,0
2026-04-02 10:00:00,1.15257,1.15263,1.15106,1.15117,5044,0,0
2026-04-02 11:00:00,1.15117,1.15188,1.15085,1.1517,5823,0,0
2026-04-02 12:00:00,1.15169,1.15308,1.15163,1.15239,7108,0,0
2026-04-02 13:00:00,1.15241,1.1532,1.15198,1.15307,8867,0,0
2026-04-02 14:00:00,1.15306,1.15634,1.15261,1.15506,12506,0,0
2026-04-02 15:00:00,1.15508,1.15581,1.15411,1.15445,10070,0,0
2026-04-02 16:00:00,1.15444,1.15475,1.15384,1.15388,7680,0,0
2026-04-02 17:00:00,1.15386,1.15487,1.15357,1.15371,5532,0,0
2026-04-02 18:00:00,1.15373,1.15395,1.15325,1.15355,4493,0,0
2026-04-02 19:00:00,1.1536,1.15431,1.15328,1.15342,4156,0,0
2026-04-02 20:00:00,1.15343,1.15388,1.15316,1.15382,1463,0,0
2026-04-02 21:00:00,1.15348,1.15417,1.15317,1.15406,613,0,0
2026-04-02 22:00:00,1.15408,1.15408,1.15369,1.15394,794,0,0
2026-04-02 23:00:00,1.15394,1.15425,1.15389,1.1541,860,0,0
2026-04-03 00:00:00,1.1541,1.15447,1.15375,1.15376,1898,0,0
2026-04-03 01:00:00,1.15377,1.15393,1.15333,1.15344,1767,0,0
2026-04-03 02:00:00,1.15345,1.15378,1.15316,1.15354,1620,0,0
2026-04-03 03:00:00,1.15357,1.1537,1.15336,1.15357,1050,0,0
2026-04-03 04:00:00,1.15358,1.15358,1.15332,1.15333,1491,0,0
2026-04-03 05:00:00,1.15334,1.15376,1.15287,1.15374,1511,0,0
2026-04-03 06:00:00,1.15373,1.15401,1.15345,1.1539,1448,0,0
2026-04-03 07:00:00,1.15391,1.15458,1.15389,1.15418,1556,0,0
2026-04-03 08:00:00,1.15419,1.15448,1.15396,1.15425,1386,0,0
2026-04-03 09:00:00,1.15424,1.15451,1.15401,1.15426,1430,0,0
2026-04-03 10:00:00,1.15425,1.15485,1.15413,1.15444,1250,0,0
2026-04-03 11:00:00,1.15445,1.15462,1.15403,1.15443,1738,0,0
2026-04-03 12:00:00,1.15444,1.15454,1.15177,1.15305,4839,0,0
2026-04-03 13:00:00,1.15304,1.15381,1.15275,1.15343,2523,0,0
2026-04-03 14:00:00,1.15343,1.1536,1.15202,1.15205,2398,0,0
2026-04-03 15:00:00,1.15204,1.15272,1.15196,1.15211,4743,0,0
2026-04-03 16:00:00,1.1521,1.15218,1.15183,1.15185,3510,0,0
2026-04-03 17:00:00,1.15185,1.15213,1.15178,1.15192,3620,0,0
2026-04-03 18:00:00,1.15193,1.15208,1.15135,1.15139,2124,0,0
2026-04-03 19:00:00,1.15139,1.15155,1.15134,1.15138,724,0,0
2026-04-03 20:00:00,1.15135,1.15316,1.15072,1.151,1568,0,0
2026-04-05 21:00:00,1.15196,1.1522,1.15176,1.15193,208,0,0
2026-04-05 22:00:00,1.15189,1.15199,1.15045,1.15142,3419,0,0
2026-04-05 23:00:00,1.15142,1.15163,1.1508,1.15092,2852,0,0
2026-04-06 00:00:00,1.15092,1.15178,1.15088,1.15114,4066,0,0
2026-04-06 01:00:00,1.15113,1.15139,1.15058,1.15063,3037,0,0
2026-04-06 02:00:00,1.15064,1.15282,1.15063,1.15201,4711,0,0
2026-04-06 03:00:00,1.152,1.15227,1.15169,1.15185,3056,0,0
2026-04-06 04:00:00,1.15185,1.15246,1.15179,1.15238,2482,0,0
2026-04-06 05:00:00,1.15238,1.15291,1.15225,1.15249,2776,0,0
2026-04-06 06:00:00,1.1525,1.15371,1.15215,1.15337,4324,0,0
2026-04-06 07:00:00,1.15335,1.15682,1.15251,1.15641,5690,0,0
2026-04-06 08:00:00,1.15639,1.15682,1.15532,1.15553,4888,0,0
2026-04-06 09:00:00,1.15552,1.15598,1.15468,1.15504,4238,0,0
2026-04-06 10:00:00,1.15506,1.15538,1.15369,1.15477,4264,0,0
2026-04-06 11:00:00,1.15475,1.15495,1.15397,1.15451,3699,0,0
2026-04-06 12:00:00,1.15452,1.1554,1.15421,1.15535,4191,0,0
2026-04-06 13:00:00,1.15536,1.15619,1.15488,1.1561,5609,0,0
2026-04-06 14:00:00,1.15612,1.1571,1.1542,1.15425,9857,0,0
2026-04-06 15:00:00,1.15422,1.15439,1.15349,1.15436,6617,0,0
2026-04-06 16:00:00,1.15437,1.15476,1.15417,1.15443,4756,0,0
2026-04-06 17:00:00,1.15445,1.15483,1.15336,1.1541,6201,0,0
2026-04-06 18:00:00,1.15409,1.15521,1.15391,1.15453,6313,0,0
2026-04-06 19:00:00,1.15451,1.15462,1.15401,1.15426,3017,0,0
2026-04-06 20:00:00,1.15426,1.1544,1.15402,1.15415,1652,0,0
2026-04-06 21:00:00,1.15393,1.15435,1.15374,1.15418,662,0,0
2026-04-06 22:00:00,1.15415,1.15474,1.15408,1.15421,1130,0,0
2026-04-06 23:00:00,1.15422,1.15428,1.15383,1.15399,1321,0,0
2026-04-07 00:00:00,1.15399,1.15434,1.15361,1.15368,3947,0,0
2026-04-07 01:00:00,1.15368,1.15397,1.15268,1.15296,4459,0,0
2026-04-07 02:00:00,1.15294,1.15314,1.15237,1.15292,2732,0,0
2026-04-07 03:00:00,1.15293,1.15342,1.15282,1.1534,2125,0,0
2026-04-07 04:00:00,1.15339,1.15383,1.15324,1.15378,2109,0,0
2026-04-07 05:00:00,1.15379,1.15392,1.15296,1.15358,3408,0,0
2026-04-07 06:00:00,1.15357,1.15449,1.15321,1.15442,4908,0,0
2026-04-07 07:00:00,1.15439,1.15455,1.15362,1.15414,4509,0,0
2026-04-07 08:00:00,1.15415,1.15751,1.15414,1.1573,9060,0,0
2026-04-07 09:00:00,1.1573,1.15748,1.15617,1.15627,6436,0,0
2026-04-07 10:00:00,1.15626,1.15633,1.15453,1.15533,8745,0,0
2026-04-07 11:00:00,1.15535,1.15615,1.15475,1.15595,5586,0,0
2026-04-07 12:00:00,1.15595,1.15692,1.15535,1.15589,7065,0,0
2026-04-07 13:00:00,1.15588,1.15645,1.15554,1.15627,7429,0,0
2026-04-07 14:00:00,1.15628,1.1583,1.15579,1.15711,8936,0,0
2026-04-07 15:00:00,1.15708,1.15779,1.15654,1.15705,8050,0,0
2026-04-07 16:00:00,1.15706,1.15788,1.1569,1.15705,8099,0,0
2026-04-07 17:00:00,1.15703,1.15789,1.15657,1.15771,6042,0,0
2026-04-07 18:00:00,1.1577,1.15825,1.15709,1.15741,4833,0,0
2026-04-07 19:00:00,1.1574,1.1601,1.15724,1.15937,9182,0,0
2026-04-07 20:00:00,1.15936,1.16045,1.15919,1.15966,4205,0,0
2026-04-07 21:00:00,1.15922,1.16009,1.1591,1.1596,1037,0,0
2026-04-07 22:00:00,1.15973,1.1669,1.1588,1.16671,7683,0,0
2026-04-07 23:00:00,1.16674,1.16898,1.16608,1.16858,12397,0,0
2026-04-08 00:00:00,1.16857,1.16964,1.16654,1.16712,13147,0,0
2026-04-08 01:00:00,1.16714,1.16878,1.16705,1.1675,9545,0,0
2026-04-08 02:00:00,1.1675,1.16818,1.16682,1.1673,6754,0,0
2026-04-08 03:00:00,1.16731,1.16753,1.16653,1.16701,5349,0,0
2026-04-08 04:00:00,1.167,1.16806,1.167,1.16758,5251,0,0
2026-04-08 05:00:00,1.16762,1.17081,1.16714,1.1691,7155,0,0
2026-04-08 06:00:00,1.16909,1.17077,1.16839,1.16956,9722,0,0
2026-04-08 07:00:00,1.1696,1.16999,1.16783,1.1695,8637,0,0
2026-04-08 08:00:00,1.1695,1.16988,1.16685,1.16805,7731,0,0
2026-04-08 09:00:00,1.16806,1.16888,1.16775,1.16787,6580,0,0
2026-04-08 10:00:00,1.1679,1.16919,1.16769,1.16896,5357,0,0
2026-04-08 11:00:00,1.16896,1.17096,1.16847,1.17003,7172,0,0
2026-04-08 12:00:00,1.17002,1.17175,1.16882,1.17136,9060,0,0
2026-04-08 13:00:00,1.17132,1.17213,1.16863,1.16937,10584,0,0
2026-04-08 14:00:00,1.16937,1.17029,1.1689,1.1694,11286,0,0
2026-04-08 15:00:00,1.1694,1.16959,1.16838,1.16857,8304,0,0
2026-04-08 16:00:00,1.16856,1.16881,1.16765,1.16811,6958,0,0
2026-04-08 17:00:00,1.16813,1.16847,1.16683,1.16742,6313,0,0
2026-04-08 18:00:00,1.16743,1.16796,1.16483,1.16483,8375,0,0
2026-04-08 19:00:00,1.16482,1.16699,1.16428,1.1668,7487,0,0
2026-04-08 20:00:00,1.16681,1.16689,1.16598,1.16625,2236,0,0
2026-04-08 21:00:00,1.1655,1.16653,1.1655,1.16638,727,0,0
2026-04-08 22:00:00,1.16635,1.16669,1.16595,1.16616,1382,0,0
2026-04-08 23:00:00,1.16617,1.16626,1.16568,1.16585,1686,0,0
2026-04-09 00:00:00,1.16585,1.16604,1.16524,1.16566,4712,0,0
2026-04-09 01:00:00,1.16567,1.1663,1.16498,1.16612,4165,0,0
2026-04-09 02:00:00,1.16614,1.16669,1.16587,1.16648,3458,0,0
2026-04-09 03:00:00,1.16648,1.16663,1.16601,1.16624,2929,0,0
2026-04-09 04:00:00,1.16625,1.16705,1.16614,1.1666,2196,0,0
2026-04-09 05:00:00,1.16661,1.16672,1.16587,1.16607,3613,0,0
2026-04-09 06:00:00,1.16607,1.16645,1.16537,1.16644,4345,0,0
2026-04-09 07:00:00,1.16644,1.16687,1.16549,1.16624,5263,0,0
2026-04-09 08:00:00,1.16624,1.16743,1.16591,1.16714,4249,0,0
2026-04-09 09:00:00,1.16715,1.16787,1.16679,1.16741,4078,0,0
2026-04-09 10:00:00,1.1674,1.1679,1.16702,1.16702,3776,0,0
2026-04-09 11:00:00,1.16701,1.16889,1.1669,1.16879,4145,0,0
2026-04-09 12:00:00,1.16878,1.16894,1.16785,1.16855,5803,0,0
2026-04-09 13:00:00,1.16855,1.16947,1.16806,1.16811,6350,0,0
2026-04-09 14:00:00,1.1681,1.16876,1.16737,1.16838,7047,0,0
2026-04-09 15:00:00,1.16838,1.17065,1.16769,1.17049,9273,0,0
2026-04-09 16:00:00,1.17047,1.17135,1.17016,1.171,6206,0,0
2026-04-09 17:00:00,1.171,1.17228,1.17095,1.17136,4873,0,0
2026-04-09 18:00:00,1.17136,1.17143,1.16969,1.16985,6073,0,0
2026-04-09 19:00:00,1.16986,1.1708,1.16974,1.17,4351,0,0
2026-04-09 20:00:00,1.17,1.17002,1.16946,1.16973,1497,0,0
2026-04-09 21:00:00,1.1697,1.17003,1.16934,1.16992,363,0,0
2026-04-09 22:00:00,1.16992,1.1702,1.16919,1.16935,1754,0,0
2026-04-09 23:00:00,1.16936,1.16956,1.16897,1.1691,1599,0,0
2026-04-10 00:00:00,1.1691,1.16912,1.1685,1.16874,3221,0,0
2026-04-10 01:00:00,1.16874,1.16941,1.16857,1.16917,2870,0,0
2026-04-10 02:00:00,1.16918,1.16936,1.16861,1.16903,2500,0,0
2026-04-10 03:00:00,1.16904,1.16963,1.16892,1.16951,1797,0,0
2026-04-10 04:00:00,1.16951,1.16961,1.16905,1.16913,1813,0,0
2026-04-10 05:00:00,1.16913,1.16922,1.1687,1.16895,2306,0,0
2026-04-10 06:00:00,1.16894,1.1693,1.16828,1.1684,3649,0,0
2026-04-10 07:00:00,1.16836,1.16891,1.16784,1.16793,4286,0,0
2026-04-10 08:00:00,1.16791,1.16893,1.16769,1.16853,4010,0,0
2026-04-10 09:00:00,1.16856,1.17105,1.16842,1.17097,6120,0,0
2026-04-10 10:00:00,1.17097,1.17153,1.17053,1.17123,3673,0,0
2026-04-10 11:00:00,1.17122,1.17183,1.17103,1.17135,3558,0,0
2026-04-10 12:00:00,1.17136,1.1725,1.17089,1.17202,6872,0,0
2026-04-10 13:00:00,1.17197,1.17342,1.17181,1.17269,6968,0,0
2026-04-10 14:00:00,1.17268,1.17376,1.17195,1.1727,8316,0,0
2026-04-10 15:00:00,1.17269,1.17389,1.17212,1.17216,6541,0,0
2026-04-10 16:00:00,1.17218,1.17248,1.1713,1.17199,5172,0,0
2026-04-10 17:00:00,1.17199,1.17255,1.17184,1.17229,3965,0,0
2026-04-10 18:00:00,1.17228,1.17348,1.17182,1.17309,4594,0,0
2026-04-10 19:00:00,1.17309,1.1732,1.17266,1.17268,3238,0,0
2026-04-10 20:00:00,1.17268,1.17302,1.1724,1.17255,2317,0,0
2026-04-12 21:00:00,1.16695,1.16785,1.16625,1.16673,650,0,0
2026-04-12 22:00:00,1.1668,1.16781,1.16651,1.16718,3929,0,0
2026-04-12 23:00:00,1.16719,1.16748,1.16636,1.16744,3439,0,0
2026-04-13 00:00:00,1.16743,1.16871,1.16705,1.16871,4364,0,0
2026-04-13 01:00:00,1.16871,1.16891,1.16799,1.16857,3887,0,0
2026-04-13 02:00:00,1.16857,1.16896,1.16846,1.16879,2286,0,0
2026-04-13 03:00:00,1.1688,1.16887,1.16853,1.16874,2028,0,0
2026-04-13 04:00:00,1.16875,1.16896,1.16853,1.16856,1891,0,0
2026-04-13 05:00:00,1.16856,1.16887,1.16827,1.16874,2903,0,0
2026-04-13 06:00:00,1.16875,1.16943,1.16774,1.1685,4653,0,0
2026-04-13 07:00:00,1.1685,1.16996,1.1685,1.16966,4682,0,0
2026-04-13 08:00:00,1.16966,1.16967,1.16829,1.16855,4314,0,0
2026-04-13 09:00:00,1.16854,1.16919,1.16831,1.16857,3958,0,0
2026-04-13 10:00:00,1.16857,1.16945,1.16819,1.1693,3276,0,0
2026-04-13 11:00:00,1.1693,1.16991,1.16804,1.16813,5039,0,0
2026-04-13 12:00:00,1.16813,1.16986,1.168,1.16979,5503,0,0
2026-04-13 13:00:00,1.16977,1.17116,1.16958,1.17047,6916,0,0
2026-04-13 14:00:00,1.17047,1.17198,1.16999,1.17096,7676,0,0
2026-04-13 15:00:00,1.17097,1.17119,1.1702,1.17091,6347,0,0
2026-04-13 16:00:00,1.17091,1.17309,1.17064,1.17245,8204,0,0
2026-04-13 17:00:00,1.17246,1.17373,1.17242,1.1733,4918,0,0
2026-04-13 18:00:00,1.1733,1.17649,1.1733,1.17639,5871,0,0
2026-04-13 19:00:00,1.17638,1.17645,1.17535,1.17597,4051,0,0
2026-04-13 20:00:00,1.17596,1.17626,1.17558,1.17585,1683,0,0
2026-04-13 21:00:00,1.17518,1.17573,1.17496,1.17528,426,0,0
2026-04-13 22:00:00,1.1754,1.17642,1.17536,1.17609,1443,0,0
2026-04-13 23:00:00,1.1761,1.17663,1.17604,1.17661,1998,0,0
2026-04-14 00:00:00,1.17661,1.17673,1.17605,1.17658,3007,0,0
2026-04-14 01:00:00,1.17659,1.17673,1.1759,1.17595,3094,0,0
2026-04-14 02:00:00,1.17596,1.17617,1.17558,1.17601,2114,0,0
2026-04-14 03:00:00,1.17602,1.17677,1.17585,1.17663,1868,0,0
2026-04-14 04:00:00,1.17662,1.17694,1.17641,1.17662,1514,0,0
2026-04-14 05:00:00,1.17662,1.1769,1.17589,1.17637,2723,0,0
2026-04-14 06:00:00,1.17637,1.17778,1.17576,1.17775,4614,0,0
2026-04-14 07:00:00,1.17774,1.17962,1.17768,1.17794,6818,0,0
2026-04-14 08:00:00,1.17794,1.17839,1.17746,1.17821,4681,0,0
2026-04-14 09:00:00,1.17821,1.1792,1.17813,1.17882,3921,0,0
2026-04-14 10:00:00,1.17882,1.17983,1.17877,1.17959,4229,0,0
2026-04-14 11:00:00,1.17959,1.18056,1.17948,1.17988,4700,0,0
2026-04-14 12:00:00,1.1799,1.18053,1.17921,1.18041,6799,0,0
2026-04-14 13:00:00,1.1804,1.18071,1.17928,1.17988,7217,0,0
2026-04-14 14:00:00,1.17988,1.18105,1.17928,1.18081,7267,0,0
2026-04-14 15:00:00,1.18081,1.18081,1.1787,1.17897,7127,0,0
2026-04-14 16:00:00,1.17898,1.17965,1.17877,1.17936,4347,0,0
2026-04-14 17:00:00,1.17936,1.17989,1.17913,1.1795,3291,0,0
2026-04-14 18:00:00,1.17951,1.17964,1.17899,1.17924,4454,0,0
2026-04-14 19:00:00,1.17923,1.17948,1.179,1.17913,2925,0,0
2026-04-14 20:00:00,1.17913,1.17949,1.17908,1.17938,1258,0,0
2026-04-14 21:00:00,1.17931,1.17933,1.17863,1.17886,174,0,0
2026-04-14 22:00:00,1.17889,1.17988,1.17886,1.17945,1167,0,0
2026-04-14 23:00:00,1.17947,1.18014,1.17939,1.17978,2301,0,0
2026-04-15 00:00:00,1.17978,1.17982,1.17888,1.17936,3456,0,0
2026-04-15 01:00:00,1.17936,1.17962,1.17892,1.17902,3492,0,0
2026-04-15 02:00:00,1.17903,1.17904,1.17783,1.17829,2699,0,0
2026-04-15 03:00:00,1.17828,1.17888,1.17798,1.17866,2047,0,0
2026-04-15 04:00:00,1.17867,1.1789,1.17858,1.17881,1446,0,0
2026-04-15 05:00:00,1.17881,1.17978,1.17879,1.17916,3375,0,0
2026-04-15 06:00:00,1.17916,1.17988,1.17834,1.17837,4064,0,0
2026-04-15 07:00:00,1.17838,1.179,1.17822,1.17851,4946,0,0
2026-04-15 08:00:00,1.17851,1.17948,1.17848,1.17887,4394,0,0
2026-04-15 09:00:00,1.17888,1.17909,1.17748,1.17811,6409,0,0
2026-04-15 10:00:00,1.17811,1.1786,1.17715,1.17763,6622,0,0
2026-04-15 11:00:00,1.17764,1.17839,1.17725,1.17823,5283,0,0
2026-04-15 12:00:00,1.17825,1.17922,1.17767,1.17875,5593,0,0
2026-04-15 13:00:00,1.17876,1.17969,1.17834,1.17874,6500,0,0
2026-04-15 14:00:00,1.17874,1.17996,1.17838,1.1796,6873,0,0
2026-04-15 15:00:00,1.1796,1.18075,1.17941,1.17976,6324,0,0
2026-04-15 16:00:00,1.17974,1.1802,1.17968,1.18002,4560,0,0
2026-04-15 17:00:00,1.18003,1.18015,1.17921,1.17942,3497,0,0
2026-04-15 18:00:00,1.17943,1.18014,1.17931,1.17998,4608,0,0
2026-04-15 19:00:00,1.17997,1.18042,1.1798,1.17992,3020,0,0
2026-04-15 20:00:00,1.17993,1.18003,1.17948,1.17993,1553,0,0
2026-04-15 21:00:00,1.17983,1.1801,1.17931,1.17951,457,0,0
2026-04-15 22:00:00,1.17951,1.18027,1.17951,1.18018,937,0,0
2026-04-15 23:00:00,1.18018,1.18074,1.18018,1.18062,1397,0,0
2026-04-16 00:00:00,1.18062,1.1808,1.18021,1.18068,2516,0,0
2026-04-16 01:00:00,1.18069,1.18088,1.17963,1.18019,3042,0,0
2026-04-16 02:00:00,1.1802,1.18171,1.18015,1.18165,3234,0,0
2026-04-16 03:00:00,1.18165,1.18233,1.18116,1.18124,3036,0,0
2026-04-16 04:00:00,1.18125,1.18125,1.18077,1.18089,1778,0,0
2026-04-16 05:00:00,1.18089,1.18095,1.18024,1.18037,2669,0,0
2026-04-16 06:00:00,1.18037,1.18064,1.17928,1.18026,4043,0,0
2026-04-16 07:00:00,1.18027,1.18042,1.17904,1.17911,5082,0,0
2026-04-16 08:00:00,1.17909,1.17934,1.17758,1.17857,5069,0,0
2026-04-16 09:00:00,1.17857,1.17871,1.17763,1.1779,4156,0,0
2026-04-16 10:00:00,1.17789,1.17798,1.1772,1.17792,3226,0,0
2026-04-16 11:00:00,1.17792,1.17881,1.17792,1.17834,4157,0,0
2026-04-16 12:00:00,1.17834,1.17841,1.17754,1.1781,4957,0,0
2026-04-16 13:00:00,1.17809,1.1783,1.17665,1.17719,6486,0,0
2026-04-16 14:00:00,1.17718,1.17815,1.17683,1.17711,8302,0,0
2026-04-16 15:00:00,1.17711,1.17816,1.17695,1.17815,6625,0,0
2026-04-16 16:00:00,1.17814,1.17866,1.17684,1.17742,5843,0,0
2026-04-16 17:00:00,1.17743,1.17749,1.17676,1.1773,4228,0,0
2026-04-16 18:00:00,1.17731,1.17805,1.17727,1.1779,4550,0,0
2026-04-16 19:00:00,1.17791,1.17852,1.1779,1.17805,2941,0,0
2026-04-16 20:00:00,1.17805,1.17827,1.1778,1.17817,1247,0,0
2026-04-16 21:00:00,1.17725,1.17791,1.17725,1.17773,149,0,0
2026-04-16 22:00:00,1.17776,1.1787,1.17776,1.17846,841,0,0
2026-04-16 23:00:00,1.17846,1.17859,1.17803,1.17805,1320,0,0
2026-04-17 00:00:00,1.17806,1.17827,1.17765,1.17784,2771,0,0
2026-04-17 01:00:00,1.17785,1.17793,1.1774,1.17754,3032,0,0
2026-04-17 02:00:00,1.17755,1.17773,1.17725,1.17765,1969,0,0
2026-04-17 03:00:00,1.17765,1.17847,1.17749,1.17827,1879,0,0
2026-04-17 04:00:00,1.17827,1.17838,1.17809,1.17821,1715,0,0
2026-04-17 05:00:00,1.1782,1.17839,1.17793,1.17801,2522,0,0
2026-04-17 06:00:00,1.17801,1.17826,1.17717,1.17745,3856,0,0
2026-04-17 07:00:00,1.17744,1.17828,1.17744,1.17818,4619,0,0
2026-04-17 08:00:00,1.17818,1.1795,1.17803,1.17933,4018,0,0
2026-04-17 09:00:00,1.17932,1.17988,1.17905,1.17929,3986,0,0
2026-04-17 10:00:00,1.17929,1.17953,1.17907,1.17939,3263,0,0
2026-04-17 11:00:00,1.17939,1.17989,1.17915,1.17931,3547,0,0
2026-04-17 12:00:00,1.17931,1.18369,1.17928,1.18347,8882,0,0
2026-04-17 13:00:00,1.18346,1.18486,1.18236,1.18331,13415,0,0
2026-04-17 14:00:00,1.18332,1.18355,1.18126,1.18131,10146,0,0
2026-04-17 15:00:00,1.1813,1.1816,1.17992,1.18002,9446,0,0
2026-04-17 16:00:00,1.18002,1.18041,1.17913,1.17982,5582,0,0
2026-04-17 17:00:00,1.17982,1.17982,1.17843,1.17948,6086,0,0
2026-04-17 18:00:00,1.17948,1.17972,1.17737,1.17794,5418,0,0
2026-04-17 19:00:00,1.17793,1.17831,1.17665,1.17684,4098,0,0
2026-04-17 20:00:00,1.17684,1.17714,1.17595,1.17625,2067,0,0
2026-04-19 21:00:00,1.1736,1.17381,1.17284,1.17288,422,0,0
2026-04-19 22:00:00,1.17288,1.17395,1.17285,1.17393,3319,0,0
2026-04-19 23:00:00,1.17394,1.17449,1.17358,1.17384,3528,0,0
2026-04-20 00:00:00,1.17383,1.17564,1.17365,1.1754,5034,0,0
2026-04-20 01:00:00,1.1754,1.17594,1.17501,1.17563,4251,0,0
2026-04-20 02:00:00,1.17563,1.17613,1.1754,1.17564,2663,0,0
2026-04-20 03:00:00,1.17563,1.17621,1.1754,1.17596,2158,0,0
2026-04-20 04:00:00,1.17597,1.17615,1.17557,1.17586,2284,0,0
2026-04-20 05:00:00,1.17586,1.17603,1.17466,1.17528,3343,0,0
2026-04-20 06:00:00,1.17527,1.17652,1.1747,1.17645,5874,0,0
2026-04-20 07:00:00,1.17645,1.17714,1.17532,1.17587,6440,0,0
2026-04-20 08:00:00,1.17588,1.17642,1.17561,1.17606,5330,0,0
2026-04-20 09:00:00,1.17604,1.17652,1.17546,1.17648,4201,0,0
2026-04-20 10:00:00,1.17648,1.17707,1.17618,1.17701,3849,0,0
2026-04-20 11:00:00,1.17701,1.17749,1.17647,1.17665,4197,0,0
2026-04-20 12:00:00,1.17665,1.17678,1.17553,1.17645,5122,0,0
2026-04-20 13:00:00,1.17644,1.17811,1.17606,1.17746,7901,0,0
2026-04-20 14:00:00,1.17746,1.17775,1.17622,1.17714,8325,0,0
2026-04-20 15:00:00,1.17714,1.1789,1.17678,1.17835,8031,0,0
2026-04-20 16:00:00,1.17835,1.17875,1.17814,1.17852,4559,0,0
2026-04-20 17:00:00,1.1785,1.17896,1.17808,1.17832,3938,0,0
2026-04-20 18:00:00,1.17832,1.17892,1.17781,1.17795,4511,0,0
2026-04-20 19:00:00,1.17794,1.17882,1.17792,1.17854,3095,0,0
2026-04-20 20:00:00,1.17854,1.17882,1.17829,1.17864,1491,0,0
2026-04-20 21:00:00,1.17807,1.17843,1.17807,1.17843,150,0,0
2026-04-20 22:00:00,1.17851,1.17898,1.17837,1.17898,992,0,0
2026-04-20 23:00:00,1.17898,1.17905,1.17825,1.17835,1403,0,0
2026-04-21 00:00:00,1.17836,1.17851,1.17802,1.17822,3349,0,0
2026-04-21 01:00:00,1.17823,1.17856,1.17788,1.17798,3147,0,0
2026-04-21 02:00:00,1.17799,1.17818,1.17763,1.17787,2289,0,0
2026-04-21 03:00:00,1.17788,1.17791,1.17726,1.17751,2151,0,0
2026-04-21 04:00:00,1.1775,1.17761,1.17736,1.17751,1589,0,0
2026-04-21 05:00:00,1.17749,1.17817,1.17746,1.17777,3188,0,0
2026-04-21 06:00:00,1.17777,1.17796,1.17714,1.17741,4214,0,0
2026-04-21 07:00:00,1.17741,1.17765,1.17629,1.17636,4995,0,0
2026-04-21 08:00:00,1.17637,1.17664,1.17564,1.17647,5257,0,0
2026-04-21 09:00:00,1.17646,1.17647,1.17559,1.1759,4087,0,0
2026-04-21 10:00:00,1.1759,1.1761,1.17559,1.17604,3492,0,0
2026-04-21 11:00:00,1.17604,1.17679,1.17556,1.17665,4617,0,0
2026-04-21 12:00:00,1.17666,1.17677,1.17539,1.17586,6097,0,0
2026-04-21 13:00:00,1.17587,1.17708,1.17573,1.1765,5884,0,0
2026-04-21 14:00:00,1.17651,1.17754,1.17513,1.17518,7995,0,0
2026-04-21 15:00:00,1.17519,1.17592,1.17406,1.17509,8575,0,0
2026-04-21 16:00:00,1.1751,1.17551,1.17399,1.17409,5247,0,0
2026-04-21 17:00:00,1.17409,1.1763,1.17197,1.17422,8653,0,0
2026-04-21 18:00:00,1.17422,1.17464,1.17288,1.174,6802,0,0
2026-04-21 19:00:00,1.17401,1.17517,1.17187,1.1725,9561,0,0
2026-04-21 20:00:00,1.1725,1.17528,1.17229,1.17401,5471,0,0
2026-04-21 21:00:00,1.17439,1.17497,1.17298,1.1739,494,0,0
2026-04-21 22:00:00,1.1739,1.17433,1.17381,1.17383,1096,0,0
2026-04-21 23:00:00,1.17383,1.17436,1.17368,1.17435,1368,0,0
2026-04-22 00:00:00,1.17435,1.17508,1.17426,1.17432,3564,0,0
2026-04-22 01:00:00,1.17432,1.17464,1.1738,1.1744,3185,0,0
2026-04-22 02:00:00,1.1744,1.17478,1.17392,1.17401,2361,0,0
2026-04-22 03:00:00,1.174,1.17419,1.1737,1.1738,2077,0,0
2026-04-22 04:00:00,1.17379,1.1742,1.17378,1.1739,1908,0,0
2026-04-22 05:00:00,1.17389,1.17621,1.17386,1.175,4681,0,0
2026-04-22 06:00:00,1.175,1.17546,1.17442,1.17488,4076,0,0
2026-04-22 07:00:00,1.17488,1.17558,1.17455,1.17548,4379,0,0
2026-04-22 08:00:00,1.17548,1.17586,1.17468,1.17531,4908,0,0
2026-04-22 09:00:00,1.1753,1.17568,1.17458,1.17469,4178,0,0
2026-04-22 10:00:00,1.1747,1.17527,1.17432,1.17511,3599,0,0
2026-04-22 11:00:00,1.17511,1.17511,1.17313,1.1734,4970,0,0
2026-04-22 12:00:00,1.17342,1.17371,1.17242,1.17271,5340,0,0
2026-04-22 13:00:00,1.17272,1.17427,1.17233,1.17402,7704,0,0
2026-04-22 14:00:00,1.17402,1.17426,1.17178,1.17181,7018,0,0
2026-04-22 15:00:00,1.17181,1.17234,1.17119,1.17127,6353,0,0
2026-04-22 16:00:00,1.17127,1.17151,1.17095,1.17121,4497,0,0
2026-04-22 17:00:00,1.1712,1.17163,1.17094,1.17099,4049,0,0
2026-04-22 18:00:00,1.17098,1.17124,1.17071,1.17083,3226,0,0
2026-04-22 19:00:00,1.17084,1.17107,1.17044,1.1705,3078,0,0
2026-04-22 20:00:00,1.1705,1.1707,1.17025,1.17055,1640,0,0
2026-04-22 21:00:00,1.17023,1.17072,1.17023,1.17065,236,0,0
2026-04-22 22:00:00,1.17065,1.17086,1.17046,1.17056,982,0,0
2026-04-22 23:00:00,1.17056,1.17067,1.17041,1.17051,1258,0,0
2026-04-23 00:00:00,1.17051,1.17131,1.16917,1.17111,7227,0,0
2026-04-23 01:00:00,1.1711,1.17125,1.17073,1.17087,4069,0,0
2026-04-23 02:00:00,1.17086,1.171,1.16954,1.16969,3913,0,0
2026-04-23 03:00:00,1.16969,1.17011,1.16943,1.1695,3764,0,0
2026-04-23 04:00:00,1.1695,1.17001,1.16945,1.16996,2479,0,0
2026-04-23 05:00:00,1.16996,1.17065,1.1699,1.17065,2705,0,0
2026-04-23 06:00:00,1.17065,1.17085,1.17014,1.1703,3802,0,0
2026-04-23 07:00:00,1.1703,1.17115,1.16949,1.17018,5813,0,0
2026-04-23 08:00:00,1.17017,1.17048,1.16959,1.17011,4807,0,0
2026-04-23 09:00:00,1.17009,1.17018,1.16899,1.16932,5214,0,0
2026-04-23 10:00:00,1.16932,1.16956,1.16795,1.16817,5041,0,0
2026-04-23 11:00:00,1.16818,1.16972,1.16786,1.16901,5672,0,0
2026-04-23 12:00:00,1.169,1.16977,1.16855,1.16915,7901,0,0
2026-04-23 13:00:00,1.16915,1.16962,1.16817,1.16906,6708,0,0
2026-04-23 14:00:00,1.16906,1.17159,1.16869,1.17102,7655,0,0
2026-04-23 15:00:00,1.17103,1.1715,1.17003,1.17029,6971,0,0
2026-04-23 16:00:00,1.17028,1.1705,1.16977,1.17015,4922,0,0
2026-04-23 17:00:00,1.17016,1.17022,1.16687,1.16922,12089,0,0
2026-04-23 18:00:00,1.16922,1.16993,1.16876,1.16888,8475,0,0
2026-04-23 19:00:00,1.16888,1.16897,1.16799,1.1686,5476,0,0
2026-04-23 20:00:00,1.1686,1.16863,1.16801,1.16818,2103,0,0
2026-04-23 21:00:00,1.1686,1.16861,1.16753,1.16822,670,0,0
2026-04-23 22:00:00,1.16822,1.16861,1.16822,1.16855,876,0,0
2026-04-23 23:00:00,1.16856,1.16856,1.16814,1.1683,1309,0,0
2026-04-24 00:00:00,1.1683,1.16879,1.16813,1.16848,3612,0,0
2026-04-24 01:00:00,1.16848,1.16881,1.16816,1.1688,3364,0,0
2026-04-24 02:00:00,1.1688,1.16888,1.16775,1.16785,2826,0,0
2026-04-24 03:00:00,1.16785,1.16795,1.16723,1.16774,2511,0,0
2026-04-24 04:00:00,1.16774,1.16811,1.16759,1.16785,2356,0,0
2026-04-24 05:00:00,1.16785,1.16826,1.1676,1.16815,2647,0,0
2026-04-24 06:00:00,1.16814,1.16832,1.16769,1.1678,3940,0,0
2026-04-24 07:00:00,1.16779,1.16933,1.16755,1.16903,4100,0,0
2026-04-24 08:00:00,1.16903,1.16954,1.16833,1.16892,5459,0,0
2026-04-24 09:00:00,1.16892,1.16903,1.16835,1.16859,4217,0,0
2026-04-24 10:00:00,1.16859,1.1703,1.1685,1.17027,3790,0,0
2026-04-24 11:00:00,1.17027,1.1718,1.17021,1.17138,8523,0,0
2026-04-24 12:00:00,1.17141,1.17169,1.17021,1.17082,6312,0,0
2026-04-24 13:00:00,1.17083,1.17119,1.1698,1.17062,7233,0,0
2026-04-24 14:00:00,1.17059,1.17163,1.16997,1.17058,9730,0,0
2026-04-24 15:00:00,1.17058,1.17191,1.17002,1.1717,8432,0,0
2026-04-24 16:00:00,1.17171,1.17192,1.17125,1.17186,5877,0,0
2026-04-24 17:00:00,1.17184,1.17207,1.17115,1.17129,5032,0,0
2026-04-24 18:00:00,1.1713,1.17192,1.17105,1.1717,3791,0,0
2026-04-24 19:00:00,1.17171,1.17204,1.17148,1.1718,3827,0,0
2026-04-24 20:00:00,1.1718,1.17221,1.17165,1.17219,1819,0,0
2026-04-26 21:00:00,1.1692,1.17062,1.1692,1.17044,255,0,0
2026-04-26 22:00:00,1.17044,1.17119,1.17041,1.17074,1133,0,0
2026-04-26 23:00:00,1.17074,1.1709,1.17048,1.1705,1201,0,0
2026-04-27 00:00:00,1.1705,1.17167,1.1705,1.17155,2960,0,0
2026-04-27 01:00:00,1.17156,1.17264,1.17156,1.17239,4426,0,0
2026-04-27 02:00:00,1.17239,1.17277,1.17191,1.1726,2473,0,0
2026-04-27 03:00:00,1.1726,1.1732,1.17258,1.17289,2054,0,0
2026-04-27 04:00:00,1.17289,1.1731,1.17245,1.17262,1866,0,0
2026-04-27 05:00:00,1.17262,1.17274,1.17216,1.17218,2536,0,0
2026-04-27 06:00:00,1.17219,1.17291,1.17161,1.17291,4112,0,0
2026-04-27 07:00:00,1.1729,1.17445,1.17286,1.17433,4488,0,0
2026-04-27 08:00:00,1.17434,1.17503,1.17387,1.17479,5310,0,0
2026-04-27 09:00:00,1.1748,1.17503,1.17404,1.17417,3471,0,0
2026-04-27 10:00:00,1.17417,1.17472,1.17384,1.17454,3147,0,0
2026-04-27 11:00:00,1.17454,1.17465,1.17373,1.17408,3859,0,0
2026-04-27 12:00:00,1.17408,1.17543,1.17402,1.17437,5230,0,0
2026-04-27 13:00:00,1.17437,1.17534,1.17352,1.17393,7005,0,0
2026-04-27 14:00:00,1.17394,1.17476,1.17328,1.17354,6706,0,0
2026-04-27 15:00:00,1.17354,1.17363,1.17287,1.17302,5239,0,0
2026-04-27 16:00:00,1.17301,1.17334,1.17246,1.17256,3271,0,0
2026-04-27 17:00:00,1.17255,1.17295,1.17196,1.17225,3770,0,0
2026-04-27 18:00:00,1.17226,1.17242,1.17182,1.17195,2848,0,0
2026-04-27 19:00:00,1.17195,1.17253,1.17186,1.17199,2818,0,0
2026-04-27 20:00:00,1.17202,1.17226,1.17192,1.17195,1139,0,0
2026-04-27 21:00:00,1.17208,1.1721,1.17168,1.17175,218,0,0
2026-04-27 22:00:00,1.17178,1.17226,1.17175,1.17217,1033,0,0
2026-04-27 23:00:00,1.17217,1.17226,1.17208,1.17225,942,0,0
2026-04-28 00:00:00,1.17225,1.17265,1.17165,1.17183,3008,0,0
2026-04-28 01:00:00,1.17183,1.17183,1.17117,1.17123,3211,0,0
2026-04-28 02:00:00,1.17122,1.17132,1.17074,1.17079,2631,0,0
2026-04-28 03:00:00,1.17079,1.17174,1.17076,1.17128,2946,0,0
2026-04-28 04:00:00,1.17128,1.17158,1.17111,1.1712,2132,0,0
2026-04-28 05:00:00,1.1712,1.17128,1.17048,1.17056,2871,0,0
2026-04-28 06:00:00,1.17054,1.17075,1.16865,1.1687,5215,0,0
2026-04-28 07:00:00,1.1687,1.17003,1.16855,1.16961,5613,0,0
2026-04-28 08:00:00,1.16961,1.17072,1.16943,1.17016,5924,0,0
2026-04-28 09:00:00,1.17016,1.17016,1.16858,1.16917,4987,0,0
2026-04-28 10:00:00,1.16918,1.16953,1.16899,1.16927,4400,0,0
2026-04-28 11:00:00,1.16926,1.16988,1.16815,1.16823,6234,0,0
2026-04-28 12:00:00,1.16823,1.16994,1.16768,1.16962,7392,0,0
2026-04-28 13:00:00,1.16963,1.17032,1.1688,1.16968,8233,0,0
2026-04-28 14:00:00,1.16969,1.17028,1.169,1.17003,8866,0,0
2026-04-28 15:00:00,1.17002,1.17151,1.17002,1.17132,7033,0,0
2026-04-28 16:00:00,1.17131,1.17165,1.17048,1.17099,4790,0,0
2026-04-28 17:00:00,1.171,1.17172,1.17059,1.1713,4319,0,0
2026-04-28 18:00:00,1.17131,1.17157,1.17107,1.17111,3741,0,0
2026-04-28 19:00:00,1.17112,1.17147,1.17064,1.17092,2980,0,0
2026-04-28 20:00:00,1.17092,1.17142,1.17087,1.17123,1386,0,0
2026-04-28 21:00:00,1.17073,1.17137,1.17073,1.17102,183,0,0
2026-04-28 22:00:00,1.17102,1.17181,1.17102,1.17151,757,0,0
2026-04-28 23:00:00,1.17152,1.17171,1.17147,1.17171,866,0,0
2026-04-29 00:00:00,1.17172,1.17201,1.1714,1.17152,2100,0,0
2026-04-29 01:00:00,1.17151,1.17156,1.17064,1.17114,4163,0,0
2026-04-29 02:00:00,1.17114,1.17163,1.17065,1.1707,2775,0,0
2026-04-29 03:00:00,1.1707,1.17102,1.17045,1.17052,1941,0,0
2026-04-29 04:00:00,1.17054,1.17072,1.17039,1.1705,1460,0,0
2026-04-29 05:00:00,1.17049,1.17054,1.16975,1.17002,2384,0,0
2026-04-29 06:00:00,1.17,1.17035,1.16959,1.16993,3630,0,0
2026-04-29 07:00:00,1.16992,1.17077,1.16977,1.1705,4202,0,0
2026-04-29 08:00:00,1.17046,1.17052,1.16931,1.16997,4946,0,0
2026-04-29 09:00:00,1.16997,1.17039,1.16954,1.1697,4332,0,0
2026-04-29 10:00:00,1.16969,1.17087,1.16957,1.17086,3723,0,0
2026-04-29 11:00:00,1.17088,1.17092,1.16994,1.17004,4236,0,0
2026-04-29 12:00:00,1.17004,1.17076,1.1693,1.16984,6139,0,0
2026-04-29 13:00:00,1.16985,1.17027,1.16818,1.16883,7927,0,0
2026-04-29 14:00:00,1.16883,1.17025,1.16832,1.17003,7141,0,0
2026-04-29 15:00:00,1.17004,1.17035,1.16868,1.16942,7914,0,0
2026-04-29 16:00:00,1.16942,1.16981,1.16831,1.16841,5900,0,0
2026-04-29 17:00:00,1.16841,1.16885,1.16792,1.16868,5790,0,0
2026-04-29 18:00:00,1.1687,1.16902,1.16606,1.16715,10322,0,0
2026-04-29 19:00:00,1.16714,1.16799,1.16664,1.16757,5898,0,0
2026-04-29 20:00:00,1.16756,1.16769,1.16703,1.16725,2973,0,0
2026-04-29 21:00:00,1.16714,1.16765,1.16674,1.16696,1399,0,0
2026-04-29 22:00:00,1.16708,1.1678,1.16706,1.16773,1328,0,0
2026-04-29 23:00:00,1.16772,1.16859,1.16755,1.1684,1569,0,0
2026-04-30 00:00:00,1.1684,1.16889,1.16786,1.16788,3946,0,0
2026-04-30 01:00:00,1.16788,1.16812,1.16726,1.16739,3812,0,0
2026-04-30 02:00:00,1.16739,1.1676,1.1662,1.16664,4126,0,0
2026-04-30 03:00:00,1.16663,1.16704,1.16641,1.16653,3113,0,0
2026-04-30 04:00:00,1.16652,1.16655,1.16546,1.16595,3784,0,0
2026-04-30 05:00:00,1.16596,1.1664,1.16583,1.16588,3761,0,0
2026-04-30 06:00:00,1.16588,1.167,1.16572,1.16698,5566,0,0
2026-04-30 07:00:00,1.16697,1.16833,1.16694,1.1679,6138,0,0
2026-04-30 08:00:00,1.1679,1.16969,1.16739,1.16794,8918,0,0
2026-04-30 09:00:00,1.16795,1.16968,1.16727,1.16939,8306,0,0
2026-04-30 10:00:00,1.16938,1.17146,1.16885,1.17142,11075,0,0
2026-04-30 11:00:00,1.17142,1.1719,1.17026,1.17043,12519,0,0
2026-04-30 12:00:00,1.17042,1.1705,1.16888,1.16922,11037,0,0
2026-04-30 13:00:00,1.16921,1.17004,1.16812,1.16897,11484,0,0
2026-04-30 14:00:00,1.16895,1.17328,1.16872,1.17272,12692,0,0
2026-04-30 15:00:00,1.17274,1.17352,1.17223,1.1728,9511,0,0
2026-04-30 16:00:00,1.1728,1.1735,1.17223,1.17249,6040,0,0
2026-04-30 17:00:00,1.17248,1.17318,1.17214,1.17246,6139,0,0
2026-04-30 18:00:00,1.17247,1.17396,1.17247,1.17358,5099,0,0
2026-04-30 19:00:00,1.17358,1.17411,1.17317,1.1733,4861,0,0
2026-04-30 20:00:00,1.1733,1.17359,1.17289,1.17315,2460,0,0
2026-04-30 21:00:00,1.17289,1.17325,1.17252,1.17287,346,0,0
2026-04-30 22:00:00,1.17295,1.17341,1.17286,1.17308,828,0,0
2026-04-30 23:00:00,1.17309,1.17328,1.17278,1.17281,1754,0,0
2026-05-01 00:00:00,1.17281,1.17293,1.17237,1.17272,3471,0,0
2026-05-01 01:00:00,1.17271,1.17325,1.17245,1.17305,2709,0,0
2026-05-01 02:00:00,1.17305,1.17336,1.1729,1.17332,2389,0,0
2026-05-01 03:00:00,1.17332,1.17358,1.173,1.17305,2321,0,0
2026-05-01 04:00:00,1.17305,1.17318,1.17253,1.17262,2147,0,0
2026-05-01 05:00:00,1.17262,1.17266,1.17212,1.17219,2178,0,0
2026-05-01 06:00:00,1.17219,1.17445,1.17183,1.1735,5800,0,0
2026-05-01 07:00:00,1.1735,1.17415,1.17309,1.17339,6933,0,0
2026-05-01 08:00:00,1.17339,1.17476,1.17314,1.1743,4970,0,0
2026-05-01 09:00:00,1.1743,1.17434,1.17302,1.17307,4183,0,0
2026-05-01 10:00:00,1.17308,1.17454,1.17304,1.17441,3793,0,0
2026-05-01 11:00:00,1.17442,1.17578,1.17434,1.17508,4950,0,0
2026-05-01 12:00:00,1.17508,1.17684,1.17476,1.17569,7011,0,0
2026-05-01 13:00:00,1.1757,1.1763,1.17435,1.17615,7692,0,0
2026-05-01 14:00:00,1.17614,1.17847,1.17599,1.17668,10671,0,0
2026-05-01 15:00:00,1.17668,1.17702,1.17527,1.17546,7828,0,0
2026-05-01 16:00:00,1.17544,1.17566,1.17371,1.17375,6770,0,0
2026-05-01 17:00:00,1.17375,1.17399,1.17286,1.17325,5093,0,0
2026-05-01 18:00:00,1.17326,1.17336,1.1719,1.17267,5787,0,0
2026-05-01 19:00:00,1.17267,1.17278,1.17172,1.17189,3785,0,0
2026-05-01 20:00:00,1.1719,1.17219,1.17148,1.17188,1829,0,0
2026-05-03 21:00:00,1.17445,1.17483,1.17328,1.17366,267,0,0
2026-05-03 22:00:00,1.17372,1.17416,1.17262,1.17327,1908,0,0
2026-05-03 23:00:00,1.17327,1.17329,1.17245,1.17254,1939,0,0
2026-05-04 00:00:00,1.17254,1.17283,1.1721,1.17265,4313,0,0
2026-05-04 01:00:00,1.17264,1.17284,1.17195,1.17246,4204,0,0
2026-05-04 02:00:00,1.17246,1.17282,1.17219,1.17271,3113,0,0
2026-05-04 03:00:00,1.1727,1.17383,1.1724,1.1737,4920,0,0
2026-05-04 04:00:00,1.17369,1.17377,1.1727,1.17287,2921,0,0
2026-05-04 05:00:00,1.17285,1.17316,1.17253,1.17301,3431,0,0
2026-05-04 06:00:00,1.173,1.17367,1.17209,1.17283,5024,0,0
2026-05-04 07:00:00,1.17284,1.17285,1.17147,1.17173,5304,0,0
2026-05-04 08:00:00,1.17174,1.17225,1.17107,1.17186,5056,0,0
2026-05-04 09:00:00,1.17186,1.17232,1.17154,1.17167,4182,0,0
2026-05-04 10:00:00,1.17168,1.17168,1.16881,1.17045,9938,0,0
2026-05-04 11:00:00,1.17045,1.17079,1.16922,1.16926,6713,0,0
2026-05-04 12:00:00,1.16926,1.17118,1.16915,1.17086,6927,0,0
2026-05-04 13:00:00,1.17086,1.17173,1.17015,1.17144,8399,0,0
2026-05-04 14:00:00,1.17143,1.17158,1.17037,1.17066,8211,0,0
2026-05-04 15:00:00,1.17067,1.17151,1.16935,1.16969,10613,0,0
2026-05-04 16:00:00,1.16968,1.17004,1.16805,1.16816,8868,0,0
2026-05-04 17:00:00,1.16818,1.16967,1.16811,1.1693,5666,0,0
2026-05-04 18:00:00,1.16929,1.16973,1.1688,1.16967,4938,0,0
2026-05-04 19:00:00,1.16967,1.17017,1.1693,1.16944,4942,0,0
2026-05-04 20:00:00,1.16944,1.16944,1.16865,1.16904,1890,0,0
2026-05-04 21:00:00,1.16882,1.16906,1.16861,1.16886,163,0,0
2026-05-04 22:00:00,1.16888,1.16912,1.16884,1.16896,610,0,0
2026-05-04 23:00:00,1.16896,1.16923,1.16892,1.16911,1014,0,0
2026-05-05 00:00:00,1.16912,1.16933,1.16845,1.16858,2656,0,0
2026-05-05 01:00:00,1.16857,1.16877,1.16792,1.16862,2864,0,0
2026-05-05 02:00:00,1.16863,1.1691,1.16857,1.1687,2090,0,0
2026-05-05 03:00:00,1.1687,1.16876,1.1683,1.16834,1525,0,0
2026-05-05 04:00:00,1.16833,1.16869,1.16764,1.16772,2133,0,0
2026-05-05 05:00:00,1.16771,1.1684,1.1676,1.16827,2957,0,0
2026-05-05 06:00:00,1.16826,1.1689,1.16788,1.16853,4745,0,0
2026-05-05 07:00:00,1.16854,1.1696,1.16852,1.16884,5160,0,0
2026-05-05 08:00:00,1.16884,1.1696,1.16844,1.16881,5103,0,0
2026-05-05 09:00:00,1.16881,1.16923,1.16806,1.16897,5593,0,0
2026-05-05 10:00:00,1.16897,1.16971,1.16865,1.16889,3867,0,0
2026-05-05 11:00:00,1.16889,1.16941,1.16827,1.16885,4925,0,0
2026-05-05 12:00:00,1.16885,1.16971,1.16847,1.16918,6039,0,0
2026-05-05 13:00:00,1.16918,1.17041,1.16914,1.1697,6439,0,0
2026-05-05 14:00:00,1.16972,1.17053,1.1691,1.17052,8497,0,0
2026-05-05 15:00:00,1.17051,1.17131,1.17004,1.17062,6284,0,0
2026-05-05 16:00:00,1.1706,1.17083,1.16975,1.16988,3698,0,0
2026-05-05 17:00:00,1.16988,1.17035,1.16955,1.16982,3970,0,0
2026-05-05 18:00:00,1.16982,1.17004,1.16965,1.16994,2461,0,0
2026-05-05 19:00:00,1.16993,1.17006,1.16937,1.16947,2782,0,0
2026-05-05 20:00:00,1.16947,1.16964,1.16915,1.1692,1481,0,0
2026-05-05 21:00:00,1.16905,1.16922,1.16905,1.16913,143,0,0
2026-05-05 22:00:00,1.16913,1.17086,1.16912,1.1705,1366,0,0
2026-05-05 23:00:00,1.1705,1.17249,1.17046,1.17142,3758,0,0
2026-05-06 00:00:00,1.17143,1.1721,1.17107,1.17197,5203,0,0
2026-05-06 01:00:00,1.17197,1.17254,1.17171,1.17208,4280,0,0
2026-05-06 02:00:00,1.17208,1.17244,1.17151,1.17169,3171,0,0
2026-05-06 03:00:00,1.17168,1.17225,1.17158,1.17172,2533,0,0
2026-05-06 04:00:00,1.17172,1.17424,1.17157,1.17364,7151,0,0
2026-05-06 05:00:00,1.17364,1.17377,1.17296,1.17325,4722,0,0
2026-05-06 06:00:00,1.17324,1.17351,1.17278,1.17328,4726,0,0
2026-05-06 07:00:00,1.17328,1.17377,1.17238,1.17372,5768,0,0
2026-05-06 08:00:00,1.1737,1.17702,1.17324,1.1762,7996,0,0
2026-05-06 09:00:00,1.17619,1.17766,1.17556,1.17746,7110,0,0
2026-05-06 10:00:00,1.17747,1.17963,1.17661,1.17885,7292,0,0
2026-05-06 11:00:00,1.17884,1.17911,1.17676,1.17695,8473,0,0
2026-05-06 12:00:00,1.17695,1.17697,1.17511,1.1753,8887,0,0
2026-05-06 13:00:00,1.1753,1.17587,1.17458,1.17511,8578,0,0
2026-05-06 14:00:00,1.1751,1.17624,1.17445,1.17545,8441,0,0
2026-05-06 15:00:00,1.17545,1.17578,1.17481,1.17523,6605,0,0
2026-05-06 16:00:00,1.17523,1.17529,1.17411,1.17437,5232,0,0
2026-05-06 17:00:00,1.17438,1.17551,1.17422,1.17476,4326,0,0
2026-05-06 18:00:00,1.17475,1.17511,1.17441,1.17489,3835,0,0
2026-05-06 19:00:00,1.17488,1.17551,1.1747,1.17471,3663,0,0
2026-05-06 20:00:00,1.1747,1.175,1.1744,1.1748,1647,0,0
2026-05-06 21:00:00,1.17435,1.17489,1.17428,1.17479,235,0,0
2026-05-06 22:00:00,1.17479,1.17509,1.17477,1.17499,587,0,0
2026-05-06 23:00:00,1.17499,1.17515,1.17458,1.17474,1139,0,0
2026-05-07 00:00:00,1.17474,1.17536,1.17463,1.1748,4578,0,0
2026-05-07 01:00:00,1.1748,1.17628,1.17458,1.17585,4415,0,0
2026-05-07 02:00:00,1.17584,1.17605,1.17541,1.17559,2956,0,0
2026-05-07 03:00:00,1.17559,1.17561,1.17481,1.17483,2603,0,0
2026-05-07 04:00:00,1.17483,1.1753,1.17472,1.17503,2128,0,0
2026-05-07 05:00:00,1.17503,1.17532,1.17494,1.17513,2622,0,0
2026-05-07 06:00:00,1.1751,1.17562,1.17444,1.17475,5459,0,0
2026-05-07 07:00:00,1.17475,1.17681,1.17474,1.17663,7809,0,0
2026-05-07 08:00:00,1.17664,1.17736,1.17624,1.17712,5762,0,0
2026-05-07 09:00:00,1.17712,1.17777,1.17653,1.17697,5166,0,0
2026-05-07 10:00:00,1.17698,1.17755,1.17644,1.17665,5328,0,0
2026-05-07 11:00:00,1.17665,1.17698,1.17617,1.17694,4891,0,0
2026-05-07 12:00:00,1.17694,1.17774,1.17667,1.17724,5676,0,0
2026-05-07 13:00:00,1.17724,1.17765,1.1766,1.1768,7151,0,0
2026-05-07 14:00:00,1.17679,1.17768,1.17635,1.17752,7127,0,0
2026-05-07 15:00:00,1.17752,1.17774,1.17625,1.17632,6918,0,0
2026-05-07 16:00:00,1.1763,1.17654,1.17559,1.17599,6393,0,0
2026-05-07 17:00:00,1.17598,1.17604,1.17351,1.17484,7597,0,0
2026-05-07 18:00:00,1.17483,1.17515,1.17394,1.17496,6664,0,0
2026-05-07 19:00:00,1.17497,1.17536,1.17329,1.1733,6873,0,0
2026-05-07 20:00:00,1.17331,1.17443,1.17216,1.17231,3465,0,0
2026-05-07 21:00:00,1.17233,1.17274,1.17225,1.17247,355,0,0
2026-05-07 22:00:00,1.17247,1.17311,1.17221,1.17247,1610,0,0
2026-05-07 23:00:00,1.17246,1.1731,1.1724,1.173,1493,0,0
2026-05-08 00:00:00,1.173,1.17343,1.1726,1.17265,4132,0,0
2026-05-08 01:00:00,1.17264,1.17331,1.17264,1.1732,3429,0,0
2026-05-08 02:00:00,1.1732,1.17321,1.17241,1.17269,3098,0,0
2026-05-08 03:00:00,1.17269,1.17332,1.17263,1.17278,2268,0,0
2026-05-08 04:00:00,1.17278,1.17353,1.17264,1.17346,2404,0,0
2026-05-08 05:00:00,1.17347,1.17381,1.17324,1.17366,2719,0,0
2026-05-08 06:00:00,1.17366,1.17477,1.17365,1.17439,4432,0,0
2026-05-08 07:00:00,1.17439,1.17474,1.17413,1.17425,4883,0,0
2026-05-08 08:00:00,1.17425,1.17653,1.17415,1.17633,4945,0,0
2026-05-08 09:00:00,1.17633,1.1773,1.17627,1.17684,4533,0,0
2026-05-08 10:00:00,1.17684,1.1772,1.17608,1.17635,3382,0,0
2026-05-08 11:00:00,1.17634,1.17684,1.17614,1.17647,4147,0,0
2026-05-08 12:00:00,1.17648,1.17781,1.17572,1.17735,7781,0,0
2026-05-08 13:00:00,1.17735,1.17865,1.17659,1.17782,7728,0,0
2026-05-08 14:00:00,1.17783,1.17792,1.17666,1.17739,7409,0,0
2026-05-08 15:00:00,1.17738,1.1778,1.17663,1.17723,6341,0,0
2026-05-08 16:00:00,1.17722,1.1778,1.17702,1.17706,3802,0,0
2026-05-08 17:00:00,1.17707,1.17758,1.17701,1.17716,3121,0,0
2026-05-08 18:00:00,1.17716,1.17811,1.17702,1.1778,3882,0,0
2026-05-08 19:00:00,1.1778,1.17827,1.17761,1.17797,3400,0,0
2026-05-08 20:00:00,1.17797,1.17871,1.17783,1.17846,1748,0,0
2026-05-10 21:00:00,1.17455,1.17667,1.17447,1.17586,519,0,0
2026-05-10 22:00:00,1.17562,1.17641,1.17562,1.17633,1637,0,0
2026-05-10 23:00:00,1.17633,1.17695,1.17631,1.17667,1632,0,0
2026-05-11 00:00:00,1.17666,1.17715,1.1765,1.17695,3221,0,0
2026-05-11 01:00:00,1.17695,1.17706,1.17611,1.17624,3752,0,0
2026-05-11 02:00:00,1.17624,1.17658,1.17584,1.17587,2398,0,0
2026-05-11 03:00:00,1.17587,1.17588,1.17557,1.17561,1934,0,0
2026-05-11 04:00:00,1.17561,1.17569,1.17497,1.17501,1561,0,0
2026-05-11 05:00:00,1.17501,1.17542,1.17482,1.17496,2045,0,0
2026-05-11 06:00:00,1.17494,1.17675,1.17494,1.1767,3778,0,0
2026-05-11 07:00:00,1.1767,1.17741,1.17642,1.17715,3863,0,0
2026-05-11 08:00:00,1.17715,1.17816,1.17708,1.17708,4051,0,0
2026-05-11 09:00:00,1.17708,1.1774,1.17668,1.17668,3245,0,0
2026-05-11 10:00:00,1.17668,1.17735,1.17641,1.17685,3468,0,0
2026-05-11 11:00:00,1.17685,1.17741,1.1763,1.17677,4327,0,0
2026-05-11 12:00:00,1.17677,1.1774,1.17638,1.17739,5178,0,0
2026-05-11 13:00:00,1.17742,1.17872,1.17737,1.17848,5961,0,0
2026-05-11 14:00:00,1.17847,1.17873,1.17784,1.17789,6418,0,0
2026-05-11 15:00:00,1.17789,1.17849,1.17762,1.17793,5308,0,0
2026-05-11 16:00:00,1.17793,1.17799,1.17716,1.17729,4107,0,0
2026-05-11 17:00:00,1.17728,1.17781,1.17703,1.17774,3490,0,0
2026-05-11 18:00:00,1.17774,1.17799,1.17739,1.17744,2724,0,0
2026-05-11 19:00:00,1.17744,1.17773,1.17738,1.17768,2878,0,0
2026-05-11 20:00:00,1.17768,1.17824,1.17734,1.17811,1374,0,0
2026-05-11 21:00:00,1.1777,1.17833,1.17764,1.17833,316,0,0
2026-05-11 22:00:00,1.17833,1.17873,1.1781,1.17847,506,0,0
2026-05-11 23:00:00,1.17847,1.17849,1.17767,1.1778,960,0,0
2026-05-12 00:00:00,1.17779,1.17779,1.17657,1.17665,2780,0,0
2026-05-12 01:00:00,1.17665,1.17685,1.17571,1.17609,4861,0,0
2026-05-12 02:00:00,1.17609,1.17641,1.17588,1.1762,2933,0,0
2026-05-12 03:00:00,1.1762,1.17626,1.17541,1.17558,2164,0,0
2026-05-12 04:00:00,1.17558,1.17592,1.17549,1.17566,2218,0,0
2026-05-12 05:00:00,1.17565,1.17672,1.17517,1.17618,3539,0,0
2026-05-12 06:00:00,1.17616,1.17654,1.17493,1.17499,5281,0,0
2026-05-12 07:00:00,1.17498,1.17529,1.17429,1.17473,5338,0,0
2026-05-12 08:00:00,1.17473,1.17499,1.17389,1.17442,5538,0,0
2026-05-12 09:00:00,1.1744,1.17511,1.17432,1.1747,5238,0,0
2026-05-12 10:00:00,1.17469,1.17486,1.17399,1.17402,3870,0,0
2026-05-12 11:00:00,1.17402,1.17478,1.17344,1.17433,4791,0,0
2026-05-12 12:00:00,1.17432,1.17494,1.17356,1.1747,6972,0,0
2026-05-12 13:00:00,1.1747,1.17495,1.17264,1.17294,7530,0,0
2026-05-12 14:00:00,1.17294,1.17356,1.17273,1.17355,7579,0,0
2026-05-12 15:00:00,1.17356,1.17361,1.17212,1.17321,7263,0,0
2026-05-12 16:00:00,1.1732,1.17381,1.17273,1.17278,5207,0,0
2026-05-12 17:00:00,1.17278,1.17331,1.17267,1.17327,4290,0,0
2026-05-12 18:00:00,1.17328,1.17407,1.17283,1.17399,4045,0,0
2026-05-12 19:00:00,1.174,1.17463,1.17392,1.17396,3446,0,0
2026-05-12 20:00:00,1.17396,1.17405,1.17368,1.1739,1309,0,0
2026-05-12 21:00:00,1.17323,1.17394,1.17314,1.17364,366,0,0
2026-05-12 22:00:00,1.17364,1.17397,1.17355,1.17388,488,0,0
2026-05-12 23:00:00,1.17388,1.17407,1.1734,1.17345,1004,0,0
2026-05-13 00:00:00,1.17345,1.17381,1.17324,1.17376,2915,0,0
2026-05-13 01:00:00,1.17376,1.17412,1.17314,1.17381,3320,0,0
2026-05-13 02:00:00,1.17382,1.17411,1.17357,1.17365,2098,0,0
2026-05-13 03:00:00,1.17365,1.17372,1.1732,1.17338,2154,0,0
2026-05-13 04:00:00,1.17338,1.17346,1.17316,1.17339,1378,0,0
2026-05-13 05:00:00,1.17339,1.17365,1.1732,1.17336,1970,0,0
2026-05-13 06:00:00,1.17335,1.17337,1.17175,1.17194,3347,0,0
2026-05-13 07:00:00,1.17195,1.17227,1.17065,1.17066,4211,0,0
2026-05-13 08:00:00,1.17066,1.17111,1.16997,1.17021,4081,0,0
2026-05-13 09:00:00,1.17024,1.17063,1.16949,1.17057,4118,0,0
2026-05-13 10:00:00,1.17057,1.1714,1.17015,1.17122,4623,0,0
2026-05-13 11:00:00,1.17122,1.17167,1.17108,1.17115,3643,0,0
2026-05-13 12:00:00,1.17115,1.17156,1.16967,1.17012,6166,0,0
2026-05-13 13:00:00,1.17013,1.17118,1.17004,1.17096,6041,0,0
2026-05-13 14:00:00,1.17096,1.1712,1.17024,1.17071,6400,0,0
2026-05-13 15:00:00,1.17071,1.17157,1.17068,1.17105,5090,0,0
2026-05-13 16:00:00,1.17104,1.17174,1.17074,1.1708,4390,0,0
2026-05-13 17:00:00,1.1708,1.17103,1.17035,1.17035,3189,0,0
2026-05-13 18:00:00,1.17037,1.17101,1.17035,1.17071,4205,0,0
2026-05-13 19:00:00,1.17072,1.17125,1.1707,1.1709,3406,0,0
2026-05-13 20:00:00,1.17091,1.17129,1.17082,1.17127,1297,0,0
2026-05-13 21:00:00,1.17056,1.17144,1.17056,1.17125,153,0,0
2026-05-13 22:00:00,1.17125,1.17182,1.17125,1.17171,545,0,0
2026-05-13 23:00:00,1.1717,1.17179,1.17148,1.17152,1193,0,0
2026-05-14 00:00:00,1.17154,1.1718,1.17136,1.17165,2742,0,0
2026-05-14 01:00:00,1.17165,1.1717,1.1712,1.17132,3064,0,0
2026-05-14 02:00:00,1.17132,1.17148,1.1711,1.17117,2548,0,0
2026-05-14 03:00:00,1.17117,1.17147,1.17091,1.17118,2373,0,0
2026-05-14 04:00:00,1.17117,1.17168,1.1711,1.17139,2311,0,0
2026-05-14 05:00:00,1.17138,1.17154,1.17095,1.17098,3317,0,0
2026-05-14 06:00:00,1.17097,1.17209,1.17062,1.17175,4297,0,0
2026-05-14 07:00:00,1.17178,1.1718,1.17054,1.1707,4889,0,0
2026-05-14 08:00:00,1.17068,1.17133,1.17042,1.17104,4303,0,0
2026-05-14 09:00:00,1.17104,1.17125,1.1705,1.17068,3670,0,0
2026-05-14 10:00:00,1.17068,1.17123,1.17042,1.17081,4213,0,0
2026-05-14 11:00:00,1.1708,1.17084,1.1699,1.16992,3933,0,0
2026-05-14 12:00:00,1.16991,1.1705,1.16957,1.16967,5071,0,0
2026-05-14 13:00:00,1.16966,1.16991,1.1685,1.16892,6872,0,0
2026-05-14 14:00:00,1.16892,1.16995,1.1678,1.16781,7500,0,0
2026-05-14 15:00:00,1.16782,1.16805,1.16709,1.16768,6200,0,0
2026-05-14 16:00:00,1.16767,1.1681,1.16702,1.16757,5058,0,0
2026-05-14 17:00:00,1.16759,1.16802,1.16753,1.16773,3849,0,0
2026-05-14 18:00:00,1.16773,1.16779,1.16732,1.16769,3566,0,0
2026-05-14 19:00:00,1.16769,1.16785,1.16681,1.16703,3415,0,0
2026-05-14 20:00:00,1.16704,1.16715,1.16652,1.16677,1540,0,0
2026-05-14 21:00:00,1.16668,1.16717,1.16648,1.16683,329,0,0
2026-05-14 22:00:00,1.16683,1.16706,1.16671,1.16691,579,0,0
2026-05-14 23:00:00,1.1669,1.16692,1.16608,1.16614,1590,0,0
2026-05-15 00:00:00,1.16613,1.1663,1.16517,1.16548,3815,0,0
2026-05-15 01:00:00,1.16549,1.1656,1.16455,1.16464,4763,0,0
2026-05-15 02:00:00,1.16463,1.16569,1.16451,1.16529,3355,0,0
2026-05-15 03:00:00,1.16529,1.16545,1.16494,1.16515,2555,0,0
2026-05-15 04:00:00,1.16514,1.16521,1.16459,1.16466,2328,0,0
2026-05-15 05:00:00,1.16467,1.16475,1.16321,1.16322,4970,0,0
2026-05-15 06:00:00,1.16321,1.1643,1.1632,1.16344,6480,0,0
2026-05-15 07:00:00,1.16344,1.16484,1.16313,1.1636,5677,0,0
2026-05-15 08:00:00,1.16373,1.16378,1.16298,1.16322,5866,0,0
2026-05-15 09:00:00,1.16324,1.1633,1.16167,1.16274,6433,0,0
2026-05-15 10:00:00,1.16275,1.16549,1.16267,1.16486,7349,0,0
2026-05-15 11:00:00,1.16486,1.16495,1.16286,1.16311,5738,0,0
2026-05-15 12:00:00,1.1631,1.16315,1.16182,1.16257,5862,0,0
2026-05-15 13:00:00,1.16257,1.16317,1.16184,1.16228,7433,0,0
2026-05-15 14:00:00,1.16229,1.16373,1.16209,1.16289,8310,0,0
2026-05-15 15:00:00,1.16289,1.16305,1.16201,1.16259,6732,0,0
2026-05-15 16:00:00,1.16259,1.16308,1.16225,1.16295,4787,0,0
2026-05-15 17:00:00,1.16293,1.16351,1.16262,1.16263,3758,0,0
2026-05-15 18:00:00,1.16263,1.16266,1.16163,1.16213,4543,0,0
2026-05-15 19:00:00,1.16213,1.16226,1.16186,1.16207,3510,0,0
2026-05-15 20:00:00,1.16209,1.16249,1.16188,1.16241,1807,0,0
2026-05-17 21:00:00,1.16172,1.1621,1.16141,1.1619,221,0,0
2026-05-17 22:00:00,1.1619,1.1624,1.16183,1.16224,1535,0,0
2026-05-17 23:00:00,1.16224,1.1623,1.16114,1.16131,2775,0,0
2026-05-18 00:00:00,1.16131,1.16205,1.16078,1.16111,5717,0,0
2026-05-18 01:00:00,1.1611,1.16184,1.16079,1.16169,5922,0,0
2026-05-18 02:00:00,1.16166,1.16191,1.16126,1.16151,3811,0,0
2026-05-18 03:00:00,1.16151,1.16221,1.16148,1.16213,3211,0,0
2026-05-18 04:00:00,1.16214,1.16257,1.16184,1.16202,2828,0,0
2026-05-18 05:00:00,1.16201,1.16227,1.16162,1.16226,3399,0,0
2026-05-18 06:00:00,1.16226,1.1636,1.16213,1.16352,4858,0,0
2026-05-18 07:00:00,1.16352,1.16396,1.16309,1.16314,5099,0,0
2026-05-18 08:00:00,1.16314,1.16447,1.16284,1.16411,5006,0,0
2026-05-18 09:00:00,1.16409,1.16421,1.16345,1.16345,4329,0,0
2026-05-18 10:00:00,1.16346,1.16363,1.16258,1.16264,3764,0,0
2026-05-18 11:00:00,1.16263,1.16491,1.1626,1.16411,6480,0,0
2026-05-18 12:00:00,1.16412,1.16568,1.16404,1.16508,6858,0,0
2026-05-18 13:00:00,1.16508,1.16555,1.16433,1.16506,7732,0,0
2026-05-18 14:00:00,1.16507,1.16527,1.16408,1.16414,7974,0,0
2026-05-18 15:00:00,1.16414,1.16525,1.16328,1.16479,7690,0,0
2026-05-18 16:00:00,1.1648,1.16556,1.16434,1.16509,6225,0,0
2026-05-18 17:00:00,1.1651,1.16529,1.16476,1.16476,4016,0,0
2026-05-18 18:00:00,1.16476,1.16483,1.16281,1.16287,5193,0,0
2026-05-18 19:00:00,1.16287,1.16558,1.16286,1.16504,7788,0,0
2026-05-18 20:00:00,1.16505,1.16601,1.16505,1.16543,1674,0,0
2026-05-18 21:00:00,1.16552,1.16588,1.1649,1.16562,350,0,0
2026-05-18 22:00:00,1.16563,1.16615,1.16554,1.16572,597,0,0
2026-05-18 23:00:00,1.16572,1.1658,1.1654,1.16542,1711,0,0
2026-05-19 00:00:00,1.16543,1.16554,1.16432,1.16439,4585,0,0
2026-05-19 01:00:00,1.16439,1.16522,1.16426,1.16458,4176,0,0
2026-05-19 02:00:00,1.16458,1.16466,1.16402,1.16427,3810,0,0
2026-05-19 03:00:00,1.16426,1.16451,1.16401,1.16405,2883,0,0
2026-05-19 04:00:00,1.16406,1.16426,1.16347,1.1636,2608,0,0
2026-05-19 05:00:00,1.1636,1.16425,1.16332,1.16415,3362,0,0
2026-05-19 06:00:00,1.16415,1.16451,1.16353,1.1636,4776,0,0
2026-05-19 07:00:00,1.16361,1.1637,1.16294,1.16343,5327,0,0
2026-05-19 08:00:00,1.16343,1.16355,1.16217,1.16228,5593,0,0
2026-05-19 09:00:00,1.16228,1.16228,1.16143,1.16188,5161,0,0
2026-05-19 10:00:00,1.16188,1.16261,1.16105,1.16215,5459,0,0
2026-05-19 11:00:00,1.16214,1.1622,1.16158,1.1616,5085,0,0
2026-05-19 12:00:00,1.1616,1.16234,1.16145,1.16162,6036,0,0
2026-05-19 13:00:00,1.16159,1.16174,1.1601,1.16133,8613,0,0
2026-05-19 14:00:00,1.16131,1.16163,1.15943,1.15951,9409,0,0
2026-05-19 15:00:00,1.1595,1.16024,1.15916,1.16014,6512,0,0
2026-05-19 16:00:00,1.16014,1.16088,1.15952,1.16065,5582,0,0
2026-05-19 17:00:00,1.16064,1.16116,1.16061,1.161,3787,0,0
2026-05-19 18:00:00,1.16101,1.16141,1.16022,1.16028,4739,0,0
2026-05-19 19:00:00,1.16027,1.16075,1.16021,1.16057,3698,0,0
2026-05-19 20:00:00,1.16059,1.16062,1.16028,1.16053,1223,0,0
2026-05-19 21:00:00,1.16021,1.16073,1.15995,1.16058,273,0,0
2026-05-19 22:00:00,1.1606,1.16083,1.16038,1.16082,690,0,0
2026-05-19 23:00:00,1.16082,1.16124,1.16058,1.16062,1349,0,0
2026-05-20 00:00:00,1.16062,1.16101,1.16003,1.16007,4333,0,0
2026-05-20 01:00:00,1.16008,1.16022,1.1593,1.15965,5118,0,0
2026-05-20 02:00:00,1.15966,1.16024,1.15939,1.15973,4173,0,0
2026-05-20 03:00:00,1.15973,1.16049,1.15948,1.16016,3397,0,0
2026-05-20 04:00:00,1.16017,1.16062,1.15964,1.15968,3016,0,0
2026-05-20 05:00:00,1.15967,1.16009,1.15912,1.15948,3376,0,0
2026-05-20 06:00:00,1.15947,1.16054,1.15926,1.1596,5141,0,0
2026-05-20 07:00:00,1.1596,1.16009,1.15914,1.15926,5044,0,0
2026-05-20 08:00:00,1.15926,1.15946,1.1583,1.15898,5558,0,0
2026-05-20 09:00:00,1.15898,1.15939,1.15875,1.15876,3695,0,0
2026-05-20 10:00:00,1.15876,1.16023,1.15868,1.16005,3525,0,0
2026-05-20 11:00:00,1.16004,1.1605,1.15956,1.16003,4091,0,0
2026-05-20 12:00:00,1.16003,1.16038,1.15932,1.15948,4774,0,0
2026-05-20 13:00:00,1.15948,1.15965,1.15885,1.15904,6023,0,0
2026-05-20 14:00:00,1.15904,1.16235,1.15821,1.16176,11504,0,0
2026-05-20 15:00:00,1.16176,1.16446,1.16124,1.16186,9955,0,0
2026-05-20 16:00:00,1.16186,1.16302,1.16182,1.1625,7120,0,0
2026-05-20 17:00:00,1.1625,1.16265,1.16176,1.16176,5698,0,0
2026-05-20 18:00:00,1.16177,1.16352,1.16154,1.16302,5043,0,0
2026-05-20 19:00:00,1.16304,1.1635,1.1627,1.16273,3781,0,0
2026-05-20 20:00:00,1.16273,1.16279,1.16225,1.16244,2158,0,0
2026-05-20 21:00:00,1.16208,1.16241,1.16201,1.16214,271,0,0
2026-05-20 22:00:00,1.16214,1.16274,1.16214,1.16257,884,0,0
2026-05-20 23:00:00,1.16258,1.1627,1.16224,1.16243,1269,0,0
2026-05-21 00:00:00,1.16243,1.16285,1.16218,1.16279,3597,0,0
2026-05-21 01:00:00,1.1628,1.16347,1.16223,1.16255,3824,0,0
2026-05-21 02:00:00,1.16255,1.1628,1.16152,1.16171,3404,0,0
2026-05-21 03:00:00,1.16171,1.16221,1.16169,1.16185,2301,0,0
2026-05-21 04:00:00,1.16184,1.1623,1.16178,1.16216,1836,0,0
2026-05-21 05:00:00,1.16216,1.16229,1.16173,1.16213,3093,0,0
2026-05-21 06:00:00,1.16213,1.16262,1.1615,1.16196,4662,0,0
2026-05-21 07:00:00,1.16196,1.16204,1.15935,1.16069,9197,0,0
2026-05-21 08:00:00,1.16069,1.16349,1.16057,1.1623,7287,0,0
2026-05-21 09:00:00,1.16229,1.16329,1.16202,1.16268,4945,0,0
2026-05-21 10:00:00,1.16268,1.16297,1.15993,1.16068,7229,0,0
2026-05-21 11:00:00,1.16069,1.16154,1.15953,1.15984,5339,0,0
2026-05-21 12:00:00,1.15984,1.16085,1.15927,1.15966,6802,0,0
2026-05-21 13:00:00,1.15967,1.16005,1.15757,1.15941,8368,0,0
2026-05-21 14:00:00,1.15941,1.1596,1.15837,1.15923,9070,0,0
2026-05-21 15:00:00,1.15923,1.15933,1.15817,1.15878,6941,0,0
2026-05-21 16:00:00,1.15878,1.15958,1.1584,1.15948,5326,0,0
2026-05-21 17:00:00,1.15947,1.16294,1.15922,1.16242,9479,0,0
2026-05-21 18:00:00,1.16243,1.16294,1.16067,1.16108,7510,0,0
2026-05-21 19:00:00,1.16108,1.16237,1.16091,1.16207,5342,0,0
2026-05-21 20:00:00,1.16208,1.16224,1.16152,1.16164,1749,0,0
2026-05-21 21:00:00,1.16178,1.16193,1.161,1.16164,221,0,0
2026-05-21 22:00:00,1.16164,1.16189,1.16146,1.16169,660,0,0
2026-05-21 23:00:00,1.16169,1.16185,1.16154,1.16172,1002,0,0
2026-05-22 00:00:00,1.16172,1.16174,1.16118,1.16139,2932,0,0
2026-05-22 01:00:00,1.16139,1.16152,1.16093,1.16094,2948,0,0
2026-05-22 02:00:00,1.16094,1.16138,1.16091,1.16112,1917,0,0
2026-05-22 03:00:00,1.16112,1.16125,1.16081,1.16114,1616,0,0
2026-05-22 04:00:00,1.16114,1.1615,1.16107,1.16147,1218,0,0
2026-05-22 05:00:00,1.16146,1.16164,1.16066,1.16086,2193,0,0
2026-05-22 06:00:00,1.16087,1.16138,1.16047,1.16092,4258,0,0
2026-05-22 07:00:00,1.16092,1.16092,1.16008,1.16079,4022,0,0
2026-05-22 08:00:00,1.16078,1.16153,1.16028,1.16073,4766,0,0
2026-05-22 09:00:00,1.16072,1.16075,1.15956,1.16036,4013,0,0
2026-05-22 10:00:00,1.16035,1.16073,1.15946,1.15968,3650,0,0
2026-05-22 11:00:00,1.15969,1.16016,1.15927,1.15959,3955,0,0
2026-05-22 12:00:00,1.15959,1.16066,1.15938,1.16039,5890,0,0
2026-05-22 13:00:00,1.16037,1.16179,1.15989,1.16033,7316,0,0
2026-05-22 14:00:00,1.16032,1.16035,1.15877,1.15972,7510,0,0
2026-05-22 15:00:00,1.15973,1.1605,1.15952,1.16022,5790,0,0
2026-05-22 16:00:00,1.16022,1.16106,1.1599,1.16106,4524,0,0
2026-05-22 17:00:00,1.16107,1.16185,1.16081,1.16128,5604,0,0
2026-05-22 18:00:00,1.16129,1.1615,1.16087,1.16112,3644,0,0
2026-05-22 19:00:00,1.16112,1.16133,1.16046,1.16053,3084,0,0
2026-05-22 20:00:00,1.16053,1.16061,1.15971,1.1601,1403,0,0
2026-05-24 21:00:00,1.16366,1.16381,1.16282,1.16295,408,0,0
2026-05-24 22:00:00,1.16293,1.16444,1.16282,1.16426,2019,0,0
2026-05-24 23:00:00,1.16427,1.16456,1.16408,1.16413,2039,0,0
2026-05-25 00:00:00,1.16413,1.16485,1.16347,1.16361,3321,0,0
2026-05-25 01:00:00,1.16361,1.16465,1.1635,1.16386,3641,0,0
2026-05-25 02:00:00,1.16385,1.1642,1.16362,1.16371,2216,0,0
2026-05-25 03:00:00,1.16371,1.16392,1.16354,1.16368,2377,0,0
2026-05-25 04:00:00,1.16367,1.16432,1.1635,1.16414,1842,0,0
2026-05-25 05:00:00,1.16415,1.16447,1.16374,1.16386,2107,0,0
2026-05-25 06:00:00,1.16385,1.16442,1.1637,1.16403,3255,0,0
2026-05-25 07:00:00,1.16403,1.16413,1.16291,1.16368,4357,0,0
2026-05-25 08:00:00,1.16369,1.16438,1.16324,1.16431,3468,0,0
2026-05-25 09:00:00,1.16431,1.16447,1.16397,1.16409,2103,0,0
2026-05-25 10:00:00,1.16409,1.16437,1.16407,1.16422,2147,0,0
2026-05-25 11:00:00,1.16424,1.16502,1.16398,1.16433,2853,0,0
2026-05-25 12:00:00,1.16434,1.16523,1.1642,1.16477,3399,0,0
2026-05-25 13:00:00,1.16477,1.16492,1.16382,1.16382,3300,0,0
2026-05-25 14:00:00,1.16383,1.16458,1.16378,1.16414,3017,0,0
2026-05-25 15:00:00,1.16414,1.16477,1.1639,1.16416,3192,0,0
2026-05-25 16:00:00,1.16416,1.16422,1.16361,1.16406,2520,0,0
2026-05-25 17:00:00,1.16405,1.16437,1.16398,1.16428,1499,0,0
2026-05-25 18:00:00,1.16427,1.16433,1.16409,1.16431,1515,0,0
2026-05-25 19:00:00,1.16429,1.16432,1.16412,1.16417,1317,0,0
2026-05-25 20:00:00,1.16415,1.1643,1.16406,1.16428,965,0,0
2026-05-25 21:00:00,1.16391,1.1641,1.16322,1.16372,364,0,0
2026-05-25 22:00:00,1.16372,1.16419,1.16365,1.16402,865,0,0
2026-05-25 23:00:00,1.16402,1.16426,1.16351,1.16353,1434,0,0
2026-05-26 00:00:00,1.16353,1.16393,1.16333,1.16382,3669,0,0
2026-05-26 01:00:00,1.16381,1.16393,1.16298,1.16333,3444,0,0
2026-05-26 02:00:00,1.16333,1.16346,1.16306,1.16334,2229,0,0
2026-05-26 03:00:00,1.16334,1.16367,1.16331,1.16354,1564,0,0
2026-05-26 04:00:00,1.16355,1.16355,1.16288,1.16291,1345,0,0
2026-05-26 05:00:00,1.16291,1.16302,1.16268,1.16274,2320,0,0
2026-05-26 06:00:00,1.16275,1.1637,1.16266,1.16346,3605,0,0
2026-05-26 07:00:00,1.16347,1.16398,1.16234,1.16364,4893,0,0
2026-05-26 08:00:00,1.16363,1.16415,1.16338,1.16358,4533,0,0
2026-05-26 09:00:00,1.16358,1.16435,1.16321,1.16422,3949,0,0
2026-05-26 10:00:00,1.16421,1.16445,1.16371,1.16409,3984,0,0
2026-05-26 11:00:00,1.16409,1.16443,1.16329,1.16342,4078,0,0
2026-05-26 12:00:00,1.16341,1.16361,1.16307,1.16314,4071,0,0
2026-05-26 13:00:00,1.16314,1.16325,1.16167,1.16251,6017,0,0
2026-05-26 14:00:00,1.16251,1.16293,1.16207,1.16245,6542,0,0
2026-05-26 15:00:00,1.16245,1.16253,1.16158,1.16189,5508,0,0
2026-05-26 16:00:00,1.16188,1.16292,1.16188,1.16234,3534,0,0
2026-05-26 17:00:00,1.16234,1.16271,1.16207,1.16234,2876,0,0
2026-05-26 18:00:00,1.16235,1.16304,1.16229,1.16289,2545,0,0
2026-05-26 19:00:00,1.1629,1.1632,1.16268,1.16314,2495,0,0
2026-05-26 20:00:00,1.16314,1.16324,1.16297,1.16305,1122,0,0
2026-05-26 21:00:00,1.1624,1.16305,1.16205,1.16287,710,0,0
2026-05-26 22:00:00,1.16287,1.16329,1.16286,1.16328,539,0,0
2026-05-26 23:00:00,1.16328,1.16394,1.16325,1.16359,1128,0,0
2026-05-27 00:00:00,1.16359,1.164,1.16356,1.16375,2881,0,0
2026-05-27 01:00:00,1.16374,1.16388,1.16322,1.16334,3068,0,0
2026-05-27 02:00:00,1.16335,1.1638,1.16332,1.16378,2776,0,0
2026-05-27 03:00:00,1.16378,1.16419,1.16362,1.16381,1992,0,0
2026-05-27 04:00:00,1.16381,1.16418,1.16377,1.16407,1692,0,0
2026-05-27 05:00:00,1.16407,1.1644,1.16382,1.1639,2687,0,0
2026-05-27 06:00:00,1.1639,1.16487,1.16367,1.16449,4195,0,0
2026-05-27 07:00:00,1.1645,1.16483,1.16396,1.16399,4582,0,0
2026-05-27 08:00:00,1.16402,1.16467,1.16377,1.16443,4204,0,0
2026-05-27 09:00:00,1.16442,1.1648,1.16418,1.1644,3570,0,0
2026-05-27 10:00:00,1.16441,1.16441,1.16354,1.16385,3585,0,0
2026-05-27 11:00:00,1.16386,1.16413,1.16324,1.16371,4628,0,0
2026-05-27 12:00:00,1.1637,1.16608,1.1634,1.16432,9176,0,0
2026-05-27 13:00:00,1.16432,1.16475,1.16371,1.16408,8061,0,0
2026-05-27 14:00:00,1.16408,1.16517,1.16243,1.16248,8902,0,0
2026-05-27 15:00:00,1.1625,1.16358,1.16218,1.16296,7145,0,0
2026-05-27 16:00:00,1.16297,1.16323,1.16236,1.16316,4783,0,0
2026-05-27 17:00:00,1.16316,1.16324,1.16217,1.16268,4321,0,0
2026-05-27 18:00:00,1.16268,1.16298,1.1622,1.16289,3365,0,0
2026-05-27 19:00:00,1.16289,1.16315,1.16263,1.16282,2365,0,0
2026-05-27 20:00:00,1.16283,1.16301,1.16249,1.16249,1119,0,0
2026-05-27 21:00:00,1.16242,1.16294,1.16233,1.16262,483,0,0
2026-05-27 22:00:00,1.16262,1.16298,1.1625,1.16254,795,0,0
2026-05-27 23:00:00,1.16255,1.16281,1.16154,1.1617,1891,0,0
2026-05-28 00:00:00,1.1617,1.1623,1.1616,1.16201,3377,0,0
2026-05-28 01:00:00,1.16202,1.16207,1.16087,1.16093,3331,0,0
2026-05-28 02:00:00,1.16095,1.16147,1.16089,1.16121,2432,0,0
2026-05-28 03:00:00,1.1612,1.16132,1.15865,1.15866,4299,0,0
2026-05-28 04:00:00,1.15866,1.15922,1.15856,1.15912,3440,0,0
2026-05-28 05:00:00,1.15913,1.16015,1.15884,1.15986,3951,0,0
2026-05-28 06:00:00,1.15986,1.16116,1.1598,1.16096,4294,0,0
2026-05-28 07:00:00,1.16096,1.16171,1.16095,1.16111,5397,0,0
2026-05-28 08:00:00,1.16112,1.16163,1.16061,1.1615,3975,0,0
2026-05-28 09:00:00,1.1615,1.16186,1.16123,1.16125,3551,0,0
2026-05-28 10:00:00,1.16125,1.1615,1.16031,1.16031,4013,0,0
2026-05-28 11:00:00,1.1603,1.16222,1.16029,1.16165,4033,0,0
2026-05-28 12:00:00,1.16163,1.16376,1.16151,1.16358,6451,0,0
2026-05-28 13:00:00,1.16361,1.16426,1.16286,1.16301,6733,0,0
2026-05-28 14:00:00,1.16301,1.16573,1.16264,1.1647,10591,0,0
2026-05-28 15:00:00,1.16474,1.16562,1.1647,1.16475,6184,0,0
2026-05-28 16:00:00,1.16475,1.16607,1.16449,1.16562,5540,0,0
2026-05-28 17:00:00,1.16563,1.16569,1.16503,1.16528,3606,0,0
2026-05-28 18:00:00,1.16528,1.16548,1.1646,1.16474,4324,0,0
2026-05-28 19:00:00,1.16473,1.16511,1.16459,1.16472,2941,0,0
2026-05-28 20:00:00,1.1647,1.1649,1.16444,1.16489,1221,0,0
2026-05-28 21:00:00,1.16483,1.16516,1.16468,1.16492,220,0,0
2026-05-28 22:00:00,1.16492,1.16516,1.16481,1.16497,659,0,0
2026-05-28 23:00:00,1.16496,1.16526,1.16496,1.16519,1141,0,0
2026-05-29 00:00:00,1.16519,1.16551,1.16469,1.16481,2761,0,0
2026-05-29 01:00:00,1.16481,1.1656,1.16428,1.1644,3586,0,0
2026-05-29 02:00:00,1.16441,1.16487,1.16429,1.16442,2390,0,0
2026-05-29 03:00:00,1.16443,1.16445,1.16355,1.16366,2766,0,0
2026-05-29 04:00:00,1.16367,1.16387,1.16337,1.16386,2252,0,0
2026-05-29 05:00:00,1.16386,1.16431,1.16376,1.16415,2244,0,0
2026-05-29 06:00:00,1.16415,1.16539,1.16415,1.16528,4187,0,0
2026-05-29 07:00:00,1.16528,1.16528,1.16372,1.16416,4606,0,0
2026-05-29 08:00:00,1.16415,1.16415,1.16244,1.16275,5323,0,0
2026-05-29 09:00:00,1.16275,1.16422,1.1626,1.16411,4980,0,0
2026-05-29 10:00:00,1.1641,1.16447,1.16373,1.16425,3911,0,0
2026-05-29 11:00:00,1.16425,1.16478,1.16394,1.16472,4450,0,0
2026-05-29 12:00:00,1.16473,1.16486,1.16408,1.16483,4404,0,0
2026-05-29 13:00:00,1.16484,1.16526,1.16443,1.16467,5659,0,0
2026-05-29 14:00:00,1.16468,1.1674,1.16399,1.1668,8669,0,0
2026-05-29 15:00:00,1.1668,1.16852,1.16668,1.16775,8663,0,0
2026-05-29 16:00:00,1.16775,1.16786,1.16661,1.16714,5104,0,0
2026-05-29 17:00:00,1.16714,1.16728,1.16615,1.16619,3982,0,0
2026-05-29 18:00:00,1.16617,1.16681,1.166,1.16637,4333,0,0
2026-05-29 19:00:00,1.16636,1.16689,1.16631,1.16641,3909,0,0
2026-05-29 20:00:00,1.16641,1.16644,1.16573,1.16589,1779,0,0
2026-05-31 21:00:00,1.16522,1.16582,1.16513,1.16572,192,0,0
2026-05-31 22:00:00,1.16572,1.16582,1.16506,1.16538,1763,0,0
2026-05-31 23:00:00,1.16538,1.16552,1.16478,1.16479,3626,0,0
2026-06-01 00:00:00,1.16479,1.1653,1.16444,1.16472,4667,0,0
2026-06-01 01:00:00,1.16471,1.16476,1.16414,1.16443,2783,0,0
2026-06-01 02:00:00,1.16443,1.16463,1.1643,1.16457,1958,0,0
2026-06-01 03:00:00,1.16458,1.16484,1.1641,1.16433,2172,0,0
2026-06-01 04:00:00,1.16432,1.16479,1.16428,1.16475,1499,0,0
2026-06-01 05:00:00,1.16476,1.16528,1.16474,1.16508,2173,0,0
2026-06-01 06:00:00,1.16507,1.16643,1.16495,1.16641,4621,0,0
2026-06-01 07:00:00,1.1664,1.16643,1.16511,1.16562,4240,0,0
2026-06-01 08:00:00,1.16561,1.16596,1.16528,1.16573,3648,0,0
2026-06-01 09:00:00,1.16571,1.16601,1.16476,1.16502,4043,0,0
2026-06-01 10:00:00,1.16503,1.16505,1.16456,1.1647,3205,0,0
2026-06-01 11:00:00,1.16469,1.16477,1.16411,1.16456,3725,0,0
2026-06-01 12:00:00,1.16457,1.16499,1.16445,1.16467,4888,0,0
2026-06-01 13:00:00,1.16467,1.16477,1.16095,1.16095,10137,0,0
2026-06-01 14:00:00,1.16094,1.16178,1.16062,1.16169,8125,0,0
2026-06-01 15:00:00,1.1617,1.16283,1.16146,1.16225,6590,0,0
2026-06-01 16:00:00,1.16225,1.16299,1.16158,1.16293,4868,0,0
2026-06-01 17:00:00,1.16293,1.16372,1.16245,1.16341,4486,0,0
2026-06-01 18:00:00,1.16341,1.16348,1.16301,1.16303,2714,0,0
2026-06-01 19:00:00,1.16303,1.16334,1.1626,1.16312,3014,0,0
2026-06-01 20:00:00,1.16312,1.16333,1.16299,1.1631,1277,0,0
2026-06-01 21:00:00,1.16268,1.16346,1.16253,1.16308,399,0,0
2026-06-01 22:00:00,1.16307,1.16337,1.16306,1.16333,707,0,0
2026-06-01 23:00:00,1.16334,1.16357,1.16323,1.16348,973,0,0
2026-06-02 00:00:00,1.16347,1.1635,1.16287,1.16308,2953,0,0
2026-06-02 01:00:00,1.16308,1.16364,1.1628,1.16301,2977,0,0
2026-06-02 02:00:00,1.16301,1.1634,1.16297,1.16303,2130,0,0
2026-06-02 03:00:00,1.16304,1.16347,1.16302,1.16337,1937,0,0
2026-06-02 04:00:00,1.16336,1.16383,1.16335,1.16373,1641,0,0
2026-06-02 05:00:00,1.16373,1.16392,1.16356,1.16365,1778,0,0
2026-06-02 06:00:00,1.16365,1.16516,1.16365,1.16501,4374,0,0
2026-06-02 07:00:00,1.165,1.16503,1.16442,1.1648,3942,0,0
2026-06-02 08:00:00,1.16481,1.1652,1.16415,1.1643,3504,0,0
2026-06-02 09:00:00,1.1643,1.16443,1.16396,1.16427,3357,0,0
2026-06-02 10:00:00,1.16427,1.16457,1.16378,1.16431,2902,0,0
2026-06-02 11:00:00,1.16431,1.16523,1.1643,1.16489,3238,0,0
2026-06-02 12:00:00,1.16489,1.16549,1.16469,1.16499,4269,0,0
2026-06-02 13:00:00,1.165,1.16518,1.16391,1.16428,5553,0,0
2026-06-02 14:00:00,1.16428,1.16495,1.16356,1.1643,6060,0,0
2026-06-02 15:00:00,1.16429,1.16446,1.16349,1.164,4879,0,0
2026-06-02 16:00:00,1.164,1.16406,1.16263,1.16278,3214,0,0
2026-06-02 17:00:00,1.16278,1.16292,1.16196,1.16209,2875,0,0
2026-06-02 18:00:00,1.16209,1.16294,1.1613,1.16278,3304,0,0
2026-06-02 19:00:00,1.16278,1.16325,1.16278,1.16317,2315,0,0
2026-06-02 20:00:00,1.16318,1.16342,1.16295,1.16304,1206,0,0
2026-06-02 21:00:00,1.16257,1.16307,1.16257,1.16268,139,0,0
2026-06-02 22:00:00,1.16268,1.16296,1.16257,1.1626,899,0,0
2026-06-02 23:00:00,1.16262,1.16269,1.16192,1.16206,2169,0,0
2026-06-03 00:00:00,1.16207,1.16302,1.16198,1.16282,2648,0,0
2026-06-03 01:00:00,1.16282,1.16329,1.16256,1.16289,2960,0,0
2026-06-03 02:00:00,1.16289,1.16314,1.16244,1.16276,2188,0,0
2026-06-03 03:00:00,1.16276,1.1629,1.16257,1.16269,1846,0,0
2026-06-03 04:00:00,1.16268,1.16275,1.16237,1.16251,1538,0,0
2026-06-03 05:00:00,1.16251,1.16266,1.16181,1.16181,2238,0,0
2026-06-03 06:00:00,1.16182,1.16219,1.16118,1.16159,4265,0,0
2026-06-03 07:00:00,1.16159,1.16239,1.16123,1.16157,5079,0,0
2026-06-03 08:00:00,1.16158,1.16163,1.16045,1.16076,4639,0,0
2026-06-03 09:00:00,1.16077,1.16154,1.16074,1.16129,4002,0,0
2026-06-03 10:00:00,1.16128,1.16224,1.16121,1.16155,4758,0,0
2026-06-03 11:00:00,1.16156,1.16221,1.16148,1.16172,4000,0,0
2026-06-03 12:00:00,1.16172,1.16179,1.15962,1.15999,5440,0,0
2026-06-03 13:00:00,1.15998,1.16059,1.15967,1.16022,6630,0,0
2026-06-03 14:00:00,1.16022,1.16118,1.15943,1.16118,8211,0,0
2026-06-03 15:00:00,1.16118,1.16125,1.16019,1.16042,6640,0,0
2026-06-03 16:00:00,1.16042,1.16044,1.15946,1.15995,4951,0,0
2026-06-03 17:00:00,1.15994,1.16031,1.15962,1.15978,3124,0,0
2026-06-03 18:00:00,1.15977,1.15992,1.15948,1.15978,2918,0,0
2026-06-03 19:00:00,1.15978,1.16004,1.15966,1.15975,2909,0,0
2026-06-03 20:00:00,1.15976,1.15999,1.15964,1.15971,1417,0,0
2026-06-03 21:00:00,1.15965,1.15987,1.15956,1.15963,252,0,0
2026-06-03 22:00:00,1.15964,1.16116,1.15938,1.16052,1266,0,0
2026-06-03 23:00:00,1.16053,1.16103,1.16009,1.16085,1943,0,0
2026-06-04 00:00:00,1.16085,1.1612,1.16049,1.16061,3364,0,0
2026-06-04 01:00:00,1.16062,1.16096,1.16033,1.1609,3274,0,0
2026-06-04 02:00:00,1.16091,1.16107,1.16058,1.16095,2620,0,0
2026-06-04 03:00:00,1.16095,1.16097,1.1602,1.16055,2080,0,0
2026-06-04 04:00:00,1.16056,1.16125,1.16034,1.16092,2095,0,0
2026-06-04 05:00:00,1.16092,1.16101,1.16047,1.16093,2570,0,0
2026-06-04 06:00:00,1.16093,1.16146,1.16066,1.16101,4276,0,0
2026-06-04 07:00:00,1.16102,1.16121,1.1598,1.16034,4435,0,0
2026-06-04 08:00:00,1.16034,1.16135,1.16029,1.16126,4458,0,0
2026-06-04 09:00:00,1.16125,1.16278,1.16125,1.16252,4804,0,0
2026-06-04 10:00:00,1.16252,1.16336,1.16245,1.16298,3953,0,0
2026-06-04 11:00:00,1.16299,1.16446,1.16298,1.16411,5698,0,0
2026-06-04 12:00:00,1.16412,1.16446,1.16338,1.16364,5725,0,0
2026-06-04 13:00:00,1.16363,1.16394,1.16333,1.16355,6032,0,0
2026-06-04 14:00:00,1.16355,1.16393,1.16286,1.16299,5684,0,0
2026-06-04 15:00:00,1.163,1.1631,1.16218,1.16276,5004,0,0
2026-06-04 16:00:00,1.16276,1.16291,1.16226,1.16228,3067,0,0
2026-06-04 17:00:00,1.16229,1.16235,1.16188,1.16201,2434,0,0
2026-06-04 18:00:00,1.16202,1.16219,1.16127,1.16145,2408,0,0
2026-06-04 19:00:00,1.16144,1.16156,1.16099,1.16119,2236,0,0
2026-06-04 20:00:00,1.16119,1.1613,1.16074,1.16103,1112,0,0
2026-06-04 21:00:00,1.16091,1.16149,1.16091,1.1611,391,0,0
2026-06-04 22:00:00,1.1611,1.16129,1.16101,1.16114,578,0,0
2026-06-04 23:00:00,1.16114,1.16132,1.16114,1.16118,961,0,0
2026-06-05 00:00:00,1.16118,1.16136,1.16104,1.16121,3131,0,0
2026-06-05 01:00:00,1.16123,1.16144,1.16092,1.1613,3596,0,0
2026-06-05 02:00:00,1.1613,1.16161,1.16119,1.16136,2309,0,0
2026-06-05 03:00:00,1.16134,1.16152,1.1613,1.16142,2073,0,0
2026-06-05 04:00:00,1.16142,1.16165,1.16132,1.16155,1940,0,0
2026-06-05 05:00:00,1.16155,1.16188,1.16143,1.1615,2132,0,0
2026-06-05 06:00:00,1.1615,1.16223,1.16124,1.16217,3520,0,0
2026-06-05 07:00:00,1.16217,1.16366,1.16213,1.16314,3907,0,0
2026-06-05 08:00:00,1.16314,1.16394,1.16313,1.16362,3751,0,0
2026-06-05 09:00:00,1.16361,1.16438,1.1634,1.16382,3770,0,0
2026-06-05 10:00:00,1.16381,1.16437,1.16379,1.16397,2721,0,0
2026-06-05 11:00:00,1.16398,1.16415,1.16339,1.1641,3480,0,0
2026-06-05 12:00:00,1.16409,1.16424,1.15858,1.15858,8817,0,0
2026-06-05 13:00:00,1.15859,1.1599,1.15712,1.15713,11035,0,0
2026-06-05 14:00:00,1.15714,1.158,1.1549,1.15584,9487,0,0
2026-06-05 15:00:00,1.15584,1.15595,1.15309,1.1532,7288,0,0
2026-06-05 16:00:00,1.1532,1.15325,1.15219,1.15317,6226,0,0
2026-06-05 17:00:00,1.15317,1.15325,1.15188,1.15236,5257,0,0
2026-06-05 18:00:00,1.15236,1.15284,1.15189,1.15223,5634,0,0
2026-06-05 19:00:00,1.15223,1.15269,1.15178,1.15248,5066,0,0
2026-06-05 20:00:00,1.15247,1.15255,1.15174,1.15181,2036,0,0
2026-06-07 21:00:00,1.15091,1.15104,1.15058,1.15092,194,0,0
2026-06-07 22:00:00,1.15092,1.15183,1.15083,1.15126,2318,0,0
2026-06-07 23:00:00,1.15126,1.15223,1.15126,1.15215,2354,0,0
2026-06-08 00:00:00,1.15215,1.1533,1.15204,1.15329,3345,0,0
2026-06-08 01:00:00,1.15329,1.15342,1.15112,1.15258,6991,0,0
2026-06-08 02:00:00,1.15258,1.15311,1.152,1.1528,4145,0,0
2026-06-08 03:00:00,1.1528,1.15319,1.15254,1.15318,2540,0,0
2026-06-08 04:00:00,1.15318,1.15334,1.15294,1.15308,2585,0,0
2026-06-08 05:00:00,1.15309,1.15392,1.15171,1.15186,4416,0,0
2026-06-08 06:00:00,1.15186,1.15243,1.1513,1.15147,6068,0,0
2026-06-08 07:00:00,1.15147,1.15264,1.15138,1.1516,6433,0,0
2026-06-08 08:00:00,1.1516,1.15226,1.15074,1.15077,6452,0,0
2026-06-08 09:00:00,1.15078,1.15139,1.14992,1.1512,5922,0,0
2026-06-08 10:00:00,1.1512,1.15316,1.15095,1.1524,5770,0,0
2026-06-08 11:00:00,1.15239,1.15434,1.15228,1.1536,6577,0,0
2026-06-08 12:00:00,1.15359,1.15431,1.15346,1.15415,5768,0,0
2026-06-08 13:00:00,1.15415,1.15543,1.15408,1.15409,7608,0,0
2026-06-08 14:00:00,1.1541,1.1544,1.15313,1.15421,7357,0,0
2026-06-08 15:00:00,1.15421,1.15473,1.15359,1.15436,6015,0,0
2026-06-08 16:00:00,1.15436,1.15456,1.15384,1.15385,4125,0,0
2026-06-08 17:00:00,1.15384,1.15411,1.15351,1.15375,4271,0,0
2026-06-08 18:00:00,1.15375,1.15416,1.15271,1.15278,3987,0,0
2026-06-08 19:00:00,1.15279,1.15337,1.15276,1.15301,4435,0,0
2026-06-08 20:00:00,1.15301,1.15332,1.15298,1.15313,1260,0,0
2026-06-08 21:00:00,1.15363,1.15393,1.15311,1.15343,231,0,0
2026-06-08 22:00:00,1.15343,1.15347,1.15315,1.15328,890,0,0
2026-06-08 23:00:00,1.15331,1.15337,1.15273,1.15276,1255,0,0
2026-06-09 00:00:00,1.15276,1.15311,1.15265,1.15308,3935,0,0
2026-06-09 01:00:00,1.15308,1.15391,1.153,1.1539,4097,0,0
2026-06-09 02:00:00,1.15391,1.15398,1.15361,1.15371,2846,0,0
2026-06-09 03:00:00,1.15371,1.15395,1.15343,1.15374,2629,0,0
2026-06-09 04:00:00,1.15374,1.15477,1.15364,1.15449,2289,0,0
2026-06-09 05:00:00,1.1545,1.1547,1.15389,1.15443,3557,0,0
2026-06-09 06:00:00,1.15441,1.15529,1.15428,1.15434,4637,0,0
2026-06-09 07:00:00,1.15435,1.15464,1.15367,1.15388,4821,0,0
2026-06-09 08:00:00,1.15387,1.15522,1.15359,1.15501,5000,0,0
2026-06-09 09:00:00,1.15502,1.15633,1.15497,1.15608,3802,0,0
2026-06-09 10:00:00,1.15609,1.15688,1.15596,1.15648,3382,0,0
2026-06-09 11:00:00,1.15647,1.15737,1.15647,1.15721,3445,0,0
2026-06-09 12:00:00,1.1572,1.15744,1.15687,1.15731,4462,0,0
2026-06-09 13:00:00,1.15732,1.15775,1.15631,1.15658,6934,0,0
2026-06-09 14:00:00,1.15658,1.15729,1.15577,1.15617,9285,0,0
2026-06-09 15:00:00,1.15617,1.15669,1.15452,1.15546,8266,0,0
2026-06-09 16:00:00,1.15544,1.15569,1.1528,1.15403,9795,0,0
2026-06-09 17:00:00,1.15403,1.15525,1.15399,1.15475,7617,0,0
2026-06-09 18:00:00,1.15476,1.15526,1.15458,1.15493,5296,0,0
2026-06-09 19:00:00,1.15493,1.15499,1.1539,1.15408,5094,0,0
2026-06-09 20:00:00,1.15409,1.1545,1.15401,1.15433,1412,0,0
2026-06-09 21:00:00,1.15426,1.15426,1.15344,1.15353,273,0,0
2026-06-09 22:00:00,1.15352,1.15399,1.15352,1.1536,1235,0,0
2026-06-09 23:00:00,1.15361,1.15387,1.15326,1.15344,2051,0,0
2026-06-10 00:00:00,1.15346,1.15429,1.15327,1.15418,4911,0,0
2026-06-10 01:00:00,1.15418,1.15423,1.15348,1.15372,4969,0,0
2026-06-10 02:00:00,1.15373,1.15444,1.15365,1.1542,3452,0,0
2026-06-10 03:00:00,1.15419,1.15516,1.15416,1.15497,2975,0,0
2026-06-10 04:00:00,1.15497,1.15501,1.1544,1.15459,3008,0,0
2026-06-10 05:00:00,1.15458,1.15551,1.15447,1.15536,3862,0,0
2026-06-10 06:00:00,1.15537,1.15577,1.15477,1.15483,5142,0,0
2026-06-10 07:00:00,1.15482,1.15582,1.15461,1.15532,4859,0,0
2026-06-10 08:00:00,1.15532,1.15535,1.15475,1.15529,5108,0,0
2026-06-10 09:00:00,1.1553,1.15591,1.15501,1.15574,4995,0,0
2026-06-10 10:00:00,1.15574,1.15588,1.15497,1.15515,4018,0,0
2026-06-10 11:00:00,1.15515,1.1552,1.1535,1.1536,7619,0,0
2026-06-10 12:00:00,1.1536,1.15642,1.15355,1.1548,8313,0,0
2026-06-10 13:00:00,1.1548,1.15726,1.15469,1.1562,8357,0,0
2026-06-10 14:00:00,1.15621,1.15666,1.15495,1.15516,8837,0,0
2026-06-10 15:00:00,1.15517,1.15563,1.15341,1.15488,8996,0,0
2026-06-10 16:00:00,1.15488,1.15589,1.15482,1.15533,6434,0,0
2026-06-10 17:00:00,1.15533,1.15561,1.15441,1.15519,5921,0,0
2026-06-10 18:00:00,1.15519,1.15571,1.15476,1.15478,5296,0,0
2026-06-10 19:00:00,1.15478,1.15482,1.15405,1.1541,4479,0,0
2026-06-10 20:00:00,1.1541,1.1541,1.15341,1.15343,1731,0,0
2026-06-10 21:00:00,1.15347,1.1538,1.15333,1.15339,200,0,0
2026-06-10 22:00:00,1.15339,1.15362,1.15278,1.15293,2236,0,0
2026-06-10 23:00:00,1.15294,1.15373,1.15251,1.15347,3938,0,0
2026-06-11 00:00:00,1.15347,1.15423,1.15347,1.15419,5721,0,0
2026-06-11 01:00:00,1.15419,1.15556,1.15411,1.15535,4676,0,0
2026-06-11 02:00:00,1.15536,1.15537,1.15455,1.15475,4018,0,0
2026-06-11 03:00:00,1.15474,1.15486,1.15437,1.15448,3675,0,0
2026-06-11 04:00:00,1.15448,1.15497,1.15419,1.15477,3172,0,0
2026-06-11 05:00:00,1.15477,1.15508,1.15449,1.15468,3613,0,0
2026-06-11 06:00:00,1.15468,1.15469,1.15397,1.15411,4596,0,0
2026-06-11 07:00:00,1.1541,1.1555,1.15407,1.15445,4936,0,0
2026-06-11 08:00:00,1.15445,1.15449,1.15301,1.15316,4567,0,0
2026-06-11 09:00:00,1.15316,1.15366,1.15293,1.15334,3879,0,0
2026-06-11 10:00:00,1.15333,1.15339,1.15226,1.15307,3764,0,0
2026-06-11 11:00:00,1.15306,1.15412,1.15306,1.15377,4354,0,0
2026-06-11 12:00:00,1.15376,1.1543,1.15157,1.15392,9265,0,0
2026-06-11 13:00:00,1.15393,1.15399,1.1517,1.1529,7911,0,0
2026-06-11 14:00:00,1.1529,1.153,1.15141,1.15187,6904,0,0
2026-06-11 15:00:00,1.15187,1.15238,1.15135,1.15139,7239,0,0
2026-06-11 16:00:00,1.15139,1.15156,1.15065,1.15085,4898,0,0
2026-06-11 17:00:00,1.15085,1.15657,1.15024,1.15503,11426,0,0
2026-06-11 18:00:00,1.15505,1.15661,1.15409,1.15574,9997,0,0
2026-06-11 19:00:00,1.15574,1.15894,1.15574,1.15781,8536,0,0
2026-06-11 20:00:00,1.15781,1.15829,1.15756,1.15783,2643,0,0
2026-06-11 21:00:00,1.15764,1.15792,1.1575,1.15751,201,0,0
2026-06-11 22:00:00,1.15751,1.15846,1.15725,1.15844,1756,0,0
2026-06-11 23:00:00,1.15845,1.15861,1.15738,1.15751,2581,0,0
2026-06-12 00:00:00,1.15749,1.1576,1.15656,1.15691,4904,0,0
2026-06-12 01:00:00,1.1569,1.15697,1.1561,1.15627,4408,0,0
2026-06-12 02:00:00,1.15628,1.15699,1.15622,1.15662,3152,0,0
2026-06-12 03:00:00,1.15662,1.15747,1.15645,1.15716,3682,0,0
2026-06-12 04:00:00,1.15716,1.15746,1.15682,1.1571,2718,0,0
2026-06-12 05:00:00,1.1571,1.15734,1.15568,1.15571,3772,0,0
2026-06-12 06:00:00,1.1557,1.15736,1.1557,1.15725,4936,0,0
2026-06-12 07:00:00,1.15725,1.15728,1.15566,1.1566,5240,0,0
2026-06-12 08:00:00,1.15662,1.1585,1.15648,1.15762,6546,0,0
2026-06-12 09:00:00,1.15762,1.15889,1.1573,1.15834,5036,0,0
2026-06-12 10:00:00,1.15835,1.1585,1.15684,1.15735,5041,0,0
2026-06-12 11:00:00,1.15735,1.15787,1.157,1.15709,4300,0,0
2026-06-12 12:00:00,1.15707,1.15718,1.15596,1.15629,5187,0,0
2026-06-12 13:00:00,1.1563,1.15786,1.15612,1.15689,7690,0,0
2026-06-12 14:00:00,1.15689,1.15784,1.15655,1.15727,8536,0,0
2026-06-12 15:00:00,1.15727,1.1583,1.1571,1.15725,7200,0,0
2026-06-12 16:00:00,1.15724,1.15773,1.15689,1.15741,5646,0,0
2026-06-12 17:00:00,1.15741,1.1577,1.15712,1.1574,3946,0,0
2026-06-12 18:00:00,1.1574,1.1578,1.15717,1.15742,3593,0,0
2026-06-12 19:00:00,1.15743,1.15771,1.15682,1.15709,3704,0,0
2026-06-12 20:00:00,1.15708,1.15712,1.15641,1.15654,1869,0,0
2026-06-14 21:00:00,1.15743,1.16053,1.15676,1.16043,459,0,0
2026-06-14 22:00:00,1.16043,1.1617,1.15991,1.16081,3924,0,0
2026-06-14 23:00:00,1.16082,1.16089,1.16016,1.16023,2590,0,0
2026-06-15 00:00:00,1.16023,1.16111,1.15974,1.15983,4074,0,0
2026-06-15 01:00:00,1.15983,1.1601,1.15937,1.15975,3179,0,0
2026-06-15 02:00:00,1.15976,1.16009,1.15936,1.1599,2140,0,0
2026-06-15 03:00:00,1.15989,1.16047,1.15978,1.16038,1971,0,0
2026-06-15 04:00:00,1.16038,1.16128,1.16027,1.1612,1598,0,0
2026-06-15 05:00:00,1.16121,1.16215,1.16121,1.16163,2474,0,0
2026-06-15 06:00:00,1.16163,1.16174,1.16002,1.16057,4019,0,0
2026-06-15 07:00:00,1.16058,1.161,1.1601,1.16056,4928,0,0
2026-06-15 08:00:00,1.16056,1.16097,1.15965,1.1601,4319,0,0
2026-06-15 09:00:00,1.1601,1.16102,1.16,1.16063,3723,0,0
2026-06-15 10:00:00,1.16063,1.16139,1.16027,1.16099,3195,0,0
2026-06-15 11:00:00,1.161,1.16137,1.16051,1.16084,3969,0,0
2026-06-15 12:00:00,1.16084,1.16191,1.16039,1.16148,4975,0,0
2026-06-15 13:00:00,1.16148,1.162,1.16115,1.16162,5317,0,0
2026-06-15 14:00:00,1.16162,1.16181,1.1605,1.16072,6435,0,0
2026-06-15 15:00:00,1.16072,1.16072,1.1596,1.15979,4231,0,0
2026-06-15 16:00:00,1.15979,1.16046,1.15968,1.1603,3592,0,0
2026-06-15 17:00:00,1.16031,1.16035,1.15974,1.15988,2790,0,0
2026-06-15 18:00:00,1.15988,1.16025,1.15933,1.15942,3372,0,0
2026-06-15 19:00:00,1.15941,1.15957,1.15839,1.15847,3414,0,0
2026-06-15 20:00:00,1.15847,1.15893,1.15831,1.15881,1383,0,0
2026-06-15 21:00:00,1.15899,1.1592,1.15849,1.15881,366,0,0
2026-06-15 22:00:00,1.15881,1.15905,1.15849,1.15879,988,0,0
2026-06-15 23:00:00,1.15876,1.15932,1.15876,1.15907,1109,0,0
2026-06-16 00:00:00,1.15907,1.1593,1.15873,1.15924,2801,0,0
2026-06-16 01:00:00,1.15925,1.15945,1.15864,1.15873,2829,0,0
2026-06-16 02:00:00,1.15873,1.15888,1.15821,1.15872,2028,0,0
2026-06-16 03:00:00,1.15872,1.15881,1.15834,1.15858,1938,0,0
2026-06-16 04:00:00,1.15859,1.15864,1.15752,1.15783,2314,0,0
2026-06-16 05:00:00,1.15784,1.15804,1.15747,1.1575,2290,0,0
2026-06-16 06:00:00,1.1575,1.15871,1.15744,1.15868,3554,0,0
2026-06-16 07:00:00,1.15868,1.1595,1.15845,1.15949,4061,0,0
2026-06-16 08:00:00,1.15949,1.16061,1.15926,1.16052,3995,0,0
2026-06-16 09:00:00,1.16051,1.16088,1.15993,1.16005,3718,0,0
2026-06-16 10:00:00,1.16005,1.16124,1.15999,1.16113,3441,0,0
2026-06-16 11:00:00,1.16114,1.16114,1.15966,1.15985,3717,0,0
2026-06-16 12:00:00,1.15985,1.16012,1.15907,1.1599,4267,0,0
2026-06-16 13:00:00,1.15989,1.16029,1.15907,1.15921,5233,0,0
2026-06-16 14:00:00,1.1592,1.16078,1.15873,1.16064,6161,0,0
2026-06-16 15:00:00,1.16063,1.16182,1.15992,1.16136,5671,0,0
2026-06-16 16:00:00,1.16136,1.16192,1.1611,1.16126,4588,0,0
2026-06-16 17:00:00,1.16127,1.16133,1.16101,1.16108,3185,0,0
2026-06-16 18:00:00,1.16108,1.16135,1.16058,1.16099,2890,0,0
2026-06-16 19:00:00,1.161,1.16132,1.16053,1.16076,3485,0,0
2026-06-16 20:00:00,1.16076,1.16093,1.16058,1.16071,1274,0,0
2026-06-16 21:00:00,1.16071,1.16111,1.16052,1.16059,430,0,0
2026-06-16 22:00:00,1.16059,1.16125,1.16059,1.16119,623,0,0
2026-06-16 23:00:00,1.16119,1.16142,1.16085,1.16091,1933,0,0
2026-06-17 00:00:00,1.16092,1.1616,1.16082,1.16141,2959,0,0
2026-06-17 01:00:00,1.16141,1.16155,1.16097,1.16118,2139,0,0
2026-06-17 02:00:00,1.16118,1.16145,1.16087,1.16087,1472,0,0
2026-06-17 03:00:00,1.16087,1.16117,1.16078,1.16098,1558,0,0
2026-06-17 04:00:00,1.16098,1.1613,1.16094,1.16119,1351,0,0
2026-06-17 05:00:00,1.16119,1.16144,1.16099,1.16116,1743,0,0
2026-06-17 06:00:00,1.16115,1.16142,1.16032,1.16074,3394,0,0
2026-06-17 07:00:00,1.16075,1.16144,1.16039,1.16078,3609,0,0
2026-06-17 08:00:00,1.16077,1.16079,1.15975,1.16013,3544,0,0
2026-06-17 09:00:00,1.16014,1.16053,1.16002,1.16033,2602,0,0
2026-06-17 10:00:00,1.16033,1.16041,1.15949,1.15966,2971,0,0
2026-06-17 11:00:00,1.15965,1.15967,1.15848,1.15909,3291,0,0
2026-06-17 12:00:00,1.15909,1.16022,1.159,1.16017,3839,0,0
2026-06-17 13:00:00,1.16017,1.16023,1.1595,1.15964,4937,0,0
2026-06-17 14:00:00,1.15965,1.15979,1.15805,1.15888,6360,0,0
2026-06-17 15:00:00,1.15888,1.15935,1.15864,1.15921,4543,0,0
2026-06-17 16:00:00,1.15921,1.15928,1.15883,1.1591,3051,0,0
2026-06-17 17:00:00,1.15911,1.15957,1.15872,1.1595,3609,0,0
2026-06-17 18:00:00,1.15946,1.1595,1.15351,1.15383,16218,0,0
2026-06-17 19:00:00,1.15382,1.15413,1.14775,1.14936,15161,0,0
2026-06-17 20:00:00,1.14936,1.15045,1.14865,1.14998,3404,0,0
2026-06-17 21:00:00,1.14996,1.15026,1.14989,1.15015,252,0,0
2026-06-17 22:00:00,1.15015,1.15051,1.15003,1.15039,1765,0,0
2026-06-17 23:00:00,1.1504,1.1508,1.15032,1.15063,1922,0,0
2026-06-18 00:00:00,1.15063,1.15201,1.15062,1.15152,4788,0,0
2026-06-18 01:00:00,1.1515,1.15218,1.15146,1.1516,3241,0,0
2026-06-18 02:00:00,1.1516,1.15203,1.15125,1.15173,2422,0,0
2026-06-18 03:00:00,1.15173,1.15238,1.15172,1.15229,1995,0,0
2026-06-18 04:00:00,1.15228,1.15258,1.15201,1.15226,2738,0,0
2026-06-18 05:00:00,1.15226,1.15243,1.15098,1.151,2816,0,0
2026-06-18 06:00:00,1.15101,1.15277,1.15099,1.1519,5104,0,0
2026-06-18 07:00:00,1.15188,1.15223,1.15059,1.15123,5870,0,0
2026-06-18 08:00:00,1.15123,1.15134,1.14816,1.1482,5852,0,0
2026-06-18 09:00:00,1.14821,1.14853,1.14741,1.14762,5959,0,0
2026-06-18 10:00:00,1.14761,1.14768,1.14591,1.14601,5821,0,0
2026-06-18 11:00:00,1.14601,1.14663,1.14538,1.14567,6027,0,0
2026-06-18 12:00:00,1.14568,1.14811,1.14527,1.14689,7339,0,0
2026-06-18 13:00:00,1.14688,1.14834,1.14625,1.14717,8131,0,0
2026-06-18 14:00:00,1.14715,1.14869,1.14671,1.14857,7379,0,0
2026-06-18 15:00:00,1.14858,1.1487,1.14684,1.14686,6679,0,0
2026-06-18 16:00:00,1.14687,1.14716,1.14609,1.14647,5731,0,0
2026-06-18 17:00:00,1.14647,1.1473,1.14618,1.14619,3900,0,0
2026-06-18 18:00:00,1.14619,1.14651,1.14584,1.14587,4073,0,0
2026-06-18 19:00:00,1.1459,1.14622,1.14508,1.1457,5478,0,0
2026-06-18 20:00:00,1.14571,1.14626,1.14551,1.14563,1726,0,0
2026-06-18 21:00:00,1.14625,1.14675,1.14555,1.14598,309,0,0
2026-06-18 22:00:00,1.14598,1.14628,1.14577,1.14627,1299,0,0
2026-06-18 23:00:00,1.14628,1.14629,1.14565,1.14577,1415,0,0
2026-06-19 00:00:00,1.14576,1.14652,1.14576,1.14612,3188,0,0
2026-06-19 01:00:00,1.14613,1.14628,1.14521,1.14526,2665,0,0
2026-06-19 02:00:00,1.14526,1.14573,1.14511,1.1454,2201,0,0
2026-06-19 03:00:00,1.1454,1.14542,1.14414,1.14419,3041,0,0
2026-06-19 04:00:00,1.14419,1.1443,1.14268,1.14282,3270,0,0
2026-06-19 05:00:00,1.14283,1.14332,1.14172,1.14302,4976,0,0
2026-06-19 06:00:00,1.14302,1.14417,1.14285,1.14414,4559,0,0
2026-06-19 07:00:00,1.14415,1.14487,1.14412,1.14458,4378,0,0
2026-06-19 08:00:00,1.14459,1.14653,1.14458,1.14638,4193,0,0
2026-06-19 09:00:00,1.14638,1.14641,1.14579,1.14589,3608,0,0
2026-06-19 10:00:00,1.1459,1.14628,1.14519,1.14619,3738,0,0
2026-06-19 11:00:00,1.14619,1.14674,1.14586,1.14606,3354,0,0
2026-06-19 12:00:00,1.14606,1.14743,1.14606,1.14706,5031,0,0
2026-06-19 13:00:00,1.14706,1.14719,1.14563,1.14623,5021,0,0
2026-06-19 14:00:00,1.14624,1.14696,1.14574,1.14679,4919,0,0
2026-06-19 15:00:00,1.14679,1.14755,1.1462,1.14642,3378,0,0
2026-06-19 16:00:00,1.14642,1.14688,1.14613,1.14684,1980,0,0
2026-06-19 17:00:00,1.14682,1.14761,1.14671,1.14744,3559,0,0
2026-06-19 18:00:00,1.14742,1.14802,1.14732,1.14761,3255,0,0
2026-06-19 19:00:00,1.14761,1.14779,1.14744,1.14752,1968,0,0
2026-06-19 20:00:00,1.14752,1.14766,1.147,1.14708,2128,0,0
2026-06-21 21:00:00,1.14612,1.14663,1.14542,1.14573,247,0,0
2026-06-21 22:00:00,1.14584,1.14672,1.14529,1.1462,1768,0,0
2026-06-21 23:00:00,1.14619,1.14656,1.14575,1.14618,2476,0,0
2026-06-22 00:00:00,1.14618,1.14661,1.14571,1.14659,3818,0,0
2026-06-22 01:00:00,1.14659,1.14731,1.1463,1.1463,4540,0,0
2026-06-22 02:00:00,1.14631,1.14671,1.14596,1.14648,2783,0,0
2026-06-22 03:00:00,1.14648,1.14664,1.14538,1.14557,2709,0,0
2026-06-22 04:00:00,1.14557,1.14564,1.14523,1.14555,2740,0,0
2026-06-22 05:00:00,1.14555,1.14624,1.14536,1.14537,3108,0,0
2026-06-22 06:00:00,1.14538,1.14629,1.14518,1.14596,4677,0,0
2026-06-22 07:00:00,1.14596,1.14621,1.14437,1.14452,5128,0,0
2026-06-22 08:00:00,1.14452,1.14526,1.1441,1.14504,5197,0,0
2026-06-22 09:00:00,1.14502,1.14626,1.14498,1.14573,4324,0,0
2026-06-22 10:00:00,1.14573,1.14631,1.14541,1.14559,3967,0,0
2026-06-22 11:00:00,1.14559,1.14598,1.14469,1.14479,4098,0,0
2026-06-22 12:00:00,1.1448,1.14613,1.14472,1.14543,4713,0,0
2026-06-22 13:00:00,1.14544,1.14546,1.14279,1.14281,7857,0,0
2026-06-22 14:00:00,1.14282,1.145,1.14252,1.14442,9381,0,0
2026-06-22 15:00:00,1.14442,1.14497,1.14299,1.14312,6006,0,0
2026-06-22 16:00:00,1.14311,1.14318,1.14247,1.14304,4061,0,0
2026-06-22 17:00:00,1.14305,1.14327,1.14265,1.14284,2696,0,0
2026-06-22 18:00:00,1.14285,1.1431,1.14216,1.14237,3013,0,0
2026-06-22 19:00:00,1.14238,1.1425,1.14184,1.14243,3182,0,0
2026-06-22 20:00:00,1.14245,1.14288,1.14241,1.14276,1285,0,0
2026-06-22 21:00:00,1.14235,1.14285,1.14209,1.14263,318,0,0
2026-06-22 22:00:00,1.14272,1.14283,1.14247,1.14268,1025,0,0
2026-06-22 23:00:00,1.14269,1.14287,1.14251,1.14262,1239,0,0
2026-06-23 00:00:00,1.14263,1.14272,1.14219,1.14263,3418,0,0
2026-06-23 01:00:00,1.14263,1.14278,1.14218,1.14262,3400,0,0
2026-06-23 02:00:00,1.14261,1.14313,1.14249,1.14252,2802,0,0
2026-06-23 03:00:00,1.14253,1.14294,1.14181,1.1429,2920,0,0
2026-06-23 04:00:00,1.1429,1.14296,1.14191,1.14204,2403,0,0
2026-06-23 05:00:00,1.14204,1.14252,1.14184,1.14224,3144,0,0
2026-06-23 06:00:00,1.14224,1.14295,1.14189,1.14224,4627,0,0
2026-06-23 07:00:00,1.14224,1.14385,1.14092,1.14111,6754,0,0
2026-06-23 08:00:00,1.14113,1.14169,1.14041,1.14077,5693,0,0
2026-06-23 09:00:00,1.14077,1.14107,1.14054,1.14104,3982,0,0
2026-06-23 10:00:00,1.14104,1.14121,1.13952,1.14,3962,0,0
2026-06-23 11:00:00,1.14,1.14023,1.13838,1.13851,4445,0,0
2026-06-23 12:00:00,1.13851,1.1394,1.13822,1.13883,5567,0,0
2026-06-23 13:00:00,1.13883,1.13996,1.13845,1.13891,6876,0,0
2026-06-23 14:00:00,1.13891,1.13907,1.13756,1.13814,7882,0,0
2026-06-23 15:00:00,1.13814,1.1385,1.13753,1.13824,5584,0,0
2026-06-23 16:00:00,1.13824,1.13833,1.13779,1.13789,3626,0,0
2026-06-23 17:00:00,1.13789,1.13812,1.1376,1.1379,3047,0,0
2026-06-23 18:00:00,1.1379,1.13801,1.13756,1.13782,2845,0,0
2026-06-23 19:00:00,1.13782,1.13822,1.13781,1.13783,3478,0,0
2026-06-23 20:00:00,1.13784,1.13808,1.13773,1.13807,1155,0,0
2026-06-23 21:00:00,1.13804,1.13828,1.13804,1.13819,334,0,0
2026-06-23 22:00:00,1.13819,1.1383,1.1378,1.13809,977,0,0
2026-06-23 23:00:00,1.1381,1.1383,1.13783,1.13785,1550,0,0
2026-06-24 00:00:00,1.13785,1.13817,1.13728,1.13757,4057,0,0
2026-06-24 01:00:00,1.13757,1.13763,1.13704,1.13759,3854,0,0
2026-06-24 02:00:00,1.13759,1.13763,1.13662,1.1367,2759,0,0
2026-06-24 03:00:00,1.1367,1.13683,1.13609,1.13668,3564,0,0
2026-06-24 04:00:00,1.13667,1.1367,1.13607,1.13624,2523,0,0
2026-06-24 05:00:00,1.13624,1.13678,1.13622,1.13675,2957,0,0
2026-06-24 06:00:00,1.13675,1.13746,1.13571,1.13591,4455,0,0
2026-06-24 07:00:00,1.13588,1.13605,1.13508,1.1351,5587,0,0
2026-06-24 08:00:00,1.13511,1.13554,1.13374,1.13521,5412,0,0
2026-06-24 09:00:00,1.13521,1.13531,1.13439,1.13453,4929,0,0
2026-06-24 10:00:00,1.13454,1.13458,1.13378,1.13392,4372,0,0
2026-06-24 11:00:00,1.13392,1.13484,1.13364,1.13397,4887,0,0
2026-06-24 12:00:00,1.13398,1.13456,1.13247,1.13284,6386,0,0
2026-06-24 13:00:00,1.13284,1.13474,1.13239,1.13436,8707,0,0
2026-06-24 14:00:00,1.13436,1.13516,1.13353,1.13412,7674,0,0
2026-06-24 15:00:00,1.13411,1.13614,1.13394,1.13474,6165,0,0
2026-06-24 16:00:00,1.13474,1.13674,1.13462,1.13589,4775,0,0
2026-06-24 17:00:00,1.1359,1.13606,1.13484,1.1349,4657,0,0
2026-06-24 18:00:00,1.1349,1.13603,1.1349,1.13544,3990,0,0
2026-06-24 19:00:00,1.13544,1.13581,1.13503,1.13528,4098,0,0
2026-06-24 20:00:00,1.13528,1.13595,1.13517,1.13583,2171,0,0
2026-06-24 21:00:00,1.13605,1.13605,1.13512,1.13564,234,0,0
2026-06-24 22:00:00,1.13564,1.13591,1.13541,1.13545,946,0,0
2026-06-24 23:00:00,1.13546,1.13558,1.13522,1.13534,1218,0,0
2026-06-25 00:00:00,1.13534,1.13545,1.13471,1.13528,3156,0,0
2026-06-25 01:00:00,1.13528,1.13668,1.13528,1.13576,4015,0,0
2026-06-25 02:00:00,1.13576,1.1365,1.1356,1.13628,3082,0,0
2026-06-25 03:00:00,1.13629,1.13706,1.13624,1.13694,2663,0,0
2026-06-25 04:00:00,1.13694,1.13703,1.13655,1.13665,1740,0,0
2026-06-25 05:00:00,1.13666,1.13675,1.13592,1.13607,2467,0,0
2026-06-25 06:00:00,1.13606,1.13645,1.13517,1.13523,3872,0,0
2026-06-25 07:00:00,1.13524,1.13598,1.13441,1.13587,4668,0,0
2026-06-25 08:00:00,1.13587,1.13719,1.13583,1.1367,4677,0,0
2026-06-25 09:00:00,1.1367,1.13735,1.13609,1.13611,3749,0,0
2026-06-25 10:00:00,1.13611,1.13613,1.13423,1.13452,3358,0,0
2026-06-25 11:00:00,1.13452,1.13453,1.13328,1.1337,3947,0,0
2026-06-25 12:00:00,1.13369,1.13641,1.13357,1.13531,7094,0,0
2026-06-25 13:00:00,1.13531,1.13692,1.13486,1.1363,8454,0,0
2026-06-25 14:00:00,1.1363,1.1383,1.13622,1.13742,9336,0,0
2026-06-25 15:00:00,1.13743,1.13875,1.1373,1.13838,7061,0,0
2026-06-25 16:00:00,1.13837,1.1386,1.13727,1.13735,4366,0,0
2026-06-25 17:00:00,1.13735,1.13771,1.13709,1.13737,3513,0,0
2026-06-25 18:00:00,1.13737,1.13799,1.13694,1.13725,4043,0,0
2026-06-25 19:00:00,1.13724,1.1379,1.1368,1.13721,3921,0,0
2026-06-25 20:00:00,1.1372,1.13739,1.13692,1.13695,1361,0,0
2026-06-25 21:00:00,1.13689,1.13725,1.13668,1.13709,334,0,0
2026-06-25 22:00:00,1.13709,1.13725,1.13667,1.13691,1451,0,0
2026-06-25 23:00:00,1.13688,1.13699,1.13597,1.1361,2482,0,0
2026-06-26 00:00:00,1.13609,1.13664,1.13605,1.13642,3715,0,0
2026-06-26 01:00:00,1.13643,1.13685,1.1356,1.13591,3897,0,0
2026-06-26 02:00:00,1.13591,1.13623,1.13537,1.13585,3514,0,0
2026-06-26 03:00:00,1.13586,1.13711,1.13579,1.1371,3295,0,0
2026-06-26 04:00:00,1.1371,1.13767,1.1368,1.13764,3148,0,0
2026-06-26 05:00:00,1.13764,1.13817,1.13745,1.13776,3266,0,0
2026-06-26 06:00:00,1.13776,1.13819,1.13708,1.13747,4276,0,0
2026-06-26 07:00:00,1.13747,1.13881,1.13725,1.13861,4516,0,0
2026-06-26 08:00:00,1.1386,1.14071,1.13824,1.14008,5643,0,0
2026-06-26 09:00:00,1.14008,1.14115,1.13949,1.14063,4455,0,0
2026-06-26 10:00:00,1.14062,1.14077,1.13997,1.14041,4209,0,0
2026-06-26 11:00:00,1.14042,1.14059,1.13932,1.13978,4309,0,0
2026-06-26 12:00:00,1.13977,1.14334,1.1397,1.14267,5131,0,0
2026-06-26 13:00:00,1.14269,1.14294,1.14112,1.14245,7799,0,0
2026-06-26 14:00:00,1.14244,1.14278,1.1393,1.13935,7450,0,0
2026-06-26 15:00:00,1.13938,1.14073,1.13915,1.14023,5642,0,0
2026-06-26 16:00:00,1.14023,1.14028,1.13825,1.13893,4438,0,0
2026-06-26 17:00:00,1.13893,1.13925,1.13841,1.13858,2948,0,0
2026-06-26 18:00:00,1.13858,1.13906,1.13848,1.13853,2374,0,0
2026-06-26 19:00:00,1.13853,1.13888,1.13804,1.13864,2726,0,0
2026-06-26 20:00:00,1.13867,1.13914,1.13798,1.13828,2204,0,0
2026-06-28 21:00:00,1.13883,1.13883,1.13782,1.13788,225,0,0
2026-06-28 22:00:00,1.13796,1.1386,1.13796,1.13848,1128,0,0
2026-06-28 23:00:00,1.13848,1.13866,1.13817,1.13848,1512,0,0
2026-06-29 00:00:00,1.13847,1.13887,1.13828,1.1387,3976,0,0
2026-06-29 01:00:00,1.13871,1.13905,1.13838,1.13847,3864,0,0
2026-06-29 02:00:00,1.13847,1.13928,1.13842,1.13873,3226,0,0
2026-06-29 03:00:00,1.13872,1.13896,1.13826,1.13827,1950,0,0
2026-06-29 04:00:00,1.13826,1.13848,1.13806,1.13821,1862,0,0
2026-06-29 05:00:00,1.13821,1.13947,1.1382,1.1394,2689,0,0
2026-06-29 06:00:00,1.13939,1.14145,1.13922,1.14118,4315,0,0
2026-06-29 07:00:00,1.14117,1.14127,1.13995,1.1402,4555,0,0
2026-06-29 08:00:00,1.1402,1.14069,1.1392,1.13953,4068,0,0
2026-06-29 09:00:00,1.13954,1.14034,1.13939,1.14027,3928,0,0
2026-06-29 10:00:00,1.14027,1.14051,1.13991,1.1404,3256,0,0
2026-06-29 11:00:00,1.1404,1.14111,1.13983,1.14084,4099,0,0
2026-06-29 12:00:00,1.14084,1.14085,1.13999,1.1402,4570,0,0
2026-06-29 13:00:00,1.14021,1.14117,1.13999,1.14095,5752,0,0
2026-06-29 14:00:00,1.14095,1.14227,1.1404,1.14214,7881,0,0
2026-06-29 15:00:00,1.14215,1.14245,1.1416,1.14231,5747,0,0
2026-06-29 16:00:00,1.14231,1.14301,1.14227,1.14253,3739,0,0
2026-06-29 17:00:00,1.14253,1.14276,1.14208,1.14262,2631,0,0
2026-06-29 18:00:00,1.14261,1.14285,1.14244,1.14251,2878,0,0
2026-06-29 19:00:00,1.1425,1.14265,1.14216,1.14252,2687,0,0
2026-06-29 20:00:00,1.14252,1.14268,1.14214,1.14232,1073,0,0
2026-06-29 21:00:00,1.14195,1.14249,1.14195,1.14215,305,0,0
2026-06-29 22:00:00,1.1422,1.14251,1.14217,1.14244,744,0,0
2026-06-29 23:00:00,1.14244,1.14248,1.14183,1.14185,983,0,0
2026-06-30 00:00:00,1.14185,1.14199,1.1412,1.14156,3529,0,0
2026-06-30 01:00:00,1.14157,1.14167,1.14015,1.14036,4194,0,0
2026-06-30 02:00:00,1.14035,1.14059,1.14011,1.1403,2540,0,0
2026-06-30 03:00:00,1.1403,1.14046,1.13964,1.13978,2227,0,0
2026-06-30 04:00:00,1.13979,1.13985,1.13884,1.13885,1913,0,0
2026-06-30 05:00:00,1.13885,1.13922,1.1382,1.13841,3009,0,0
2026-06-30 06:00:00,1.13841,1.14033,1.13829,1.14024,4777,0,0
2026-06-30 07:00:00,1.14025,1.14089,1.13965,1.13981,4274,0,0
2026-06-30 08:00:00,1.13982,1.1399,1.1383,1.13932,5384,0,0
2026-06-30 09:00:00,1.13931,1.13981,1.13884,1.13966,4180,0,0
2026-06-30 10:00:00,1.13966,1.14018,1.1392,1.14013,3562,0,0
2026-06-30 11:00:00,1.14013,1.14022,1.13858,1.13924,4373,0,0
2026-06-30 12:00:00,1.13923,1.14022,1.1388,1.13956,5029,0,0
2026-06-30 13:00:00,1.13955,1.14063,1.13938,1.13964,5472,0,0
2026-06-30 14:00:00,1.13959,1.14343,1.13905,1.14327,8865,0,0
2026-06-30 15:00:00,1.14326,1.14361,1.14144,1.14165,6844,0,0
2026-06-30 16:00:00,1.14165,1.14176,1.14117,1.14135,3472,0,0
2026-06-30 17:00:00,1.14136,1.14217,1.14136,1.1421,2655,0,0
2026-06-30 18:00:00,1.14209,1.14265,1.14188,1.14199,2924,0,0
2026-06-30 19:00:00,1.14198,1.14261,1.1415,1.14259,3269,0,0
2026-06-30 20:00:00,1.14261,1.14268,1.14197,1.14201,1551,0,0
2026-06-30 21:00:00,1.14211,1.14219,1.14153,1.14202,275,0,0
2026-06-30 22:00:00,1.14202,1.14224,1.14178,1.14194,717,0,0
2026-06-30 23:00:00,1.14195,1.14198,1.14118,1.14124,1142,0,0
2026-07-01 00:00:00,1.14125,1.14136,1.1408,1.1409,3120,0,0
2026-07-01 01:00:00,1.1409,1.1409,1.14022,1.14038,3370,0,0
2026-07-01 02:00:00,1.14037,1.14075,1.14021,1.14049,2809,0,0
2026-07-01 03:00:00,1.1405,1.14077,1.14012,1.14036,2348,0,0
2026-07-01 04:00:00,1.14036,1.14102,1.14019,1.1408,2041,0,0
2026-07-01 05:00:00,1.14081,1.141,1.14024,1.14052,2537,0,0
2026-07-01 06:00:00,1.14052,1.14089,1.13998,1.14025,3781,0,0
2026-07-01 07:00:00,1.14025,1.14037,1.13925,1.14016,4207,0,0
2026-07-01 08:00:00,1.14015,1.14033,1.13936,1.1396,3990,0,0
2026-07-01 09:00:00,1.1396,1.1399,1.13846,1.13873,3928,0,0
2026-07-01 10:00:00,1.13872,1.13998,1.13856,1.13976,3078,0,0
2026-07-01 11:00:00,1.13976,1.13985,1.13843,1.13849,4070,0,0
2026-07-01 12:00:00,1.1385,1.13874,1.13684,1.13705,6026,0,0
2026-07-01 13:00:00,1.13705,1.14113,1.13612,1.1395,10293,0,0
2026-07-01 14:00:00,1.13953,1.14049,1.13842,1.13948,9157,0,0
2026-07-01 15:00:00,1.13948,1.13956,1.13783,1.13832,6463,0,0
2026-07-01 16:00:00,1.13832,1.13935,1.13792,1.13817,4851,0,0
2026-07-01 17:00:00,1.13818,1.13854,1.13784,1.13804,3618,0,0
2026-07-01 18:00:00,1.13804,1.13823,1.13747,1.13792,3212,0,0
2026-07-01 19:00:00,1.13792,1.1381,1.13769,1.13782,2989,0,0
2026-07-01 20:00:00,1.13782,1.13789,1.1373,1.13772,1547,0,0
2026-07-01 21:00:00,1.1376,1.13783,1.13759,1.1377,251,0,0
2026-07-01 22:00:00,1.1378,1.13791,1.13765,1.13783,612,0,0
2026-07-01 23:00:00,1.13784,1.13784,1.13766,1.1377,976,0,0
2026-07-02 00:00:00,1.1377,1.13827,1.13745,1.1376,3165,0,0
2026-07-02 01:00:00,1.13759,1.13852,1.13757,1.1381,3037,0,0
2026-07-02 02:00:00,1.1381,1.13879,1.13806,1.13816,2304,0,0
2026-07-02 03:00:00,1.13817,1.13828,1.13775,1.13817,2179,0,0
2026-07-02 04:00:00,1.13817,1.13878,1.13817,1.13863,2386,0,0
2026-07-02 05:00:00,1.13863,1.13881,1.13811,1.13852,2449,0,0
2026-07-02 06:00:00,1.13853,1.14038,1.13849,1.13941,5317,0,0
2026-07-02 07:00:00,1.13942,1.14087,1.139,1.14072,6079,0,0
2026-07-02 08:00:00,1.14071,1.14204,1.14063,1.14196,6648,0,0
2026-07-02 09:00:00,1.14195,1.14206,1.14082,1.14092,4667,0,0
2026-07-02 10:00:00,1.14092,1.14107,1.14026,1.14099,3858,0,0
2026-07-02 11:00:00,1.14098,1.14141,1.13999,1.14033,3883,0,0
2026-07-02 12:00:00,1.14032,1.14722,1.13949,1.14509,11638,0,0
2026-07-02 13:00:00,1.14509,1.14547,1.14381,1.14502,10629,0,0
2026-07-02 14:00:00,1.14501,1.14578,1.14332,1.14433,9253,0,0
2026-07-02 15:00:00,1.14435,1.14492,1.14393,1.1447,7275,0,0
2026-07-02 16:00:00,1.14469,1.14476,1.14348,1.14371,5352,0,0
2026-07-02 17:00:00,1.14372,1.14372,1.14282,1.14301,4382,0,0
2026-07-02 18:00:00,1.143,1.14364,1.14289,1.14324,3640,0,0
2026-07-02 19:00:00,1.14324,1.14334,1.14257,1.14304,3104,0,0
2026-07-02 20:00:00,1.14304,1.14351,1.14289,1.14329,1151,0,0
2026-07-02 21:00:00,1.14286,1.14338,1.14286,1.14325,251,0,0
2026-07-02 22:00:00,1.14325,1.14351,1.1427,1.14282,1012,0,0
2026-07-02 23:00:00,1.14284,1.143,1.14212,1.14219,1670,0,0
2026-07-03 00:00:00,1.1422,1.14303,1.142,1.14301,3659,0,0
2026-07-03 01:00:00,1.14301,1.14441,1.14295,1.14365,4913,0,0
2026-07-03 02:00:00,1.14364,1.14443,1.14353,1.14392,2910,0,0
2026-07-03 03:00:00,1.14392,1.14409,1.14363,1.14405,2312,0,0
2026-07-03 04:00:00,1.14405,1.14456,1.14386,1.14456,1771,0,0
2026-07-03 05:00:00,1.14455,1.14543,1.1445,1.14482,2821,0,0
2026-07-03 06:00:00,1.14482,1.14618,1.14476,1.14536,4913,0,0
2026-07-03 07:00:00,1.14535,1.14575,1.14469,1.14539,4122,0,0
2026-07-03 08:00:00,1.1454,1.14571,1.14499,1.14522,3789,0,0
2026-07-03 09:00:00,1.14522,1.14522,1.14397,1.14404,3217,0,0
2026-07-03 10:00:00,1.14403,1.14496,1.14399,1.14462,2532,0,0
2026-07-03 11:00:00,1.14462,1.14566,1.14456,1.14498,3122,0,0
2026-07-03 12:00:00,1.14499,1.14521,1.14457,1.14464,3348,0,0
2026-07-03 13:00:00,1.14464,1.14475,1.14374,1.14398,3685,0,0
2026-07-03 14:00:00,1.14398,1.14473,1.14381,1.1441,3507,0,0
2026-07-03 15:00:00,1.1441,1.14439,1.14344,1.14365,2652,0,0
2026-07-03 16:00:00,1.14364,1.14391,1.14347,1.1437,1725,0,0
2026-07-03 17:00:00,1.1437,1.14415,1.1437,1.14396,4948,0,0
2026-07-03 18:00:00,1.14399,1.14407,1.14371,1.14383,4484,0,0
2026-07-03 19:00:00,1.14383,1.14399,1.14349,1.1436,4409,0,0
2026-07-03 20:00:00,1.1436,1.14368,1.14323,1.14348,3241,0,0
2026-07-05 21:00:00,1.14377,1.14377,1.14318,1.14335,158,0,0
2026-07-05 22:00:00,1.14346,1.14372,1.14341,1.1436,1435,0,0
2026-07-05 23:00:00,1.14361,1.14375,1.14326,1.14362,1598,0,0
2026-07-06 00:00:00,1.14362,1.14406,1.14322,1.14377,3786,0,0
2026-07-06 01:00:00,1.14378,1.14382,1.14279,1.14281,3419,0,0
2026-07-06 02:00:00,1.1428,1.14345,1.1427,1.14333,2915,0,0
2026-07-06 03:00:00,1.14333,1.14352,1.14274,1.14312,2371,0,0
2026-07-06 04:00:00,1.14311,1.14337,1.1431,1.14324,1994,0,0
2026-07-06 05:00:00,1.14324,1.14327,1.14225,1.14232,2630,0,0
2026-07-06 06:00:00,1.14231,1.14284,1.14193,1.14224,4209,0,0
2026-07-06 07:00:00,1.14225,1.14276,1.14161,1.1426,5119,0,0
2026-07-06 08:00:00,1.1426,1.14266,1.14146,1.142,3716,0,0
2026-07-06 09:00:00,1.14201,1.14208,1.14105,1.14127,3583,0,0
2026-07-06 10:00:00,1.14126,1.14207,1.14091,1.14191,3553,0,0
2026-07-06 11:00:00,1.14191,1.14198,1.14114,1.14147,3619,0,0
2026-07-06 12:00:00,1.14147,1.14192,1.14102,1.14126,3964,0,0
2026-07-06 13:00:00,1.14126,1.14221,1.14078,1.14121,5163,0,0
2026-07-06 14:00:00,1.1412,1.14196,1.14103,1.14166,5192,0,0
2026-07-06 15:00:00,1.14165,1.14256,1.14147,1.14247,4063,0,0
2026-07-06 16:00:00,1.14247,1.14315,1.14245,1.14302,2975,0,0
2026-07-06 17:00:00,1.14301,1.14389,1.14295,1.14356,2771,0,0
2026-07-06 18:00:00,1.14356,1.14444,1.14345,1.14424,2264,0,0
2026-07-06 19:00:00,1.14423,1.14424,1.14374,1.14405,2716,0,0
2026-07-06 20:00:00,1.14405,1.14415,1.14389,1.14398,1114,0,0
2026-07-06 21:00:00,1.144,1.14438,1.14396,1.14431,469,0,0
2026-07-06 22:00:00,1.14436,1.14446,1.14417,1.14444,796,0,0
2026-07-06 23:00:00,1.14445,1.14474,1.14406,1.14409,1264,0,0
2026-07-07 00:00:00,1.14409,1.14418,1.14374,1.14381,3348,0,0
2026-07-07 01:00:00,1.14382,1.14468,1.14364,1.14434,3602,0,0
2026-07-07 02:00:00,1.14433,1.14455,1.14389,1.1439,2158,0,0
2026-07-07 03:00:00,1.1439,1.14421,1.14355,1.14362,2155,0,0
2026-07-07 04:00:00,1.14363,1.14387,1.14349,1.1435,1803,0,0
2026-07-07 05:00:00,1.1435,1.14368,1.14276,1.14312,2946,0,0
2026-07-07 06:00:00,1.14313,1.14318,1.14248,1.14293,3357,0,0
2026-07-07 07:00:00,1.14293,1.14315,1.14242,1.14246,3634,0,0
2026-07-07 08:00:00,1.14246,1.14352,1.14245,1.14273,3968,0,0
2026-07-07 09:00:00,1.14273,1.14296,1.1424,1.14245,3298,0,0
2026-07-07 10:00:00,1.14245,1.14336,1.14229,1.14332,2953,0,0
2026-07-07 11:00:00,1.14332,1.14385,1.14248,1.14318,4128,0,0
2026-07-07 12:00:00,1.14319,1.14416,1.14303,1.1436,4674,0,0
2026-07-07 13:00:00,1.1436,1.14413,1.14298,1.14357,5784,0,0
2026-07-07 14:00:00,1.14358,1.14373,1.14231,1.14325,6889,0,0
2026-07-07 15:00:00,1.14324,1.14343,1.14216,1.14224,5139,0,0
2026-07-07 16:00:00,1.14224,1.14253,1.14174,1.14229,3618,0,0
2026-07-07 17:00:00,1.14229,1.14288,1.14216,1.14276,2891,0,0
2026-07-07 18:00:00,1.14276,1.14293,1.14168,1.14179,3804,0,0
2026-07-07 19:00:00,1.14179,1.14188,1.14076,1.14161,5632,0,0
2026-07-07 20:00:00,1.14161,1.14166,1.14096,1.14107,1334,0,0
2026-07-07 21:00:00,1.14068,1.14122,1.14008,1.14031,439,0,0
2026-07-07 22:00:00,1.14027,1.14084,1.14023,1.14064,945,0,0
2026-07-07 23:00:00,1.14064,1.14078,1.13996,1.14009,1318,0,0
2026-07-08 00:00:00,1.1401,1.1411,1.13996,1.14074,4070,0,0
2026-07-08 01:00:00,1.14074,1.14089,1.1398,1.14048,3828,0,0
2026-07-08 02:00:00,1.14048,1.1412,1.14041,1.14106,3070,0,0
2026-07-08 03:00:00,1.14106,1.1416,1.14106,1.14139,2426,0,0
2026-07-08 04:00:00,1.14139,1.14153,1.14104,1.14139,2307,0,0
2026-07-08 05:00:00,1.14139,1.14201,1.14119,1.14189,3232,0,0
2026-07-08 06:00:00,1.14189,1.14235,1.14166,1.14219,5462,0,0
2026-07-08 07:00:00,1.14219,1.1431,1.14163,1.14251,5618,0,0
2026-07-08 08:00:00,1.14251,1.14271,1.14001,1.14097,9345,0,0
2026-07-08 09:00:00,1.14096,1.1411,1.13955,1.14037,7509,0,0
2026-07-08 10:00:00,1.14037,1.14141,1.14006,1.14079,5032,0,0
2026-07-08 11:00:00,1.1408,1.14091,1.13925,1.13977,5433,0,0
2026-07-08 12:00:00,1.13978,1.14064,1.1395,1.13956,5850,0,0
2026-07-08 13:00:00,1.13956,1.14133,1.13952,1.14093,7520,0,0
2026-07-08 14:00:00,1.14093,1.14128,1.14027,1.14069,7061,0,0
2026-07-08 15:00:00,1.14069,1.14113,1.13906,1.13946,6468,0,0
2026-07-08 16:00:00,1.13946,1.14142,1.13942,1.14136,5767,0,0
2026-07-08 17:00:00,1.14135,1.14265,1.14135,1.14185,4646,0,0
2026-07-08 18:00:00,1.14184,1.14284,1.14158,1.14248,4243,0,0
2026-07-08 19:00:00,1.14248,1.14298,1.14221,1.14269,3942,0,0
2026-07-08 20:00:00,1.1427,1.14273,1.14146,1.14155,1578,0,0
2026-07-08 21:00:00,1.14177,1.14183,1.14143,1.14165,187,0,0
2026-07-08 22:00:00,1.14159,1.14186,1.14155,1.14185,795,0,0
2026-07-08 23:00:00,1.14185,1.14218,1.14166,1.14207,1102,0,0
2026-07-09 00:00:00,1.14208,1.14296,1.14206,1.14251,3255,0,0
2026-07-09 01:00:00,1.14251,1.14268,1.14194,1.14251,3004,0,0
2026-07-09 02:00:00,1.14252,1.14278,1.14225,1.14238,2766,0,0
2026-07-09 03:00:00,1.14238,1.14298,1.14224,1.14263,2466,0,0
2026-07-09 04:00:00,1.14262,1.14268,1.14226,1.14261,1853,0,0
2026-07-09 05:00:00,1.14261,1.14332,1.14258,1.14303,3149,0,0
2026-07-09 06:00:00,1.14303,1.14488,1.14302,1.14415,5018,0,0
2026-07-09 07:00:00,1.14415,1.14417,1.1432,1.14349,4159,0,0
2026-07-09 08:00:00,1.1435,1.14377,1.14249,1.14261,4038,0,0
2026-07-09 09:00:00,1.14262,1.14309,1.14232,1.14302,3635,0,0
2026-07-09 10:00:00,1.14302,1.14311,1.14205,1.14228,3762,0,0
2026-07-09 11:00:00,1.14228,1.14294,1.14214,1.1429,3939,0,0
2026-07-09 12:00:00,1.1429,1.14354,1.14221,1.14243,4951,0,0
2026-07-09 13:00:00,1.14241,1.14387,1.14233,1.14385,5330,0,0
2026-07-09 14:00:00,1.14386,1.14454,1.14307,1.14324,6134,0,0
2026-07-09 15:00:00,1.14324,1.144,1.14285,1.14384,4878,0,0
2026-07-09 16:00:00,1.14383,1.14407,1.14345,1.14363,2934,0,0
2026-07-09 17:00:00,1.14363,1.14401,1.14337,1.1437,2825,0,0
2026-07-09 18:00:00,1.1437,1.14375,1.14308,1.14329,2805,0,0
2026-07-09 19:00:00,1.1433,1.14338,1.14248,1.14271,2494,0,0
2026-07-09 20:00:00,1.14271,1.14296,1.14268,1.14291,867,0,0
2026-07-09 21:00:00,1.14292,1.14303,1.14271,1.14271,297,0,0
2026-07-09 22:00:00,1.1427,1.1433,1.14269,1.14327,565,0,0
2026-07-09 23:00:00,1.14328,1.14335,1.14309,1.14325,976,0,0
2026-07-10 00:00:00,1.14325,1.14415,1.14298,1.14396,3264,0,0
2026-07-10 01:00:00,1.14396,1.14493,1.14375,1.14467,4604,0,0
2026-07-10 02:00:00,1.14467,1.14602,1.14464,1.14577,4677,0,0
2026-07-10 03:00:00,1.14577,1.14589,1.14468,1.14489,2668,0,0
2026-07-10 04:00:00,1.14488,1.14489,1.1439,1.14422,2083,0,0
2026-07-10 05:00:00,1.14422,1.1444,1.14351,1.14392,2871,0,0
2026-07-10 06:00:00,1.14391,1.14469,1.14385,1.14415,4441,0,0
2026-07-10 07:00:00,1.14414,1.14419,1.14359,1.14366,4568,0,0
2026-07-10 08:00:00,1.14366,1.14417,1.14298,1.143,4677,0,0
2026-07-10 09:00:00,1.143,1.14337,1.14261,1.14266,3722,0,0
2026-07-10 10:00:00,1.14266,1.14348,1.14262,1.14328,3467,0,0
2026-07-10 11:00:00,1.14328,1.14346,1.1426,1.14303,3978,0,0
2026-07-10 12:00:00,1.14303,1.14413,1.14227,1.14285,5253,0,0
2026-07-10 13:00:00,1.14286,1.14289,1.14189,1.14201,5325,0,0
2026-07-10 14:00:00,1.14201,1.14278,1.14116,1.14218,6932,0,0
2026-07-10 15:00:00,1.14219,1.14385,1.14208,1.14371,5667,0,0
2026-07-10 16:00:00,1.14371,1.14407,1.14289,1.14289,4948,0,0
2026-07-10 17:00:00,1.1429,1.14306,1.1416,1.14171,3297,0,0
2026-07-10 18:00:00,1.14171,1.14175,1.14111,1.14158,3268,0,0
2026-07-10 19:00:00,1.14159,1.14164,1.14132,1.14153,2509,0,0
2026-07-10 20:00:00,1.14153,1.14178,1.1411,1.14137,1279,0,0
2026-07-12 21:00:00,1.14007,1.14048,1.13993,1.1402,198,0,0
2026-07-12 22:00:00,1.1402,1.14041,1.13882,1.13941,1962,0,0
2026-07-12 23:00:00,1.13942,1.14037,1.13927,1.14036,2128,0,0
2026-07-13 00:00:00,1.14037,1.14049,1.13942,1.13951,4642,0,0
2026-07-13 01:00:00,1.1395,1.13969,1.13837,1.13969,4923,0,0
2026-07-13 02:00:00,1.13969,1.13992,1.13928,1.13937,3268,0,0
2026-07-13 03:00:00,1.13936,1.13984,1.13901,1.13984,2563,0,0
2026-07-13 04:00:00,1.13983,1.14045,1.13964,1.14033,2169,0,0
2026-07-13 05:00:00,1.14033,1.14086,1.13963,1.1398,4150,0,0
2026-07-13 06:00:00,1.1398,1.14071,1.13952,1.14004,4939,0,0
2026-07-13 07:00:00,1.14003,1.14256,1.14003,1.14242,6212,0,0
2026-07-13 08:00:00,1.14241,1.14453,1.14235,1.14354,6833,0,0
2026-07-13 09:00:00,1.14354,1.14368,1.14268,1.14308,4593,0,0
2026-07-13 10:00:00,1.14309,1.1435,1.14254,1.1435,4271,0,0
2026-07-13 11:00:00,1.1435,1.14367,1.14246,1.1427,4629,0,0
2026-07-13 12:00:00,1.1427,1.14303,1.14199,1.14303,5036,0,0
2026-07-13 13:00:00,1.14303,1.14327,1.14138,1.14139,6290,0,0
2026-07-13 14:00:00,1.1414,1.14155,1.13978,1.14056,8004,0,0
2026-07-13 15:00:00,1.14056,1.1406,1.13959,1.1401,5437,0,0
2026-07-13 16:00:00,1.1401,1.1402,1.13821,1.13882,6637,0,0
2026-07-13 17:00:00,1.13881,1.13902,1.13847,1.13857,3984,0,0
2026-07-13 18:00:00,1.13857,1.13883,1.13842,1.13868,3506,0,0
2026-07-13 19:00:00,1.13868,1.13874,1.13812,1.13829,3313,0,0
2026-07-13 20:00:00,1.13829,1.13839,1.13769,1.13795,1376,0,0
2026-07-13 21:00:00,1.13793,1.13854,1.13778,1.13807,404,0,0
2026-07-13 22:00:00,1.13809,1.13853,1.13802,1.13803,1002,0,0
2026-07-13 23:00:00,1.13804,1.13833,1.13795,1.13828,2161,0,0
2026-07-14 00:00:00,1.13828,1.13888,1.13776,1.13843,6477,0,0
2026-07-14 01:00:00,1.13842,1.139,1.1384,1.13882,4694,0,0
2026-07-14 02:00:00,1.13881,1.13937,1.13881,1.139,3845,0,0
2026-07-14 03:00:00,1.13901,1.13961,1.13877,1.1393,3588,0,0
2026-07-14 04:00:00,1.13929,1.1394,1.13869,1.13901,3108,0,0
2026-07-14 05:00:00,1.139,1.13953,1.13899,1.13912,3258,0,0
2026-07-14 06:00:00,1.13912,1.13932,1.1384,1.13855,4404,0,0
2026-07-14 07:00:00,1.13855,1.1397,1.13835,1.13953,5783,0,0
2026-07-14 08:00:00,1.13954,1.14053,1.13926,1.1399,5753,0,0
2026-07-14 09:00:00,1.1399,1.14031,1.13943,1.14004,4838,0,0
2026-07-14 10:00:00,1.14004,1.1401,1.13903,1.13913,4061,0,0
2026-07-14 11:00:00,1.13912,1.14088,1.13892,1.1406,4867,0,0
2026-07-14 12:00:00,1.1406,1.14618,1.14033,1.14454,10681,0,0
2026-07-14 13:00:00,1.14452,1.14545,1.14409,1.14509,10851,0,0
2026-07-14 14:00:00,1.14508,1.14584,1.14394,1.14446,8742,0,0
2026-07-14 15:00:00,1.14446,1.14531,1.14252,1.14266,7700,0,0
2026-07-14 16:00:00,1.14266,1.14338,1.14236,1.14312,4435,0,0
2026-07-14 17:00:00,1.14312,1.14328,1.14186,1.14228,4409,0,0
2026-07-14 18:00:00,1.14226,1.14257,1.14155,1.14228,4406,0,0
2026-07-14 19:00:00,1.14228,1.14256,1.14197,1.14197,3782,0,0
2026-07-14 20:00:00,1.14197,1.14221,1.14178,1.14201,1318,0,0
2026-07-14 21:00:00,1.14183,1.14201,1.14162,1.14167,205,0,0
2026-07-14 22:00:00,1.14193,1.14212,1.14167,1.14199,1107,0,0
2026-07-14 23:00:00,1.142,1.14243,1.14193,1.14238,1431,0,0
2026-07-15 00:00:00,1.14238,1.14335,1.14233,1.14325,3253,0,0
2026-07-15 01:00:00,1.14325,1.14369,1.14318,1.14349,3682,0,0
2026-07-15 02:00:00,1.14349,1.14417,1.14326,1.14397,2981,0,0
2026-07-15 03:00:00,1.14398,1.14418,1.14328,1.14374,2743,0,0
2026-07-15 04:00:00,1.14375,1.14402,1.1436,1.14363,2109,0,0
2026-07-15 05:00:00,1.14364,1.14427,1.14347,1.14399,3049,0,0
2026-07-15 06:00:00,1.14399,1.14433,1.14274,1.14282,4486,0,0
2026-07-15 07:00:00,1.14282,1.14313,1.14193,1.14228,5194,0,0
2026-07-15 08:00:00,1.14229,1.14269,1.14204,1.14237,4050,0,0
2026-07-15 09:00:00,1.14238,1.14253,1.1416,1.14164,4339,0,0
2026-07-15 10:00:00,1.14164,1.14177,1.14102,1.14152,4221,0,0
2026-07-15 11:00:00,1.14153,1.14188,1.14095,1.14112,4479,0,0
2026-07-15 12:00:00,1.14111,1.14296,1.14055,1.14278,6676,0,0
2026-07-15 13:00:00,1.1428,1.1435,1.14231,1.14295,6702,0,0
2026-07-15 14:00:00,1.14295,1.14409,1.14295,1.14364,7583,0,0
2026-07-15 15:00:00,1.14365,1.14408,1.14311,1.14348,6074,0,0
2026-07-15 16:00:00,1.14348,1.14417,1.14296,1.14415,5528,0,0
2026-07-15 17:00:00,1.14416,1.14742,1.14414,1.14729,5619,0,0
2026-07-15 18:00:00,1.14728,1.1482,1.14654,1.14661,4826,0,0
2026-07-15 19:00:00,1.14661,1.1474,1.14608,1.14633,4846,0,0
2026-07-15 20:00:00,1.14634,1.1464,1.14603,1.14621,1295,0,0
2026-07-15 21:00:00,1.14571,1.1463,1.14571,1.14606,104,0,0
2026-07-15 22:00:00,1.1461,1.14672,1.1461,1.14664,948,0,0
2026-07-15 23:00:00,1.14664,1.14703,1.1466,1.14693,1455,0,0
2026-07-16 00:00:00,1.14693,1.14741,1.14665,1.14731,3821,0,0
2026-07-16 01:00:00,1.14731,1.14735,1.14644,1.14653,4060,0,0
2026-07-16 02:00:00,1.14653,1.14654,1.14595,1.1464,2994,0,0
2026-07-16 03:00:00,1.14641,1.14683,1.14628,1.14661,2468,0,0
2026-07-16 04:00:00,1.14661,1.14666,1.14625,1.14656,2165,0,0
2026-07-16 05:00:00,1.14657,1.14683,1.14617,1.14628,3076,0,0
2026-07-16 06:00:00,1.14627,1.14704,1.14627,1.14679,4471,0,0
2026-07-16 07:00:00,1.14679,1.14757,1.14662,1.14686,4283,0,0
2026-07-16 08:00:00,1.14686,1.14713,1.14619,1.14653,4390,0,0
2026-07-16 09:00:00,1.14653,1.14676,1.146,1.14657,3550,0,0
2026-07-16 10:00:00,1.14656,1.14678,1.14588,1.14593,3397,0,0
2026-07-16 11:00:00,1.14592,1.14683,1.14559,1.1468,4734,0,0
2026-07-16 12:00:00,1.1468,1.14702,1.14464,1.1447,6559,0,0
2026-07-16 13:00:00,1.14471,1.14585,1.14439,1.14491,6856,0,0
2026-07-16 14:00:00,1.14492,1.14533,1.14394,1.14423,6631,0,0
2026-07-16 15:00:00,1.14423,1.1449,1.14359,1.14464,5277,0,0
2026-07-16 16:00:00,1.14463,1.14465,1.14336,1.14343,4308,0,0
2026-07-16 17:00:00,1.14343,1.14378,1.14307,1.14359,3310,0,0
2026-07-16 18:00:00,1.14359,1.14386,1.14344,1.14379,3283,0,0
2026-07-16 19:00:00,1.14378,1.14411,1.14337,1.14399,3119,0,0
2026-07-16 20:00:00,1.14398,1.14435,1.1438,1.14429,1156,0,0
2026-07-16 21:00:00,1.14398,1.14401,1.14368,1.14397,124,0,0
2026-07-16 22:00:00,1.14397,1.14443,1.14395,1.14427,648,0,0
2026-07-16 23:00:00,1.14427,1.14459,1.1442,1.14445,1218,0,0
2026-07-17 00:00:00,1.14445,1.14463,1.14407,1.14462,3366,0,0
2026-07-17 01:00:00,1.14462,1.14476,1.14368,1.14387,3310,0,0
2026-07-17 02:00:00,1.14386,1.14409,1.14359,1.14363,2679,0,0
2026-07-17 03:00:00,1.14363,1.14396,1.14352,1.14387,2341,0,0
2026-07-17 04:00:00,1.14387,1.14388,1.1434,1.14355,1983,0,0
2026-07-17 05:00:00,1.14355,1.1443,1.1435,1.14392,2993,0,0
2026-07-17 06:00:00,1.14392,1.14516,1.14391,1.14493,4327,0,0
2026-07-17 07:00:00,1.14493,1.14516,1.14436,1.14443,4084,0,0
2026-07-17 08:00:00,1.14442,1.14473,1.1435,1.14406,5167,0,0
2026-07-17 09:00:00,1.14405,1.14418,1.14357,1.144,4413,0,0
2026-07-17 10:00:00,1.14399,1.14399,1.14255,1.14261,4397,0,0
2026-07-17 11:00:00,1.1426,1.14354,1.14239,1.14296,3970,0,0
2026-07-17 12:00:00,1.14296,1.14348,1.14244,1.14284,4271,0,0
2026-07-17 13:00:00,1.14284,1.14363,1.14238,1.14354,6540,0,0
2026-07-17 14:00:00,1.14354,1.14436,1.14324,1.14392,6120,0,0
2026-07-17 15:00:00,1.14391,1.14439,1.14365,1.14394,5051,0,0
2026-07-17 16:00:00,1.14395,1.14411,1.14335,1.14376,4548,0,0
2026-07-17 17:00:00,1.14377,1.14382,1.14327,1.14337,3368,0,0
2026-07-17 18:00:00,1.14338,1.14368,1.14331,1.14348,2749,0,0
2026-07-17 19:00:00,1.14348,1.14409,1.14331,1.14404,3190,0,0
2026-07-17 20:00:00,1.14403,1.14419,1.14354,1.14369,1271,0,0
2026-07-19 21:00:00,1.14248,1.14288,1.14243,1.14259,128,0,0
2026-07-19 22:00:00,1.14259,1.14308,1.1424,1.14256,1960,0,0
2026-07-19 23:00:00,1.14258,1.1427,1.14232,1.14268,2111,0,0
2026-07-20 00:00:00,1.14268,1.1433,1.14258,1.14329,3232,0,0
2026-07-20 01:00:00,1.14329,1.14359,1.14308,1.14355,3809,0,0
2026-07-20 02:00:00,1.14356,1.14424,1.1434,1.14405,2717,0,0
2026-07-20 03:00:00,1.14403,1.1442,1.1439,1.14413,1836,0,0
2026-07-20 04:00:00,1.14413,1.14445,1.14405,1.14439,1962,0,0
2026-07-20 05:00:00,1.14438,1.14444,1.14394,1.14395,2478,0,0
2026-07-20 06:00:00,1.14395,1.14416,1.14335,1.14347,4259,0,0
2026-07-20 07:00:00,1.14347,1.14491,1.14336,1.14435,5272,0,0
2026-07-20 08:00:00,1.14436,1.1445,1.14369,1.14384,3823,0,0
2026-07-20 09:00:00,1.14384,1.14391,1.14269,1.14293,3428,0,0
2026-07-20 10:00:00,1.14294,1.14355,1.14277,1.14305,3402,0,0
2026-07-20 11:00:00,1.14305,1.14399,1.14275,1.14288,4993,0,0
2026-07-20 12:00:00,1.14287,1.14295,1.14164,1.14231,5512,0,0
2026-07-20 13:00:00,1.1423,1.1424,1.14139,1.14146,5267,0,0
2026-07-20 14:00:00,1.14146,1.14171,1.14018,1.1406,5608,0,0
2026-07-20 15:00:00,1.1406,1.14119,1.14042,1.14108,4725,0,0
2026-07-20 16:00:00,1.14107,1.14166,1.14069,1.14111,3979,0,0
2026-07-20 17:00:00,1.1411,1.14148,1.14107,1.14134,3045,0,0
2026-07-20 18:00:00,1.14133,1.14183,1.14126,1.14148,3223,0,0
2026-07-20 19:00:00,1.14148,1.14176,1.14127,1.14151,3070,0,0
2026-07-20 20:00:00,1.1415,1.14164,1.14119,1.14134,1035,0,0
2026-07-20 21:00:00,1.14135,1.14145,1.1408,1.14088,133,0,0
2026-07-20 22:00:00,1.14087,1.14131,1.14087,1.14125,1010,0,0
2026-07-20 23:00:00,1.14125,1.14155,1.14119,1.14153,1184,0,0
2026-07-21 00:00:00,1.14153,1.14177,1.14109,1.14126,2912,0,0
2026-07-21 01:00:00,1.14127,1.1416,1.14116,1.1414,3298,0,0
2026-07-21 02:00:00,1.1414,1.14157,1.14099,1.14106,2447,0,0
2026-07-21 03:00:00,1.14106,1.14148,1.14084,1.14118,2154,0,0
2026-07-21 04:00:00,1.14119,1.14176,1.14116,1.14173,1751,0,0
2026-07-21 05:00:00,1.14174,1.14213,1.14153,1.14172,2470,0,0
2026-07-21 06:00:00,1.14169,1.14231,1.14167,1.14207,3861,0,0
2026-07-21 07:00:00,1.14208,1.14272,1.142,1.14223,4239,0,0
2026-07-21 08:00:00,1.14223,1.14256,1.14177,1.14203,3479,0,0
2026-07-21 09:00:00,1.14203,1.14281,1.14196,1.14219,3033,0,0
2026-07-21 10:00:00,1.14219,1.1428,1.14195,1.14196,3175,0,0
2026-07-21 11:00:00,1.14196,1.14224,1.14159,1.14186,3358,0,0
2026-07-21 12:00:00,1.14186,1.14199,1.14128,1.14166,4484,0,0
2026-07-21 13:00:00,1.14167,1.14175,1.14049,1.14108,5460,0,0
2026-07-21 14:00:00,1.14108,1.1419,1.1402,1.14053,5759,0,0
2026-07-21 15:00:00,1.14052,1.14109,1.14022,1.14068,4713,0,0
2026-07-21 16:00:00,1.14068,1.14103,1.14063,1.14075,2725,0,0
2026-07-21 17:00:00,1.14075,1.14099,1.14058,1.14062,2399,0,0
2026-07-21 18:00:00,1.14063,1.14064,1.13981,1.14023,3084,0,0
2026-07-21 19:00:00,1.14023,1.14034,1.13997,1.14009,2345,0,0
2026-07-21 20:00:00,1.1401,1.14025,1.13963,1.13967,1219,0,0
2026-07-21 21:00:00,1.13965,1.13992,1.13957,1.13989,143,0,0
2026-07-21 22:00:00,1.13989,1.14001,1.13982,1.13986,675,0,0
2026-07-21 23:00:00,1.13987,1.14018,1.13975,1.14016,1047,0,0
2026-07-22 00:00:00,1.14017,1.14066,1.14005,1.14034,3554,0,0
2026-07-22 01:00:00,1.14035,1.14061,1.13983,1.14024,2894,0,0
2026-07-22 02:00:00,1.14024,1.14096,1.14005,1.1405,2384,0,0
2026-07-22 03:00:00,1.14051,1.14074,1.14037,1.14068,2182,0,0
2026-07-22 04:00:00,1.14068,1.14079,1.14043,1.14078,1588,0,0
2026-07-22 05:00:00,1.14078,1.1409,1.14049,1.1409,2444,0,0
2026-07-22 06:00:00,1.1409,1.14132,1.14065,1.14114,4023,0,0
2026-07-22 07:00:00,1.14115,1.14176,1.1403,1.14088,4678,0,0
2026-07-22 08:00:00,1.14088,1.14119,1.14034,1.14094,4195,0,0
2026-07-22 09:00:00,1.14094,1.14128,1.14037,1.14043,3965,0,0
2026-07-22 10:00:00,1.14043,1.1407,1.13999,1.14031,3780,0,0
2026-07-22 11:00:00,1.14031,1.14068,1.14017,1.14063,4562,0,0
2026-07-22 12:00:00,1.14063,1.14131,1.14035,1.14073,4597,0,0
2026-07-22 13:00:00,1.14073,1.1421,1.14067,1.14128,5717,0,0
2026-07-22 14:00:00,1.14127,1.14179,1.14072,1.14087,5631,0,0
2026-07-22 15:00:00,1.14087,1.14134,1.14069,1.1413,4497,0,0
2026-07-22 16:00:00,1.1413,1.14134,1.14056,1.14087,3692,0,0
2026-07-22 17:00:00,1.14086,1.14122,1.14074,1.14094,2839,0,0
2026-07-22 18:00:00,1.14095,1.14106,1.14074,1.14104,2532,0,0
2026-07-22 19:00:00,1.14104,1.14117,1.14087,1.14107,1963,0,0
2026-07-22 20:00:00,1.14107,1.14122,1.141,1.14115,1186,0,0
2026-07-22 21:00:00,1.14086,1.14087,1.14044,1.14069,255,0,0
2026-07-22 22:00:00,1.1407,1.14088,1.14053,1.14073,987,0,0
2026-07-22 23:00:00,1.14074,1.14111,1.14074,1.14109,1177,0,0
2026-07-23 00:00:00,1.14109,1.1417,1.14099,1.14167,2519,0,0
2026-07-23 01:00:00,1.14167,1.14199,1.14154,1.14158,3595,0,0
2026-07-23 02:00:00,1.14158,1.14276,1.14156,1.14269,2503,0,0
2026-07-23 03:00:00,1.14271,1.143,1.14227,1.14286,2691,0,0
2026-07-23 04:00:00,1.14286,1.14352,1.14278,1.14321,2839,0,0
2026-07-23 05:00:00,1.1432,1.14345,1.14281,1.14294,2417,0,0
2026-07-23 06:00:00,1.14293,1.14324,1.14232,1.14248,3482,0,0
2026-07-23 07:00:00,1.14248,1.1427,1.14192,1.14239,4860,0,0
2026-07-23 08:00:00,1.14239,1.14246,1.14064,1.141,5000,0,0
2026-07-23 09:00:00,1.14099,1.14146,1.14091,1.14124,3847,0,0
2026-07-23 10:00:00,1.14125,1.14127,1.14026,1.14039,4054,0,0
2026-07-23 11:00:00,1.14039,1.1406,1.13827,1.13941,5502,0,0
2026-07-23 12:00:00,1.13941,1.1395,1.13752,1.13845,6492,0,0
2026-07-23 13:00:00,1.13844,1.13856,1.13675,1.13719,8083,0,0
2026-07-23 14:00:00,1.13719,1.13756,1.13633,1.1371,7848,0,0
2026-07-23 15:00:00,1.1371,1.13755,1.13654,1.13721,6907,0,0
2026-07-23 16:00:00,1.13722,1.13797,1.1372,1.13794,5303,0,0
2026-07-23 17:00:00,1.13795,1.13804,1.13707,1.13708,4342,0,0
2026-07-23 18:00:00,1.13709,1.13759,1.13706,1.13756,3163,0,0
2026-07-23 19:00:00,1.13756,1.13793,1.13732,1.13768,3296,0,0
2026-07-23 20:00:00,1.13768,1.13793,1.13759,1.13765,1217,0,0
2026-07-23 21:00:00,1.13741,1.13788,1.13703,1.13731,176,0,0
2026-07-23 22:00:00,1.13731,1.13793,1.13731,1.13789,704,0,0
2026-07-23 23:00:00,1.1379,1.13793,1.13751,1.13759,1394,0,0
2026-07-24 00:00:00,1.13759,1.13833,1.13746,1.13833,3587,0,0
2026-07-24 01:00:00,1.13835,1.13866,1.13812,1.13834,3737,0,0
2026-07-24 02:00:00,1.13834,1.13869,1.13802,1.13803,2810,0,0
2026-07-24 03:00:00,1.13803,1.13819,1.13771,1.13817,2662,0,0
2026-07-24 04:00:00,1.13818,1.13834,1.13761,1.13786,2281,0,0
2026-07-24 05:00:00,1.13787,1.13829,1.1376,1.13773,2785,0,0
2026-07-24 06:00:00,1.13771,1.13864,1.13767,1.13863,4375,0,0
2026-07-24 07:00:00,1.13862,1.14006,1.13858,1.13894,5140,0,0
2026-07-24 08:00:00,1.13894,1.13899,1.13807,1.13828,4598,0,0
2026-07-24 09:00:00,1.13828,1.13886,1.13818,1.13885,3932,0,0
2026-07-24 10:00:00,1.13885,1.13924,1.13804,1.13823,3548,0,0
2026-07-24 11:00:00,1.13824,1.13876,1.13706,1.13741,4232,0,0
2026-07-24 12:00:00,1.13741,1.13778,1.13668,1.13694,5308,0,0
2026-07-24 13:00:00,1.13692,1.13762,1.13643,1.1376,6060,0,0
2026-07-24 14:00:00,1.13761,1.13802,1.13699,1.13776,6112,0,0
2026-07-24 15:00:00,1.13776,1.13902,1.13765,1.1384,6307,0,0
2026-07-24 16:00:00,1.1384,1.13859,1.13771,1.13772,3722,0,0
2026-07-24 17:00:00,1.13772,1.13773,1.1367,1.13689,3261,0,0
2026-07-24 18:00:00,1.1369,1.13706,1.13667,1.13693,2497,0,0
2026-07-24 19:00:00,1.13693,1.13717,1.13675,1.13693,2770,0,0
2026-07-24 20:00:00,1.13694,1.13706,1.13666,1.13701,1149,0,0
2026-07-26 21:00:00,1.13898,1.13951,1.13865,1.13865,341,0,0
2026-07-26 22:00:00,1.13864,1.13994,1.13864,1.13886,1968,0,0
2026-07-26 23:00:00,1.13887,1.13947,1.13879,1.13942,1885,0,0
2026-07-27 00:00:00,1.13942,1.14124,1.13942,1.1401,5373,0,0
2026-07-27 01:00:00,1.14011,1.14137,1.14011,1.14137,4267,0,0
2026-07-27 02:00:00,1.14137,1.14138,1.14049,1.14049,2950,0,0
2026-07-27 03:00:00,1.1405,1.14066,1.14007,1.1403,2311,0,0
2026-07-27 04:00:00,1.1403,1.14046,1.14015,1.1403,1830,0,0
2026-07-27 05:00:00,1.14031,1.1407,1.14019,1.14056,2397,0,0
2026-07-27 06:00:00,1.14057,1.14177,1.14049,1.1408,4606,0,0
2026-07-27 07:00:00,1.14075,1.14093,1.13956,1.13958,5367,0,0
2026-07-27 08:00:00,1.13958,1.14028,1.13942,1.14017,4481,0,0
2026-07-27 09:00:00,1.14016,1.14028,1.13941,1.13959,3570,0,0
2026-07-27 10:00:00,1.13957,1.14009,1.13929,1.13947,3668,0,0
2026-07-27 11:00:00,1.13947,1.13954,1.13846,1.13859,4394,0,0
2026-07-27 12:00:00,1.1386,1.13898,1.13758,1.13827,4554,0,0
2026-07-27 13:00:00,1.13829,1.1386,1.13719,1.13735,6034,0,0
2026-07-27 14:00:00,1.13736,1.13763,1.13683,1.13718,5952,0,0
2026-07-27 15:00:00,1.13718,1.13777,1.13678,1.13746,5406,0,0
2026-07-27 16:00:00,1.13747,1.13846,1.13731,1.13791,4643,0,0
2026-07-27 17:00:00,1.13792,1.13792,1.13681,1.13717,3867,0,0
2026-07-27 18:00:00,1.13717,1.13732,1.13668,1.13677,3296,0,0
2026-07-27 19:00:00,1.13679,1.13728,1.13666,1.13692,2806,0,0
2026-07-27 20:00:00,1.13693,1.13716,1.13662,1.1367,885,0,0
2026-07-27 21:00:00,1.13668,1.13703,1.13657,1.13673,728,0,0
2026-07-27 22:00:00,1.13675,1.13712,1.13667,1.13687,811,0,0
2026-07-27 23:00:00,1.13687,1.13699,1.13672,1.13686,1046,0,0
2026-07-28 00:00:00,1.13686,1.1374,1.13661,1.13737,2592,0,0
2026-07-28 01:00:00,1.13737,1.13767,1.137,1.13727,2758,0,0
2026-07-28 02:00:00,1.13726,1.13782,1.13706,1.13767,2229,0,0
2026-07-28 03:00:00,1.13766,1.13796,1.13732,1.1374,2665,0,0
2026-07-28 04:00:00,1.1374,1.1374,1.13675,1.13681,2055,0,0
2026-07-28 05:00:00,1.13681,1.13683,1.13612,1.13652,2737,0,0
2026-07-28 06:00:00,1.13653,1.13723,1.13643,1.13681,3667,0,0
2026-07-28 07:00:00,1.13682,1.1373,1.13626,1.13643,3898,0,0
2026-07-28 08:00:00,1.13643,1.13721,1.13641,1.13719,3948,0,0
2026-07-28 09:00:00,1.1372,1.13726,1.13553,1.13559,3234,0,0
2026-07-28 10:00:00,1.13558,1.13625,1.13528,1.13601,3361,0,0
2026-07-28 11:00:00,1.13601,1.13673,1.13561,1.13647,4039,0,0
2026-07-28 12:00:00,1.13646,1.13679,1.13603,1.13653,3996,0,0
2026-07-28 13:00:00,1.13652,1.13735,1.13652,1.13718,5042,0,0
2026-07-28 14:00:00,1.13718,1.13859,1.13702,1.13852,5643,0,0
2026-07-28 15:00:00,1.13852,1.14016,1.13834,1.13999,6835,0,0
2026-07-28 16:00:00,1.13998,1.14047,1.13952,1.13953,4211,0,0
2026-07-28 17:00:00,1.13954,1.13974,1.13877,1.13886,3700,0,0
2026-07-28 18:00:00,1.13886,1.13909,1.13856,1.13861,3018,0,0
2026-07-28 19:00:00,1.13862,1.13913,1.13856,1.13868,2442,0,0
2026-07-28 20:00:00,1.13869,1.13885,1.13846,1.13855,1175,0,0
2026-07-28 21:00:00,1.13885,1.13914,1.13873,1.13884,178,0,0
2026-07-28 22:00:00,1.13884,1.13905,1.13835,1.13846,1437,0,0
2026-07-28 23:00:00,1.13847,1.13859,1.13816,1.13854,1926,0,0
2026-07-29 00:00:00,1.13854,1.13908,1.13822,1.13903,3026,0,0
2026-07-29 01:00:00,1.13904,1.1392,1.13847,1.13908,3853,0,0
2026-07-29 02:00:00,1.13909,1.13954,1.13897,1.13942,2898,0,0
2026-07-29 03:00:00,1.13942,1.14003,1.13938,1.13965,2329,0,0
2026-07-29 04:00:00,1.13964,1.14032,1.13957,1.14005,2756,0,0
2026-07-29 05:00:00,1.14005,1.14024,1.1397,1.13977,2602,0,0
2026-07-29 06:00:00,1.13977,1.14003,1.13894,1.13914,3965,0,0
2026-07-29 07:00:00,1.13914,1.14005,1.13897,1.13972,3473,0,0
2026-07-29 08:00:00,1.13973,1.14,1.13926,1.13959,4294,0,0
2026-07-29 09:00:00,1.13959,1.13964,1.13911,1.13913,3498,0,0
2026-07-29 10:00:00,1.13913,1.13923,1.13827,1.13848,3445,0,0
2026-07-29 11:00:00,1.13849,1.13879,1.13796,1.13814,3414,0,0
2026-07-29 12:00:00,1.13815,1.13824,1.1374,1.13777,4824,0,0
2026-07-29 13:00:00,1.13776,1.13918,1.1376,1.13912,5258,0,0
2026-07-29 14:00:00,1.1391,1.13963,1.13801,1.13802,6449,0,0
2026-07-29 15:00:00,1.13802,1.13849,1.13773,1.13823,4950,0,0
2026-07-29 16:00:00,1.13824,1.13854,1.13762,1.13846,3560,0,0
2026-07-29 17:00:00,1.13845,1.13991,1.13839,1.13946,4179,0,0
2026-07-29 18:00:00,1.13946,1.14518,1.13878,1.14513,14216,0,0
2026-07-29 19:00:00,1.14513,1.1466,1.14394,1.14473,12228,0,0
2026-07-29 20:00:00,1.14475,1.14702,1.14463,1.14665,3524,0,0
2026-07-29 21:00:00,1.14644,1.14644,1.14555,1.14592,546,0,0
2026-07-29 22:00:00,1.14592,1.1471,1.14592,1.14707,1452,0,0
2026-07-29 23:00:00,1.14708,1.14744,1.14638,1.14665,2259,0,0
2026-07-30 00:00:00,1.14664,1.14675,1.14554,1.14574,4537,0,0
2026-07-30 01:00:00,1.14575,1.14605,1.14518,1.14527,3330,0,0
2026-07-30 02:00:00,1.14527,1.14545,1.14507,1.14523,2487,0,0
2026-07-30 03:00:00,1.14523,1.14536,1.14472,1.14491,2250,0,0
2026-07-30 04:00:00,1.14491,1.14535,1.14484,1.14503,1819,0,0
2026-07-30 05:00:00,1.14504,1.14561,1.14483,1.14494,2987,0,0
2026-07-30 06:00:00,1.14494,1.14508,1.14427,1.14463,4416,0,0
2026-07-30 07:00:00,1.14463,1.14506,1.14338,1.14371,5451,0,0
2026-07-30 08:00:00,1.14372,1.1455,1.14366,1.14477,5288,0,0
2026-07-30 09:00:00,1.14476,1.1467,1.14475,1.14641,4656,0,0
2026-07-30 10:00:00,1.14641,1.14835,1.14608,1.14724,6874,0,0
2026-07-30 11:00:00,1.14723,1.14775,1.14644,1.14753,4580,0,0
2026-07-30 12:00:00,1.14754,1.14828,1.14688,1.1472,7117,0,0
2026-07-30 13:00:00,1.1472,1.15233,1.1469,1.15231,11443,0,0
2026-07-30 14:00:00,1.1523,1.15364,1.1502,1.15024,14327,0,0
2026-07-30 15:00:00,1.15024,1.15243,1.1498,1.15205,7987,0,0
2026-07-30 16:00:00,1.15205,1.153,1.15204,1.1528,5960,0,0
2026-07-30 17:00:00,1.1528,1.15303,1.15131,1.15289,6651,0,0
2026-07-30 18:00:00,1.1529,1.15349,1.15268,1.15348,4390,0,0
2026-07-30 19:00:00,1.15347,1.15351,1.15275,1.15306,3507,0,0
2026-07-30 20:00:00,1.15306,1.15322,1.15259,1.15265,1528,0,0
2026-07-30 21:00:00,1.15241,1.15254,1.15225,1.15235,138,0,0
2026-07-30 22:00:00,1.1525,1.15305,1.15246,1.15282,1329,0,0
2026-07-30 23:00:00,1.15282,1.15303,1.15217,1.15225,2415,0,0
2026-07-31 00:00:00,1.15228,1.1526,1.15147,1.15174,4635,0,0
2026-07-31 01:00:00,1.15173,1.15208,1.15094,1.15094,4383,0,0
2026-07-31 02:00:00,1.15095,1.15158,1.15095,1.15115,3032,0,0
2026-07-31 03:00:00,1.15114,1.15131,1.15057,1.15129,3156,0,0
2026-07-31 04:00:00,1.15129,1.15136,1.15038,1.15077,2601,0,0
2026-07-31 05:00:00,1.15076,1.15091,1.15041,1.15058,3068,0,0
2026-07-31 06:00:00,1.15058,1.15216,1.15048,1.15164,5785,0,0
2026-07-31 07:00:00,1.15164,1.15243,1.15109,1.15139,5652,0,0
2026-07-31 08:00:00,1.15138,1.15257,1.15038,1.15213,6221,0,0
2026-07-31 09:00:00,1.15209,1.15244,1.15026,1.15049,7277,0,0
2026-07-31 10:00:00,1.15049,1.15076,1.15005,1.15013,4090,0,0
2026-07-31 11:00:00,1.15013,1.15015,1.14842,1.14846,5318,0,0
2026-07-31 12:00:00,1.14847,1.14902,1.14808,1.14875,4853,0,0
2026-07-31 13:00:00,1.14877,1.1503,1.14546,1.14662,10841,0,0
2026-07-31 14:00:00,1.1466,1.15058,1.14619,1.15041,11260,0,0
2026-07-31 15:00:00,1.1504,1.15181,1.14966,1.15176,8108,0,0
2026-07-31 16:00:00,1.15175,1.15186,1.15118,1.15166,5237,0,0
2026-07-31 17:00:00,1.15167,1.15369,1.15163,1.15326,7602,0,0
2026-07-31 18:00:00,1.15327,1.15357,1.15238,1.15301,5476,0,0
2026-07-31 19:00:00,1.15302,1.15355,1.15264,1.15306,4495,0,0
2026-07-31 20:00:00,1.15307,1.15464,1.15232,1.15303,5992,0,0
2026-08-02 21:00:00,1.15442,1.15489,1.15423,1.15464,375,0,0
2026-08-02 22:00:00,1.15464,1.15583,1.15458,1.15478,2622,0,0
2026-08-02 23:00:00,1.15478,1.15505,1.15415,1.15431,3043,0,0
2026-08-03 00:00:00,1.15431,1.15555,1.15345,1.15418,8086,0,0
2026-08-03 01:00:00,1.15418,1.15454,1.15294,1.15317,5681,0,0
2026-08-03 02:00:00,1.15317,1.15349,1.15279,1.15304,3333,0,0
2026-08-03 03:00:00,1.15304,1.15306,1.15263,1.15293,3021,0,0
2026-08-03 04:00:00,1.15293,1.15355,1.15284,1.15337,2602,0,0
2026-08-03 05:00:00,1.15337,1.15371,1.15311,1.15367,2862,0,0
2026-08-03 06:00:00,1.15366,1.15383,1.15231,1.15264,4745,0,0
2026-08-03 07:00:00,1.15263,1.15317,1.15201,1.15254,5228,0,0
2026-08-03 08:00:00,1.15254,1.15271,1.15203,1.15222,4383,0,0
2026-08-03 09:00:00,1.15222,1.15296,1.15193,1.15216,4482,0,0
2026-08-03 10:00:00,1.15216,1.1524,1.15165,1.15215,4347,0,0
2026-08-03 11:00:00,1.15214,1.1532,1.15201,1.15319,4283,0,0
2026-08-03 12:00:00,1.15319,1.15345,1.15221,1.15275,5240,0,0
2026-08-03 13:00:00,1.15274,1.15345,1.15211,1.15269,7483,0,0
2026-08-03 14:00:00,1.15235,1.15268,1.15095,1.15134,7347,0,0
2026-08-03 15:00:00,1.15134,1.15136,1.14997,1.1509,6323,0,0
2026-08-03 16:00:00,1.1509,1.15099,1.15038,1.15063,4193,0,0
2026-08-03 17:00:00,1.15062,1.15064,1.15007,1.15015,3182,0,0
2026-08-03 18:00:00,1.15015,1.15141,1.15009,1.15131,3400,0,0
2026-08-03 19:00:00,1.1513,1.15141,1.15089,1.15097,2769,0,0
2026-08-03 20:00:00,1.15097,1.15103,1.15057,1.15079,1347,0,0
2026-08-03 21:00:00,1.15077,1.15092,1.15052,1.1507,371,0,0
2026-08-03 22:00:00,1.15069,1.15103,1.15061,1.15083,862,0,0
2026-08-03 23:00:00,1.15083,1.15098,1.15057,1.15063,1612,0,0
2026-08-04 00:00:00,1.15064,1.15145,1.15042,1.1505,3551,0,0
2026-08-04 01:00:00,1.1505,1.1514,1.15017,1.15118,3683,0,0
2026-08-04 02:00:00,1.15118,1.15133,1.15071,1.15076,2931,0,0
2026-08-04 03:00:00,1.15075,1.15135,1.15069,1.15075,2749,0,0
2026-08-04 04:00:00,1.15075,1.15105,1.15052,1.15097,1999,0,0
2026-08-04 05:00:00,1.15098,1.15099,1.15032,1.15067,2646,0,0
2026-08-04 06:00:00,1.15067,1.151,1.15032,1.15068,4227,0,0
2026-08-04 07:00:00,1.15068,1.15165,1.15057,1.15102,4101,0,0
2026-08-04 08:00:00,1.15102,1.15137,1.15057,1.15073,4291,0,0
2026-08-04 09:00:00,1.15073,1.15107,1.15028,1.15074,3759,0,0
2026-08-04 10:00:00,1.15075,1.15183,1.1507,1.15133,4667,0,0
2026-08-04 11:00:00,1.15132,1.15229,1.15109,1.15156,5773,0,0
2026-08-04 12:00:00,1.15156,1.15227,1.15128,1.15143,4771,0,0
2026-08-04 13:00:00,1.15143,1.15256,1.15087,1.1523,6774,0,0
2026-08-04 14:00:00,1.15232,1.15302,1.15184,1.15224,6395,0,0
2026-08-04 15:00:00,1.15225,1.15259,1.15128,1.15257,5698,0,0
2026-08-04 16:00:00,1.15257,1.15261,1.15159,1.1518,3106,0,0
2026-08-04 17:00:00,1.1518,1.15258,1.1518,1.15235,3072,0,0
2026-08-04 18:00:00,1.15235,1.15331,1.15222,1.15323,3220,0,0
2026-08-04 19:00:00,1.15322,1.15329,1.1529,1.15302,2926,0,0
2026-08-04 20:00:00,1.15302,1.15336,1.15299,1.1533,1226,0,0
2026-08-04 21:00:00,1.15288,1.15305,1.15257,1.15284,248,0,0
2026-08-04 22:00:00,1.15284,1.15322,1.15284,1.15322,639,0,0
2026-08-04 23:00:00,1.15322,1.15327,1.15293,1.15315,1308,0,0
2026-08-05 00:00:00,1.15316,1.15349,1.15291,1.15308,3053,0,0
2026-08-05 01:00:00,1.15309,1.15312,1.15262,1.15266,2887,0,0
2026-08-05 02:00:00,1.15266,1.154,1.15261,1.15343,3850,0,0
2026-08-05 03:00:00,1.15343,1.15399,1.1534,1.15367,2568,0,0
2026-08-05 04:00:00,1.15369,1.15397,1.15341,1.15356,2784,0,0
2026-08-05 05:00:00,1.15356,1.15376,1.15312,1.15352,2932,0,0
2026-08-05 06:00:00,1.1535,1.15453,1.15318,1.15442,4588,0,0
2026-08-05 07:00:00,1.15441,1.15461,1.15333,1.15375,5263,0,0
2026-08-05 08:00:00,1.15374,1.15438,1.15305,1.15351,4470,0,0
2026-08-05 09:00:00,1.15351,1.15421,1.15331,1.15392,4662,0,0
2026-08-05 10:00:00,1.15392,1.15404,1.15345,1.1539,3968,0,0
2026-08-05 11:00:00,1.1539,1.15547,1.1539,1.15522,5107,0,0
2026-08-05 12:00:00,1.15521,1.15566,1.15442,1.1545,5586,0,0
2026-08-05 13:00:00,1.15451,1.15534,1.15395,1.15427,6948,0,0
2026-08-05 14:00:00,1.1543,1.15562,1.15416,1.15529,7807,0,0
2026-08-05 15:00:00,1.15529,1.15561,1.15423,1.15454,6488,0,0
2026-08-05 16:00:00,1.15454,1.15487,1.15422,1.15453,4177,0,0
2026-08-05 17:00:00,1.15454,1.15568,1.15421,1.15557,3250,0,0
2026-08-05 18:00:00,1.15556,1.15589,1.15526,1.15531,3501,0,0
2026-08-05 19:00:00,1.15531,1.15542,1.15469,1.15503,3167,0,0
2026-08-05 20:00:00,1.15503,1.15535,1.15485,1.15526,1473,0,0
2026-08-05 21:00:00,1.15523,1.15559,1.1548,1.1549,358,0,0
2026-08-05 22:00:00,1.15498,1.15544,1.15498,1.1554,921,0,0
2026-08-05 23:00:00,1.15543,1.15572,1.15536,1.15564,1166,0,0
2026-08-06 00:00:00,1.15563,1.15591,1.1554,1.15558,2947,0,0
2026-08-06 01:00:00,1.15559,1.1557,1.1553,1.15544,3376,0,0
2026-08-06 02:00:00,1.15543,1.15574,1.1552,1.15531,2545,0,0
2026-08-06 03:00:00,1.15532,1.15534,1.15463,1.15482,2108,0,0
2026-08-06 04:00:00,1.15482,1.15491,1.15464,1.15484,1649,0,0
2026-08-06 05:00:00,1.15485,1.155,1.15441,1.15487,1975,0,0
2026-08-06 06:00:00,1.15487,1.15511,1.15425,1.15441,3701,0,0
2026-08-06 07:00:00,1.15442,1.1546,1.15405,1.15437,4214,0,0
2026-08-06 08:00:00,1.15436,1.15446,1.15384,1.15426,4114,0,0
2026-08-06 09:00:00,1.15427,1.15434,1.1536,1.15379,3300,0,0
2026-08-06 10:00:00,1.15378,1.15422,1.15359,1.15404,3035,0,0
2026-08-06 11:00:00,1.15403,1.15463,1.1537,1.15446,4031,0,0
2026-08-06 12:00:00,1.15446,1.15451,1.15362,1.1538,4552,0,0
2026-08-06 13:00:00,1.15379,1.15443,1.15351,1.15423,5193,0,0
2026-08-06 14:00:00,1.15423,1.15436,1.15299,1.15346,6555,0,0
2026-08-06 15:00:00,1.15347,1.15352,1.15186,1.15201,6551,0,0
2026-08-06 16:00:00,1.15201,1.15222,1.15141,1.152,4157,0,0
2026-08-06 17:00:00,1.152,1.15223,1.15169,1.15222,3200,0,0
2026-08-06 18:00:00,1.15222,1.15242,1.15209,1.1523,2255,0,0
2026-08-06 19:00:00,1.15231,1.15251,1.15166,1.15226,3388,0,0
2026-08-06 20:00:00,1.15226,1.15233,1.15181,1.15226,1218,0,0
2026-08-06 21:00:00,1.1524,1.1524,1.15173,1.15185,280,0,0
2026-08-06 22:00:00,1.15181,1.1522,1.1518,1.15211,550,0,0
2026-08-06 23:00:00,1.15213,1.15238,1.15212,1.15235,872,0,0
2026-08-07 00:00:00,1.15236,1.15236,1.15175,1.15185,3005,0,0
2026-08-07 01:00:00,1.15186,1.15251,1.15178,1.15211,2769,0,0
2026-08-07 02:00:00,1.15209,1.15229,1.15201,1.15209,1941,0,0
2026-08-07 03:00:00,1.15209,1.15228,1.15193,1.15227,1768,0,0
2026-08-07 04:00:00,1.15227,1.15238,1.1521,1.15229,2070,0,0
2026-08-07 05:00:00,1.15229,1.15248,1.15202,1.15218,2011,0,0
2026-08-07 06:00:00,1.15217,1.15245,1.15204,1.15216,3368,0,0
2026-08-07 07:00:00,1.15216,1.15237,1.15171,1.15218,3451,0,0
2026-08-07 08:00:00,1.15219,1.15247,1.15175,1.1523,3846,0,0
2026-08-07 09:00:00,1.1523,1.15307,1.15224,1.15285,3646,0,0
2026-08-07 10:00:00,1.15284,1.15287,1.15251,1.15265,3459,0,0
2026-08-07 11:00:00,1.15265,1.15327,1.15259,1.15325,3704,0,0
2026-08-07 12:00:00,1.15324,1.15804,1.15261,1.15722,10122,0,0
2026-08-07 13:00:00,1.15722,1.15749,1.1556,1.15569,7997,0,0
2026-08-07 14:00:00,1.15571,1.15637,1.15499,1.15526,6994,0,0
2026-08-07 15:00:00,1.15526,1.15632,1.15495,1.1558,5745,0,0
2026-08-07 16:00:00,1.1558,1.15667,1.15569,1.15584,4519,0,0
2026-08-07 17:00:00,1.15584,1.15629,1.15568,1.15605,2718,0,0
2026-08-07 18:00:00,1.15605,1.15656,1.15583,1.15644,2562,0,0
2026-08-07 19:00:00,1.15645,1.15696,1.15603,1.1561,3633,0,0
2026-08-07 20:00:00,1.1561,1.15612,1.15549,1.15578,1565,0,0
2026-08-09 21:00:00,1.15622,1.15645,1.15587,1.15597,233,0,0
2026-08-09 22:00:00,1.15594,1.15614,1.15542,1.15549,727,0,0
2026-08-09 23:00:00,1.15549,1.15578,1.15538,1.15549,1511,0,0
2026-08-10 00:00:00,1.15549,1.15585,1.15535,1.15576,3378,0,0
2026-08-10 01:00:00,1.15576,1.15585,1.15514,1.15534,3904,0,0
2026-08-10 02:00:00,1.15535,1.15544,1.15503,1.1551,2106,0,0
2026-08-10 03:00:00,1.1551,1.15522,1.15482,1.15485,1916,0,0
2026-08-10 04:00:00,1.15484,1.1552,1.15474,1.15508,1810,0,0
2026-08-10 05:00:00,1.15508,1.15557,1.15494,1.15541,2471,0,0
2026-08-10 06:00:00,1.15542,1.1557,1.15518,1.15542,3618,0,0
2026-08-10 07:00:00,1.15544,1.15649,1.15514,1.15604,4491,0,0
2026-08-10 08:00:00,1.15604,1.15651,1.15589,1.15604,3684,0,0
2026-08-10 09:00:00,1.15603,1.15632,1.15562,1.15562,3459,0,0
2026-08-10 10:00:00,1.15562,1.15575,1.15538,1.15548,3473,0,0
2026-08-10 11:00:00,1.15548,1.15559,1.15484,1.15517,3289,0,0
2026-08-10 12:00:00,1.15517,1.15545,1.15452,1.15464,4474,0,0
2026-08-10 13:00:00,1.15465,1.15531,1.15433,1.15444,5686,0,0
2026-08-10 14:00:00,1.15444,1.15551,1.15437,1.15512,5102,0,0
2026-08-10 15:00:00,1.15513,1.15527,1.15457,1.15511,4786,0,0
2026-08-10 16:00:00,1.15511,1.15536,1.15444,1.15465,3451,0,0
2026-08-10 17:00:00,1.15466,1.15471,1.15405,1.15422,2949,0,0
2026-08-10 18:00:00,1.15422,1.15442,1.15394,1.15416,2903,0,0
2026-08-10 19:00:00,1.15416,1.15426,1.15396,1.15408,2711,0,0
2026-08-10 20:00:00,1.1541,1.15426,1.15408,1.15418,944,0,0
2026-08-10 21:00:00,1.15459,1.15459,1.15386,1.15395,115,0,0
2026-08-10 22:00:00,1.15396,1.15441,1.15395,1.15433,868,0,0
2026-08-10 23:00:00,1.15433,1.15461,1.15417,1.15455,1227,0,0
2026-08-11 00:00:00,1.15456,1.15492,1.15448,1.15455,2491,0,0
2026-08-11 01:00:00,1.15456,1.15492,1.15425,1.15456,2518,0,0
2026-08-11 02:00:00,1.15456,1.15458,1.15381,1.15393,2539,0,0
2026-08-11 03:00:00,1.15393,1.15445,1.15389,1.15423,1874,0,0
2026-08-11 04:00:00,1.15424,1.15448,1.15387,1.15422,2248,0,0
2026-08-11 05:00:00,1.15422,1.15424,1.15381,1.15405,2428,0,0
2026-08-11 06:00:00,1.15406,1.15429,1.15323,1.15363,4169,0,0
2026-08-11 07:00:00,1.15364,1.15395,1.15312,1.15315,4155,0,0
2026-08-11 08:00:00,1.15314,1.15381,1.15308,1.15356,3714,0,0
2026-08-11 09:00:00,1.15356,1.15367,1.15323,1.15366,3120,0,0
2026-08-11 10:00:00,1.15366,1.15378,1.15328,1.15359,3721,0,0
2026-08-11 11:00:00,1.15359,1.1543,1.15339,1.15358,5368,0,0
2026-08-11 12:00:00,1.15359,1.15436,1.15333,1.15409,4932,0,0
2026-08-11 13:00:00,1.1541,1.15478,1.15386,1.15435,4819,0,0
2026-08-11 14:00:00,1.15435,1.15436,1.15372,1.1542,4636,0,0
2026-08-11 15:00:00,1.1542,1.15441,1.15359,1.15425,4580,0,0
2026-08-11 16:00:00,1.15425,1.15432,1.15386,1.15389,3222,0,0
2026-08-11 17:00:00,1.1539,1.15396,1.15337,1.15374,2399,0,0
2026-08-11 18:00:00,1.15374,1.15416,1.15349,1.15398,2923,0,0
2026-08-11 19:00:00,1.15399,1.15424,1.15393,1.15422,2433,0,0
2026-08-11 20:00:00,1.15422,1.15431,1.15386,1.15418,1008,0,0
2026-08-11 21:00:00,1.15401,1.15401,1.15376,1.15388,144,0,0
2026-08-11 22:00:00,1.1539,1.15429,1.1539,1.15428,595,0,0
2026-08-11 23:00:00,1.15428,1.15431,1.15406,1.1543,895,0,0
2026-08-12 00:00:00,1.1543,1.15442,1.15389,1.15401,2388,0,0
2026-08-12 01:00:00,1.15401,1.15404,1.1536,1.15378,2201,0,0
2026-08-12 02:00:00,1.15378,1.15395,1.15346,1.15378,2177,0,0
2026-08-12 03:00:00,1.15378,1.1538,1.15344,1.15348,1423,0,0
2026-08-12 04:00:00,1.15349,1.15359,1.15323,1.15352,1272,0,0
2026-08-12 05:00:00,1.15352,1.15353,1.15316,1.15333,1790,0,0
2026-08-12 06:00:00,1.15333,1.15367,1.15327,1.15365,3284,0,0
2026-08-12 07:00:00,1.15365,1.15388,1.15352,1.15368,2837,0,0
2026-08-12 08:00:00,1.15369,1.15396,1.1534,1.15368,3398,0,0
2026-08-12 09:00:00,1.15366,1.15493,1.15342,1.15355,4767,0,0
2026-08-12 10:00:00,1.15356,1.15385,1.15319,1.15344,3503,0,0
2026-08-12 11:00:00,1.15342,1.15451,1.15334,1.1543,3652,0,0
2026-08-12 12:00:00,1.1543,1.15622,1.15326,1.15589,9048,0,0
2026-08-12 13:00:00,1.15589,1.15623,1.15452,1.15516,8169,0,0
2026-08-12 14:00:00,1.15517,1.15538,1.15385,1.15425,6298,0,0
2026-08-12 15:00:00,1.15425,1.15434,1.15347,1.15389,4661,0,0
2026-08-12 16:00:00,1.15389,1.15397,1.15242,1.15275,3652,0,0
2026-08-12 17:00:00,1.15275,1.15301,1.15208,1.1521,3151,0,0
2026-08-12 18:00:00,1.1521,1.15264,1.15193,1.15205,2347,0,0
2026-08-12 19:00:00,1.15206,1.15241,1.15193,1.15218,2317,0,0
2026-08-12 20:00:00,1.15219,1.15253,1.15209,1.15237,1063,0,0
2026-08-12 21:00:00,1.15205,1.15252,1.15192,1.15211,201,0,0
2026-08-12 22:00:00,1.15214,1.15262,1.15214,1.1526,479,0,0
2026-08-12 23:00:00,1.15262,1.15274,1.15257,1.15272,932,0,0
2026-08-13 00:00:00,1.15271,1.15308,1.1526,1.15283,2646,0,0
2026-08-13 01:00:00,1.15283,1.15304,1.15229,1.15242,2861,0,0
2026-08-13 02:00:00,1.15243,1.15251,1.15193,1.15211,1918,0,0
2026-08-13 03:00:00,1.15211,1.15236,1.15195,1.15219,2264,0,0
2026-08-13 04:00:00,1.15219,1.15264,1.15194,1.15253,2116,0,0
2026-08-13 05:00:00,1.15254,1.15266,1.15227,1.15243,2267,0,0
2026-08-13 06:00:00,1.15244,1.15255,1.15112,1.15176,3888,0,0
2026-08-13 07:00:00,1.15176,1.15271,1.15164,1.1525,4005,0,0
2026-08-13 08:00:00,1.15251,1.1528,1.15221,1.15235,3636,0,0
2026-08-13 09:00:00,1.15235,1.15341,1.15226,1.15339,3085,0,0
2026-08-13 10:00:00,1.15339,1.1538,1.15333,1.15352,2886,0,0
2026-08-13 11:00:00,1.15352,1.15381,1.15319,1.15335,3468,0,0
2026-08-13 12:00:00,1.15335,1.15438,1.15251,1.15432,5837,0,0
2026-08-13 13:00:00,1.15434,1.15447,1.153,1.15337,6517,0,0
2026-08-13 14:00:00,1.15337,1.15449,1.15308,1.15434,6832,0,0
2026-08-13 15:00:00,1.15434,1.1545,1.15296,1.15301,5514,0,0
2026-08-13 16:00:00,1.15302,1.15322,1.15237,1.15289,3542,0,0
2026-08-13 17:00:00,1.15289,1.1531,1.15252,1.15272,2987,0,0
2026-08-13 18:00:00,1.15273,1.15316,1.15257,1.15284,3223,0,0
2026-08-13 19:00:00,1.15285,1.15308,1.1527,1.15282,2648,0,0
2026-08-13 20:00:00,1.15282,1.15293,1.15257,1.15285,1130,0,0
2026-08-13 21:00:00,1.1523,1.15302,1.1523,1.15267,175,0,0
2026-08-13 22:00:00,1.15277,1.15312,1.15269,1.15309,572,0,0
2026-08-13 23:00:00,1.1531,1.15338,1.15308,1.15332,960,0,0
2026-08-14 00:00:00,1.15333,1.15385,1.1533,1.15378,2770,0,0
2026-08-14 01:00:00,1.15378,1.15378,1.15315,1.15335,2452,0,0
2026-08-14 02:00:00,1.15333,1.15368,1.15329,1.15338,1910,0,0
2026-08-14 03:00:00,1.15337,1.15389,1.15332,1.15365,2080,0,0
2026-08-14 04:00:00,1.15365,1.15399,1.15362,1.15381,1777,0,0
2026-08-14 05:00:00,1.15381,1.15424,1.15377,1.15412,2021,0,0
2026-08-14 06:00:00,1.15411,1.1544,1.15382,1.15438,3072,0,0
2026-08-14 07:00:00,1.15438,1.15507,1.15425,1.15503,3982,0,0
2026-08-14 08:00:00,1.15503,1.1557,1.15497,1.15552,4076,0,0
2026-08-14 09:00:00,1.15551,1.15563,1.15505,1.1554,3370,0,0
2026-08-14 10:00:00,1.15542,1.15556,1.15515,1.1555,2647,0,0
2026-08-14 11:00:00,1.15551,1.15713,1.1555,1.15649,4227,0,0
2026-08-14 12:00:00,1.15649,1.1578,1.15622,1.15654,6862,0,0
2026-08-14 13:00:00,1.15653,1.15842,1.15615,1.15798,6946,0,0
2026-08-14 14:00:00,1.15798,1.15848,1.15765,1.15801,6581,0,0
2026-08-14 15:00:00,1.15801,1.15847,1.15763,1.15796,5330,0,0
2026-08-14 16:00:00,1.15796,1.15814,1.15696,1.15706,3631,0,0
2026-08-14 17:00:00,1.15706,1.15709,1.15623,1.15642,3101,0,0
2026-08-14 18:00:00,1.15642,1.15664,1.15625,1.15649,2553,0,0
2026-08-14 19:00:00,1.15647,1.15685,1.15639,1.15679,2609,0,0
2026-08-14 20:00:00,1.15678,1.15694,1.15663,1.15685,1236,0,0
2026-08-16 21:00:00,1.15622,1.15636,1.15603,1.1562,391,0,0
2026-08-16 22:00:00,1.15624,1.15746,1.15621,1.15742,953,0,0
2026-08-16 23:00:00,1.15742,1.15752,1.1572,1.15732,1109,0,0
2026-08-17 00:00:00,1.15731,1.15803,1.15731,1.15795,3000,0,0
2026-08-17 01:00:00,1.15796,1.15831,1.15775,1.15829,2827,0,0
2026-08-17 02:00:00,1.15829,1.15838,1.15785,1.15792,2157,0,0
2026-08-17 03:00:00,1.15792,1.15831,1.15779,1.15829,2174,0,0
2026-08-17 04:00:00,1.15829,1.15875,1.15821,1.15842,2257,0,0
2026-08-17 05:00:00,1.15843,1.15888,1.15822,1.15867,2881,0,0
2026-08-17 06:00:00,1.15867,1.15962,1.1583,1.15951,3924,0,0
2026-08-17 07:00:00,1.15951,1.16114,1.15922,1.16061,5391,0,0
2026-08-17 08:00:00,1.1606,1.16135,1.15949,1.15983,4727,0,0
2026-08-17 09:00:00,1.15983,1.16018,1.15954,1.15964,3832,0,0
2026-08-17 10:00:00,1.15963,1.15979,1.1589,1.15898,3831,0,0
2026-08-17 11:00:00,1.15899,1.15949,1.1587,1.15918,3141,0,0
2026-08-17 12:00:00,1.15917,1.15971,1.15866,1.1597,4864,0,0
2026-08-17 13:00:00,1.1597,1.15992,1.15871,1.15941,5485,0,0
2026-08-17 14:00:00,1.15941,1.15986,1.15854,1.15862,5764,0,0
2026-08-17 15:00:00,1.15862,1.15895,1.15811,1.15894,4447,0,0
2026-08-17 16:00:00,1.15895,1.15912,1.15846,1.15878,2731,0,0
2026-08-17 17:00:00,1.15878,1.15892,1.15756,1.15767,3353,0,0
2026-08-17 18:00:00,1.15767,1.15778,1.15704,1.15719,3304,0,0
2026-08-17 19:00:00,1.15719,1.15799,1.15716,1.15782,2535,0,0
2026-08-17 20:00:00,1.15782,1.15793,1.15766,1.1578,973,0,0
2026-08-17 21:00:00,1.15817,1.15821,1.15763,1.15764,236,0,0
2026-08-17 22:00:00,1.15764,1.15797,1.15764,1.15782,866,0,0
2026-08-17 23:00:00,1.15782,1.15831,1.15776,1.15822,1155,0,0
2026-08-18 00:00:00,1.15822,1.15844,1.15771,1.1582,2729,0,0
2026-08-18 01:00:00,1.15819,1.15852,1.15781,1.1579,2930,0,0
2026-08-18 02:00:00,1.1579,1.15798,1.15746,1.15797,2330,0,0
2026-08-18 03:00:00,1.15797,1.15797,1.1571,1.15727,2272,0,0
2026-08-18 04:00:00,1.15727,1.15742,1.15693,1.15708,2348,0,0
2026-08-18 05:00:00,1.15709,1.15738,1.15687,1.15725,2483,0,0
2026-08-18 06:00:00,1.15725,1.15743,1.1566,1.15714,4028,0,0
2026-08-18 07:00:00,1.15715,1.1577,1.1569,1.15733,4237,0,0
2026-08-18 08:00:00,1.15734,1.1577,1.15685,1.15757,3592,0,0
2026-08-18 09:00:00,1.15756,1.15793,1.1572,1.15785,3276,0,0
2026-08-18 10:00:00,1.15787,1.15787,1.15733,1.15754,3036,0,0
2026-08-18 11:00:00,1.15755,1.15763,1.15718,1.15761,2805,0,0
2026-08-18 12:00:00,1.1576,1.15788,1.1571,1.1574,4497,0,0
2026-08-18 13:00:00,1.15738,1.15844,1.15702,1.158,5793,0,0
2026-08-18 14:00:00,1.158,1.15878,1.15797,1.15805,6508,0,0
2026-08-18 15:00:00,1.15805,1.15857,1.15757,1.15786,5425,0,0
2026-08-18 16:00:00,1.15786,1.15851,1.15779,1.15791,3131,0,0
2026-08-18 17:00:00,1.1579,1.15798,1.15737,1.1576,2841,0,0
2026-08-18 18:00:00,1.1576,1.15782,1.15737,1.15751,2218,0,0
2026-08-18 19:00:00,1.15751,1.15803,1.15734,1.15742,2872,0,0
2026-08-18 20:00:00,1.15742,1.15752,1.15712,1.15751,1216,0,0
2026-08-18 21:00:00,1.15743,1.15771,1.15716,1.15729,372,0,0
2026-08-18 22:00:00,1.1573,1.15763,1.15726,1.15756,805,0,0
2026-08-18 23:00:00,1.15757,1.15778,1.15727,1.15755,1403,0,0
2026-08-19 00:00:00,1.15756,1.15811,1.15728,1.15736,3647,0,0
2026-08-19 01:00:00,1.15736,1.15772,1.15695,1.15766,3147,0,0
2026-08-19 02:00:00,1.15766,1.15867,1.1576,1.15817,3494,0,0
2026-08-19 03:00:00,1.15817,1.15843,1.15805,1.15808,1995,0,0
2026-08-19 04:00:00,1.15808,1.15862,1.15801,1.15852,2231,0,0
2026-08-19 05:00:00,1.15851,1.15889,1.1584,1.15878,2739,0,0
2026-08-19 06:00:00,1.15878,1.15981,1.15872,1.15941,4239,0,0
2026-08-19 07:00:00,1.1594,1.15972,1.1591,1.1596,3609,0,0
2026-08-19 08:00:00,1.15959,1.16046,1.15949,1.15975,4301,0,0
2026-08-19 09:00:00,1.15975,1.16077,1.15958,1.16058,3520,0,0
2026-08-19 10:00:00,1.16059,1.16113,1.16046,1.1606,3366,0,0
2026-08-19 11:00:00,1.16059,1.16081,1.15989,1.16024,3603,0,0
2026-08-19 12:00:00,1.16024,1.16429,1.16019,1.16351,8186,0,0
2026-08-19 13:00:00,1.16351,1.16591,1.16351,1.16558,10813,0,0
2026-08-19 14:00:00,1.16558,1.16766,1.16533,1.16628,10245,0,0
2026-08-19 15:00:00,1.16628,1.16675,1.16562,1.16632,7308,0,0
2026-08-19 16:00:00,1.16633,1.16715,1.16631,1.16679,4595,0,0
2026-08-19 17:00:00,1.16678,1.16717,1.16579,1.16586,4388,0,0
2026-08-19 18:00:00,1.16585,1.16746,1.16581,1.16729,5790,0,0
2026-08-19 19:00:00,1.16729,1.16786,1.16693,1.16767,4345,0,0
2026-08-19 20:00:00,1.16767,1.16783,1.16745,1.1677,1418,0,0
2026-08-19 21:00:00,1.16758,1.16774,1.16739,1.1675,182,0,0
2026-08-19 22:00:00,1.16761,1.16799,1.16741,1.16746,1329,0,0
2026-08-19 23:00:00,1.16746,1.16769,1.16721,1.16738,1930,0,0
2026-08-20 00:00:00,1.16737,1.16793,1.16717,1.16739,3768,0,0
2026-08-20 01:00:00,1.16739,1.16821,1.16694,1.16759,5071,0,0
2026-08-20 02:00:00,1.16758,1.16831,1.16721,1.16744,3673,0,0
2026-08-20 03:00:00,1.16744,1.16795,1.16737,1.16789,2729,0,0
2026-08-20 04:00:00,1.16789,1.16797,1.16712,1.16723,2488,0,0
2026-08-20 05:00:00,1.16722,1.16769,1.16694,1.16756,3248,0,0
2026-08-20 06:00:00,1.16755,1.16878,1.16727,1.16874,4634,0,0
2026-08-20 07:00:00,1.16874,1.16929,1.16777,1.16921,5511,0,0
2026-08-20 08:00:00,1.1692,1.16993,1.16882,1.1698,5125,0,0
2026-08-20 09:00:00,1.1698,1.17091,1.1695,1.17064,5430,0,0
2026-08-20 10:00:00,1.17063,1.171,1.16937,1.16965,4790,0,0
2026-08-20 11:00:00,1.16965,1.16975,1.16821,1.1684,5389,0,0
2026-08-20 12:00:00,1.16841,1.16897,1.16774,1.1688,7332,0,0
2026-08-20 13:00:00,1.16879,1.1694,1.16743,1.16748,7683,0,0
2026-08-20 14:00:00,1.16749,1.16846,1.16702,1.16824,6982,0,0
2026-08-20 15:00:00,1.16825,1.16932,1.16717,1.16784,8891,0,0
2026-08-20 16:00:00,1.16784,1.16795,1.16686,1.16727,5058,0,0
2026-08-20 17:00:00,1.16727,1.16745,1.16695,1.1674,3228,0,0
2026-08-20 18:00:00,1.1674,1.1676,1.16702,1.16755,3209,0,0
2026-08-20 19:00:00,1.16755,1.1678,1.16727,1.16774,2841,0,0
2026-08-20 20:00:00,1.16774,1.16789,1.16754,1.16779,1158,0,0
2026-08-20 21:00:00,1.16758,1.16775,1.16749,1.16756,222,0,0
2026-08-20 22:00:00,1.16756,1.16837,1.16756,1.16828,892,0,0
2026-08-20 23:00:00,1.16827,1.16874,1.16827,1.16869,1753,0,0
2026-08-21 00:00:00,1.1687,1.16891,1.16824,1.16826,3433,0,0
2026-08-21 01:00:00,1.16826,1.16925,1.16823,1.16898,3705,0,0
2026-08-21 02:00:00,1.16898,1.17003,1.16875,1.16953,2985,0,0
2026-08-21 03:00:00,1.16955,1.16978,1.1691,1.16936,2583,0,0
2026-08-21 04:00:00,1.16936,1.16948,1.16905,1.16925,1964,0,0
2026-08-21 05:00:00,1.16925,1.16988,1.16896,1.16973,2378,0,0
2026-08-21 06:00:00,1.16974,1.16979,1.16897,1.16974,4016,0,0
2026-08-21 07:00:00,1.16975,1.16999,1.16862,1.16902,4984,0,0
2026-08-21 08:00:00,1.16903,1.17058,1.16886,1.17047,5093,0,0
2026-08-21 09:00:00,1.17047,1.17108,1.16996,1.16996,4967,0,0
2026-08-21 10:00:00,1.16996,1.17101,1.16985,1.17014,4091,0,0
2026-08-21 11:00:00,1.17014,1.17093,1.16956,1.17002,5377,0,0
2026-08-21 12:00:00,1.17002,1.17025,1.16845,1.16899,5644,0,0
2026-08-21 13:00:00,1.16899,1.16906,1.16781,1.16829,6243,0,0
2026-08-21 14:00:00,1.16828,1.16828,1.16682,1.16725,6682,0,0
2026-08-21 15:00:00,1.16724,1.16833,1.16703,1.16827,5558,0,0
2026-08-21 16:00:00,1.16827,1.16869,1.16791,1.16811,4115,0,0
2026-08-21 17:00:00,1.16811,1.16824,1.16766,1.16797,3107,0,0
2026-08-21 18:00:00,1.16797,1.16835,1.16794,1.16823,2983,0,0
2026-08-21 19:00:00,1.16822,1.16824,1.1677,1.16782,3080,0,0
2026-08-21 20:00:00,1.16782,1.16786,1.16735,1.16747,1617,0,0
2026-08-23 21:00:00,1.16752,1.16774,1.16742,1.16753,211,0,0
2026-08-23 22:00:00,1.16758,1.16792,1.16718,1.1675,947,0,0
2026-08-23 23:00:00,1.16751,1.16819,1.16741,1.16819,1233,0,0
2026-08-24 00:00:00,1.16816,1.16867,1.16813,1.16845,3555,0,0
2026-08-24 01:00:00,1.16845,1.16858,1.16761,1.16812,3766,0,0
2026-08-24 02:00:00,1.16813,1.16842,1.16789,1.16813,2742,0,0
2026-08-24 03:00:00,1.16813,1.16816,1.16775,1.16793,2286,0,0
2026-08-24 04:00:00,1.16793,1.16823,1.16748,1.16822,2711,0,0
2026-08-24 05:00:00,1.16822,1.16825,1.16753,1.168,2595,0,0
2026-08-24 06:00:00,1.168,1.16803,1.16734,1.1677,5181,0,0
2026-08-24 07:00:00,1.1677,1.168,1.1664,1.16667,5982,0,0
2026-08-24 08:00:00,1.16667,1.16678,1.16599,1.16626,5806,0,0
2026-08-24 09:00:00,1.16627,1.16665,1.16598,1.16639,3793,0,0
2026-08-24 10:00:00,1.16639,1.16664,1.16614,1.16638,3480,0,0
2026-08-24 11:00:00,1.16637,1.16729,1.16622,1.16662,5688,0,0
2026-08-24 12:00:00,1.16662,1.16732,1.16613,1.16688,6526,0,0
2026-08-24 13:00:00,1.16689,1.16742,1.16631,1.16647,6617,0,0
2026-08-24 14:00:00,1.16646,1.16715,1.16624,1.1665,5936,0,0
2026-08-24 15:00:00,1.16649,1.16718,1.16632,1.1664,5143,0,0
2026-08-24 16:00:00,1.16639,1.1669,1.16623,1.16643,4203,0,0
2026-08-24 17:00:00,1.16642,1.16661,1.16548,1.16588,4365,0,0
2026-08-24 18:00:00,1.16589,1.1665,1.16566,1.16635,3331,0,0
2026-08-24 19:00:00,1.16634,1.16634,1.16587,1.16607,2288,0,0
2026-08-24 20:00:00,1.16607,1.16635,1.16599,1.16631,1137,0,0
2026-08-24 21:00:00,1.16616,1.16643,1.166,1.16622,217,0,0
2026-08-24 22:00:00,1.16622,1.16646,1.16604,1.1664,620,0,0
2026-08-24 23:00:00,1.16641,1.16681,1.16636,1.16674,1007,0,0
2026-08-25 00:00:00,1.16674,1.16704,1.16665,1.16681,4027,0,0
2026-08-25 01:00:00,1.16681,1.16683,1.16613,1.16625,3026,0,0
2026-08-25 02:00:00,1.16624,1.16642,1.16583,1.166,3169,0,0
2026-08-25 03:00:00,1.166,1.16618,1.16581,1.16599,2263,0,0
2026-08-25 04:00:00,1.16598,1.166,1.16544,1.16552,2260,0,0
2026-08-25 05:00:00,1.16552,1.16562,1.16526,1.16531,2548,0,0
2026-08-25 06:00:00,1.16532,1.16586,1.16506,1.16522,3525,0,0
2026-08-25 07:00:00,1.16522,1.16624,1.16521,1.16582,3657,0,0
2026-08-25 08:00:00,1.16582,1.16672,1.16569,1.16669,5242,0,0
2026-08-25 09:00:00,1.16669,1.16733,1.16654,1.16674,4814,0,0
2026-08-25 10:00:00,1.16675,1.16678,1.16587,1.16619,3921,0,0
2026-08-25 11:00:00,1.16618,1.16642,1.16579,1.16592,3861,0,0
2026-08-25 12:00:00,1.16591,1.16659,1.16591,1.16658,4489,0,0
2026-08-25 13:00:00,1.16658,1.16748,1.16637,1.16733,6142,0,0
2026-08-25 14:00:00,1.16734,1.16742,1.16656,1.1669,5990,0,0
2026-08-25 15:00:00,1.1669,1.16755,1.16665,1.16725,5298,0,0
2026-08-25 16:00:00,1.16725,1.16732,1.16673,1.16708,3360,0,0
2026-08-25 17:00:00,1.16709,1.16741,1.16685,1.16737,2941,0,0
2026-08-25 18:00:00,1.16737,1.16747,1.16711,1.16736,2136,0,0
2026-08-25 19:00:00,1.16736,1.16784,1.16681,1.16757,3669,0,0
2026-08-25 20:00:00,1.16758,1.1679,1.16733,1.16744,1532,0,0
2026-08-25 21:00:00,1.16736,1.1675,1.16692,1.16693,149,0,0
2026-08-25 22:00:00,1.16693,1.16764,1.16692,1.1676,752,0,0
2026-08-25 23:00:00,1.16761,1.16763,1.1672,1.16737,1151,0,0
2026-08-26 00:00:00,1.16737,1.16751,1.16705,1.1672,2594,0,0
2026-08-26 01:00:00,1.16721,1.16736,1.16683,1.16697,3528,0,0
2026-08-26 02:00:00,1.16696,1.16723,1.16663,1.1667,2616,0,0
2026-08-26 03:00:00,1.1667,1.16679,1.16634,1.16641,1968,0,0
2026-08-26 04:00:00,1.16641,1.16644,1.166,1.16616,1767,0,0
2026-08-26 05:00:00,1.16615,1.16663,1.16601,1.16638,1985,0,0
2026-08-26 06:00:00,1.16638,1.16669,1.16593,1.16663,3527,0,0
2026-08-26 07:00:00,1.16663,1.16725,1.16663,1.16704,3802,0,0
2026-08-26 08:00:00,1.16704,1.16763,1.1669,1.16706,3666,0,0
2026-08-26 09:00:00,1.16706,1.16707,1.16631,1.16656,3144,0,0
2026-08-26 10:00:00,1.16656,1.16659,1.16605,1.16614,2810,0,0
2026-08-26 11:00:00,1.16614,1.16687,1.16595,1.16683,3754,0,0
2026-08-26 12:00:00,1.16683,1.16744,1.1655,1.16554,6247,0,0
2026-08-26 13:00:00,1.16554,1.16583,1.1651,1.16522,6416,0,0
2026-08-26 14:00:00,1.16521,1.16528,1.16414,1.16445,6146,0,0
2026-08-26 15:00:00,1.16445,1.16538,1.16443,1.16499,4974,0,0
2026-08-26 16:00:00,1.16499,1.16538,1.16484,1.16492,3649,0,0
2026-08-26 17:00:00,1.16491,1.16539,1.16482,1.16523,2669,0,0
2026-08-26 18:00:00,1.16523,1.16538,1.16495,1.16507,2196,0,0
2026-08-26 19:00:00,1.16507,1.16532,1.16495,1.16529,2377,0,0
2026-08-26 20:00:00,1.16529,1.16543,1.16511,1.16528,1646,0,0
2026-08-26 21:00:00,1.1649,1.1652,1.16475,1.16513,252,0,0
2026-08-26 22:00:00,1.16513,1.16547,1.16513,1.16536,1066,0,0
2026-08-26 23:00:00,1.16533,1.16557,1.16528,1.16549,2156,0,0
2026-08-27 00:00:00,1.16548,1.16576,1.16532,1.16558,3064,0,0
2026-08-27 01:00:00,1.16558,1.16586,1.16547,1.16573,3391,0,0
2026-08-27 02:00:00,1.16573,1.1659,1.1654,1.16551,2111,0,0
2026-08-27 03:00:00,1.1655,1.16557,1.16528,1.16537,2090,0,0
2026-08-27 04:00:00,1.16536,1.16554,1.16535,1.16551,1750,0,0
2026-08-27 05:00:00,1.16551,1.16571,1.16513,1.16539,2479,0,0
2026-08-27 06:00:00,1.16538,1.16552,1.16514,1.16529,3008,0,0
2026-08-27 07:00:00,1.1653,1.16557,1.16512,1.16542,3807,0,0
2026-08-27 08:00:00,1.16543,1.16574,1.16472,1.16477,4263,0,0
2026-08-27 09:00:00,1.16477,1.16479,1.164,1.16403,3862,0,0
2026-08-27 10:00:00,1.16403,1.16477,1.16379,1.16391,3641,0,0
2026-08-27 11:00:00,1.16391,1.16436,1.1636,1.16405,3826,0,0
2026-08-27 12:00:00,1.16404,1.16452,1.16389,1.16405,4790,0,0
2026-08-27 13:00:00,1.16406,1.16593,1.16393,1.16535,6258,0,0
2026-08-27 14:00:00,1.16534,1.16575,1.1644,1.16442,6417,0,0
2026-08-27 15:00:00,1.16441,1.16537,1.16437,1.16527,4872,0,0
2026-08-27 16:00:00,1.16527,1.1654,1.16488,1.16515,3461,0,0
2026-08-27 17:00:00,1.16515,1.16533,1.16464,1.16485,3637,0,0
2026-08-27 18:00:00,1.16485,1.16495,1.16454,1.16483,2907,0,0
2026-08-27 19:00:00,1.16483,1.16499,1.16467,1.16488,2331,0,0
2026-08-27 20:00:00,1.16488,1.16519,1.16485,1.16507,890,0,0
2026-08-27 21:00:00,1.16519,1.16533,1.16458,1.16458,196,0,0
2026-08-27 22:00:00,1.16465,1.1654,1.16465,1.16528,1068,0,0
2026-08-27 23:00:00,1.16528,1.16543,1.16517,1.1653,989,0,0
2026-08-28 00:00:00,1.1653,1.16538,1.165,1.16527,2300,0,0
2026-08-28 01:00:00,1.16526,1.16549,1.16488,1.16491,2713,0,0
2026-08-28 02:00:00,1.16492,1.16503,1.16458,1.16501,2129,0,0
2026-08-28 03:00:00,1.16501,1.16509,1.1645,1.16458,1587,0,0
2026-08-28 04:00:00,1.16457,1.1646,1.16445,1.16449,1474,0,0
2026-08-28 05:00:00,1.16449,1.16453,1.16421,1.1644,1952,0,0
2026-08-28 06:00:00,1.1644,1.16486,1.16425,1.16477,4043,0,0
2026-08-28 07:00:00,1.16476,1.16482,1.16412,1.1646,4073,0,0
2026-08-28 08:00:00,1.16458,1.16482,1.16413,1.16439,3681,0,0
2026-08-28 09:00:00,1.16437,1.16445,1.16391,1.16393,3646,0,0
2026-08-28 10:00:00,1.16393,1.16486,1.16387,1.16486,3597,0,0
2026-08-28 11:00:00,1.16485,1.16489,1.1644,1.16446,3612,0,0
2026-08-28 12:00:00,1.16445,1.16499,1.16388,1.16484,4630,0,0
2026-08-28 13:00:00,1.16483,1.16494,1.16369,1.1638,5008,0,0
2026-08-28 14:00:00,1.16376,1.16588,1.15941,1.16168,13788,0,0
2026-08-28 15:00:00,1.16169,1.162,1.15958,1.15971,8737,0,0
2026-08-28 16:00:00,1.15971,1.15977,1.1584,1.15863,6841,0,0
2026-08-28 17:00:00,1.15862,1.15885,1.15773,1.15803,4606,0,0
2026-08-28 18:00:00,1.15803,1.1584,1.15773,1.15798,4270,0,0
2026-08-28 19:00:00,1.15799,1.15871,1.15791,1.15854,3389,0,0
2026-08-28 20:00:00,1.15853,1.15861,1.15787,1.15807,1492,0,0
2026-08-30 21:00:00,1.15767,1.15794,1.15752,1.15759,168,0,0
2026-08-30 22:00:00,1.15759,1.15845,1.15757,1.15837,1158,0,0
2026-08-30 23:00:00,1.15837,1.15888,1.15831,1.15882,1805,0,0
2026-08-31 00:00:00,1.15883,1.15932,1.1585,1.15916,3944,0,0
2026-08-31 01:00:00,1.15916,1.15939,1.15865,1.15901,4629,0,0
2026-08-31 02:00:00,1.15901,1.15922,1.15876,1.15919,3245,0,0
2026-08-31 03:00:00,1.15919,1.15932,1.15887,1.15908,1980,0,0
2026-08-31 04:00:00,1.15909,1.15921,1.15879,1.15903,1964,0,0
2026-08-31 05:00:00,1.15904,1.15908,1.15868,1.15898,2638,0,0
2026-08-31 06:00:00,1.15898,1.15908,1.15842,1.15882,2982,0,0
2026-08-31 07:00:00,1.15883,1.16027,1.15842,1.1602,4710,0,0
2026-08-31 08:00:00,1.16021,1.16053,1.15925,1.15936,4872,0,0
2026-08-31 09:00:00,1.15936,1.16004,1.15935,1.15985,3574,0,0
2026-08-31 10:00:00,1.15987,1.16016,1.1596,1.15966,3694,0,0
2026-08-31 11:00:00,1.15967,1.16024,1.15951,1.15958,4051,0,0
2026-08-31 12:00:00,1.15957,1.15994,1.15911,1.15947,5313,0,0
2026-08-31 13:00:00,1.15948,1.16004,1.15932,1.1599,5667,0,0
2026-08-31 14:00:00,1.15992,1.16176,1.15946,1.16136,6962,0,0
2026-08-31 15:00:00,1.16136,1.16202,1.16117,1.16159,5187,0,0
2026-08-31 16:00:00,1.16159,1.16172,1.16132,1.1616,3307,0,0
2026-08-31 17:00:00,1.1616,1.16173,1.1614,1.16147,2529,0,0
2026-08-31 18:00:00,1.16147,1.16171,1.16139,1.1615,2518,0,0
2026-08-31 19:00:00,1.1615,1.16178,1.1614,1.16158,3008,0,0
2026-08-31 20:00:00,1.16158,1.16174,1.16136,1.16158,1491,0,0
2026-08-31 21:00:00,1.16161,1.16174,1.16144,1.16173,148,0,0
2026-08-31 22:00:00,1.16169,1.16183,1.16136,1.16142,729,0,0
2026-08-31 23:00:00,1.16143,1.16178,1.1612,1.16178,1452,0,0
2026-09-01 00:00:00,1.16177,1.16239,1.16152,1.16177,3324,0,0
2026-09-01 01:00:00,1.16176,1.16183,1.16067,1.16096,3309,0,0
2026-09-01 02:00:00,1.16095,1.16102,1.16056,1.16095,2462,0,0
2026-09-01 03:00:00,1.16094,1.16094,1.1605,1.1605,2075,0,0
2026-09-01 04:00:00,1.16051,1.16063,1.16023,1.16052,1700,0,0
2026-09-01 05:00:00,1.16052,1.16094,1.1605,1.16078,2510,0,0
2026-09-01 06:00:00,1.16078,1.16081,1.15997,1.16043,3675,0,0
2026-09-01 07:00:00,1.16043,1.16064,1.15914,1.15948,4325,0,0
2026-09-01 08:00:00,1.15947,1.15969,1.15873,1.15936,5439,0,0
2026-09-01 09:00:00,1.15936,1.16008,1.1592,1.15927,4461,0,0
2026-09-01 10:00:00,1.15927,1.15952,1.15893,1.15916,3807,0,0
2026-09-01 11:00:00,1.15917,1.15955,1.15893,1.15922,4127,0,0
2026-09-01 12:00:00,1.15921,1.1594,1.15877,1.15926,4547,0,0
2026-09-01 13:00:00,1.15926,1.16017,1.15883,1.16006,5388,0,0
2026-09-01 14:00:00,1.16006,1.16077,1.15938,1.15956,6245,0,0
2026-09-01 15:00:00,1.15957,1.15981,1.15886,1.15916,4598,0,0
2026-09-01 16:00:00,1.15916,1.15926,1.15843,1.15851,4622,0,0
2026-09-01 17:00:00,1.1585,1.1595,1.15844,1.15869,3493,0,0
2026-09-01 18:00:00,1.15869,1.15903,1.15847,1.15897,3209,0,0
2026-09-01 19:00:00,1.15897,1.15924,1.15875,1.15892,2928,0,0
2026-09-01 20:00:00,1.15893,1.15922,1.15868,1.15922,1206,0,0
2026-09-01 21:00:00,1.15886,1.15913,1.15859,1.159,276,0,0
2026-09-01 22:00:00,1.159,1.15957,1.159,1.15921,631,0,0
2026-09-01 23:00:00,1.15921,1.15927,1.15899,1.15899,1037,0,0
2026-09-02 00:00:00,1.15899,1.15913,1.15827,1.15828,4193,0,0
2026-09-02 01:00:00,1.15827,1.15839,1.15764,1.15784,3440,0,0
2026-09-02 02:00:00,1.15785,1.15825,1.15755,1.1581,3565,0,0
2026-09-02 03:00:00,1.15812,1.1582,1.15773,1.15793,2289,0,0
2026-09-02 04:00:00,1.15793,1.15794,1.15736,1.15753,2471,0,0
2026-09-02 05:00:00,1.15753,1.15813,1.15731,1.15795,3368,0,0
2026-09-02 06:00:00,1.15794,1.15844,1.15668,1.15672,5512,0,0
2026-09-02 07:00:00,1.15673,1.15784,1.15657,1.15773,4600,0,0
2026-09-02 08:00:00,1.15773,1.15817,1.15722,1.15728,4473,0,0
2026-09-02 09:00:00,1.15728,1.15773,1.15701,1.15708,4168,0,0
2026-09-02 10:00:00,1.15708,1.15722,1.15664,1.15719,3798,0,0
2026-09-02 11:00:00,1.15719,1.15786,1.15705,1.15767,5325,0,0
2026-09-02 12:00:00,1.15767,1.1585,1.1575,1.15778,6460,0,0
2026-09-02 13:00:00,1.15777,1.16087,1.15774,1.16039,8246,0,0
2026-09-02 14:00:00,1.1604,1.1604,1.1588,1.15928,8173,0,0
2026-09-02 15:00:00,1.15928,1.15965,1.15885,1.15915,5593,0,0
2026-09-02 16:00:00,1.15915,1.15936,1.15865,1.15865,4032,0,0
2026-09-02 17:00:00,1.15866,1.15893,1.15829,1.15861,3463,0,0
2026-09-02 18:00:00,1.15862,1.15891,1.1584,1.15851,2859,0,0
2026-09-02 19:00:00,1.15851,1.15872,1.1582,1.15869,2408,0,0
2026-09-02 20:00:00,1.15869,1.15895,1.15866,1.15867,1475,0,0
2026-09-02 21:00:00,1.15861,1.15866,1.15853,1.15856,123,0,0
2026-09-02 22:00:00,1.15856,1.15883,1.15849,1.15865,584,0,0
2026-09-02 23:00:00,1.15866,1.15869,1.15838,1.15845,1313,0,0
2026-09-03 00:00:00,1.15845,1.15903,1.15829,1.15889,3196,0,0
2026-09-03 01:00:00,1.1589,1.15929,1.15845,1.15856,3616,0,0
2026-09-03 02:00:00,1.15856,1.15944,1.15846,1.15906,4100,0,0
2026-09-03 03:00:00,1.15906,1.15972,1.15903,1.15961,3202,0,0
2026-09-03 04:00:00,1.15959,1.15997,1.15939,1.15949,2276,0,0
2026-09-03 05:00:00,1.15949,1.15999,1.15929,1.15996,3259,0,0
2026-09-03 06:00:00,1.15995,1.16078,1.15957,1.16039,6313,0,0
2026-09-03 07:00:00,1.16037,1.16141,1.16012,1.16035,7461,0,0
2026-09-03 08:00:00,1.16035,1.1611,1.15991,1.16085,5485,0,0
2026-09-03 09:00:00,1.16085,1.16118,1.16007,1.16052,5389,0,0
2026-09-03 10:00:00,1.16052,1.16065,1.15973,1.16034,4368,0,0
2026-09-03 11:00:00,1.16033,1.1614,1.16012,1.1612,5240,0,0
2026-09-03 12:00:00,1.1612,1.16296,1.16077,1.16253,8919,0,0
2026-09-03 13:00:00,1.16252,1.16281,1.16168,1.16265,8416,0,0
2026-09-03 14:00:00,1.16265,1.1627,1.16127,1.16177,8021,0,0
2026-09-03 15:00:00,1.16177,1.1627,1.16168,1.16224,6603,0,0
2026-09-03 16:00:00,1.16223,1.16406,1.16207,1.16362,4600,0,0
2026-09-03 17:00:00,1.16361,1.1638,1.16321,1.16322,3350,0,0
2026-09-03 18:00:00,1.16322,1.16359,1.16311,1.16341,3017,0,0
2026-09-03 19:00:00,1.16341,1.16346,1.16247,1.16281,3718,0,0
2026-09-03 20:00:00,1.16281,1.16296,1.1625,1.1625,1296,0,0
2026-09-03 21:00:00,1.16233,1.1624,1.16222,1.16224,221,0,0
2026-09-03 22:00:00,1.16224,1.16265,1.16223,1.16226,766,0,0
2026-09-03 23:00:00,1.16226,1.16279,1.16223,1.16274,1682,0,0
2026-09-04 00:00:00,1.16274,1.16308,1.16247,1.16274,3804,0,0
2026-09-04 01:00:00,1.16274,1.16311,1.16265,1.16296,3863,0,0
2026-09-04 02:00:00,1.16296,1.16326,1.16255,1.1627,2640,0,0
2026-09-04 03:00:00,1.16269,1.16281,1.16219,1.16223,2677,0,0
2026-09-04 04:00:00,1.16223,1.16271,1.16222,1.1626,2459,0,0
2026-09-04 05:00:00,1.1626,1.16283,1.16241,1.16274,2211,0,0
2026-09-04 06:00:00,1.16275,1.16296,1.16264,1.16267,3702,0,0
2026-09-04 07:00:00,1.16268,1.16293,1.16206,1.16221,4231,0,0
2026-09-04 08:00:00,1.1622,1.16249,1.16182,1.16246,3498,0,0
2026-09-04 09:00:00,1.16247,1.16247,1.16156,1.16166,3782,0,0
2026-09-04 10:00:00,1.16165,1.16226,1.16162,1.16201,3331,0,0
2026-09-04 11:00:00,1.16201,1.16233,1.1619,1.162,3135,0,0
2026-09-04 12:00:00,1.162,1.16264,1.15844,1.1601,10405,0,0
2026-09-04 13:00:00,1.16011,1.16226,1.15958,1.16097,9737,0,0
2026-09-04 14:00:00,1.16098,1.16211,1.16082,1.16149,7955,0,0
2026-09-04 15:00:00,1.16149,1.16226,1.16119,1.16172,5790,0,0
2026-09-04 16:00:00,1.16172,1.16241,1.1617,1.162,3612,0,0
2026-09-04 17:00:00,1.162,1.162,1.16114,1.16119,3472,0,0
2026-09-04 18:00:00,1.16119,1.16129,1.16079,1.16101,2985,0,0
2026-09-04 19:00:00,1.16101,1.16153,1.16095,1.16141,2617,0,0
2026-09-04 20:00:00,1.16141,1.16147,1.16109,1.16132,1004,0,0
2026-09-06 21:00:00,1.1612,1.16123,1.16052,1.16056,185,0,0
2026-09-06 22:00:00,1.16056,1.16132,1.16056,1.16125,613,0,0
2026-09-06 23:00:00,1.16125,1.16155,1.16124,1.16127,1173,0,0
2026-09-07 00:00:00,1.16127,1.16196,1.16121,1.16178,2903,0,0
2026-09-07 01:00:00,1.16179,1.16181,1.16125,1.16129,3099,0,0
2026-09-07 02:00:00,1.16129,1.16132,1.16069,1.16088,2186,0,0
2026-09-07 03:00:00,1.16086,1.16116,1.16078,1.16111,1684,0,0
2026-09-07 04:00:00,1.1611,1.16115,1.16078,1.16109,1654,0,0
2026-09-07 05:00:00,1.16108,1.16139,1.16085,1.16137,2006,0,0
2026-09-07 06:00:00,1.16137,1.16189,1.16098,1.1614,3999,0,0
2026-09-07 07:00:00,1.1614,1.16234,1.16107,1.16231,5291,0,0
2026-09-07 08:00:00,1.16231,1.16353,1.16204,1.16206,7276,0,0
2026-09-07 09:00:00,1.16205,1.16254,1.16189,1.16199,3236,0,0
2026-09-07 10:00:00,1.16199,1.16262,1.16193,1.1624,2897,0,0
2026-09-07 11:00:00,1.16239,1.16251,1.16214,1.16225,3383,0,0
2026-09-07 12:00:00,1.16225,1.16278,1.16204,1.16244,3746,0,0
2026-09-07 13:00:00,1.16244,1.1629,1.16233,1.16283,3549,0,0
2026-09-07 14:00:00,1.16284,1.16323,1.16265,1.16306,4143,0,0
2026-09-07 15:00:00,1.16306,1.16314,1.16259,1.16271,2584,0,0
2026-09-07 16:00:00,1.1627,1.16292,1.16254,1.1628,1500,0,0
2026-09-07 17:00:00,1.1628,1.1628,1.16238,1.1625,1208,0,0
2026-09-07 18:00:00,1.1625,1.16252,1.16222,1.16231,730,0,0
2026-09-07 19:00:00,1.16231,1.16232,1.16205,1.16216,744,0,0
2026-09-07 20:00:00,1.16215,1.16221,1.16209,1.16217,589,0,0
2026-09-07 21:00:00,1.16219,1.16223,1.16205,1.16216,154,0,0
2026-09-07 22:00:00,1.16216,1.16255,1.16216,1.1625,537,0,0
2026-09-07 23:00:00,1.16251,1.16295,1.16249,1.16273,2375,0,0
2026-09-08 00:00:00,1.16274,1.16308,1.16235,1.1626,4385,0,0
2026-09-08 01:00:00,1.1626,1.16329,1.16252,1.16329,3626,0,0
2026-09-08 02:00:00,1.16329,1.16341,1.16231,1.16234,3457,0,0
2026-09-08 03:00:00,1.16235,1.16268,1.16224,1.16238,2162,0,0
2026-09-08 04:00:00,1.16239,1.16252,1.16219,1.16243,2281,0,0
2026-09-08 05:00:00,1.16244,1.16304,1.16228,1.16302,3045,0,0
2026-09-08 06:00:00,1.16302,1.16353,1.16202,1.16202,5312,0,0
2026-09-08 07:00:00,1.16202,1.16228,1.16094,1.16123,4784,0,0
2026-09-08 08:00:00,1.16123,1.16158,1.1608,1.16101,5330,0,0
2026-09-08 09:00:00,1.16101,1.16159,1.16086,1.16135,4605,0,0
2026-09-08 10:00:00,1.16135,1.16158,1.16083,1.1612,3527,0,0
2026-09-08 11:00:00,1.1612,1.16184,1.16073,1.16128,4275,0,0
2026-09-08 12:00:00,1.16129,1.16197,1.16101,1.16197,5542,0,0
2026-09-08 13:00:00,1.16197,1.1627,1.16183,1.16216,6257,0,0
2026-09-08 14:00:00,1.16216,1.16306,1.16184,1.16305,5849,0,0
2026-09-08 15:00:00,1.16305,1.16333,1.16258,1.16258,4655,0,0
2026-09-08 16:00:00,1.16259,1.1626,1.16199,1.1623,3630,0,0
2026-09-08 17:00:00,1.1623,1.16267,1.16228,1.16256,2711,0,0
2026-09-08 18:00:00,1.16256,1.163,1.16214,1.16283,3963,0,0
2026-09-08 19:00:00,1.16283,1.16298,1.16218,1.16226,3669,0,0
2026-09-08 20:00:00,1.16226,1.16248,1.1621,1.16228,1102,0,0
2026-09-08 21:00:00,1.16238,1.16253,1.16221,1.16239,308,0,0
2026-09-08 22:00:00,1.16226,1.16269,1.16216,1.16252,637,0,0
2026-09-08 23:00:00,1.16252,1.16283,1.16246,1.16272,1460,0,0
2026-09-09 00:00:00,1.16272,1.16318,1.16272,1.16318,3111,0,0
2026-09-09 01:00:00,1.16318,1.16318,1.1627,1.16307,2748,0,0
2026-09-09 02:00:00,1.16307,1.16312,1.16275,1.16305,2272,0,0
2026-09-09 03:00:00,1.16304,1.16316,1.16285,1.16296,2311,0,0
2026-09-09 04:00:00,1.16296,1.16328,1.16291,1.16323,2023,0,0
2026-09-09 05:00:00,1.16324,1.16363,1.16313,1.16336,2503,0,0
2026-09-09 06:00:00,1.16337,1.16444,1.16337,1.16377,4022,0,0
2026-09-09 07:00:00,1.16377,1.16487,1.16367,1.16422,4923,0,0
2026-09-09 08:00:00,1.16422,1.16426,1.1632,1.16322,4430,0,0
2026-09-09 09:00:00,1.16322,1.16341,1.16219,1.16231,3936,0,0
2026-09-09 10:00:00,1.16231,1.16328,1.16214,1.16298,3964,0,0
2026-09-09 11:00:00,1.16297,1.16482,1.16295,1.16452,5083,0,0
2026-09-09 12:00:00,1.16452,1.16535,1.1642,1.16456,5170,0,0
2026-09-09 13:00:00,1.1646,1.16494,1.16443,1.16468,5039,0,0
2026-09-09 14:00:00,1.16469,1.16524,1.16437,1.16474,5901,0,0
2026-09-09 15:00:00,1.16474,1.1651,1.16196,1.16265,8387,0,0
2026-09-09 16:00:00,1.16266,1.16391,1.16264,1.16353,4508,0,0
2026-09-09 17:00:00,1.16353,1.16406,1.16343,1.16376,3600,0,0
2026-09-09 18:00:00,1.16377,1.1639,1.16275,1.16288,2743,0,0
2026-09-09 19:00:00,1.16288,1.16311,1.16252,1.16307,2585,0,0
2026-09-09 20:00:00,1.16306,1.16328,1.16272,1.16321,1030,0,0
2026-09-09 21:00:00,1.16288,1.16349,1.16273,1.16324,227,0,0
2026-09-09 22:00:00,1.16324,1.16378,1.16324,1.16371,667,0,0
2026-09-09 23:00:00,1.16371,1.16377,1.16323,1.16334,1190,0,0
2026-09-10 00:00:00,1.16334,1.16341,1.16289,1.16306,3037,0,0
2026-09-10 01:00:00,1.16306,1.16395,1.16302,1.16391,3357,0,0
2026-09-10 02:00:00,1.16391,1.16405,1.16334,1.16393,2554,0,0
2026-09-10 03:00:00,1.16393,1.16396,1.16356,1.16382,1854,0,0
2026-09-10 04:00:00,1.16382,1.16398,1.16357,1.16363,1587,0,0
2026-09-10 05:00:00,1.16363,1.164,1.16363,1.16396,2330,0,0
2026-09-10 06:00:00,1.16395,1.16397,1.16359,1.16393,2958,0,0
2026-09-10 07:00:00,1.16393,1.16413,1.16351,1.16394,3399,0,0
2026-09-10 08:00:00,1.16394,1.16395,1.16339,1.16373,3558,0,0
2026-09-10 09:00:00,1.16373,1.16398,1.16306,1.1634,4032,0,0
2026-09-10 10:00:00,1.1634,1.16375,1.16227,1.16271,4462,0,0
2026-09-10 11:00:00,1.1627,1.16279,1.16144,1.16163,4279,0,0
2026-09-10 12:00:00,1.16165,1.16271,1.15914,1.16041,9485,0,0
2026-09-10 13:00:00,1.1604,1.16185,1.15971,1.16107,9131,0,0
2026-09-10 14:00:00,1.16107,1.16289,1.16107,1.16288,7771,0,0
2026-09-10 15:00:00,1.16288,1.16309,1.16235,1.16274,6101,0,0
2026-09-10 16:00:00,1.16273,1.16282,1.16179,1.16188,4768,0,0
2026-09-10 17:00:00,1.16189,1.16224,1.16158,1.16189,3970,0,0
2026-09-10 18:00:00,1.16188,1.1619,1.16121,1.16132,4268,0,0
2026-09-10 19:00:00,1.16131,1.16132,1.16085,1.16097,3370,0,0
2026-09-10 20:00:00,1.16096,1.16099,1.16049,1.16094,1538,0,0
2026-09-10 21:00:00,1.16113,1.16113,1.16054,1.16068,148,0,0
2026-09-10 22:00:00,1.16071,1.16107,1.16061,1.16097,1222,0,0
2026-09-10 23:00:00,1.16098,1.16108,1.16076,1.16106,1912,0,0
2026-09-11 00:00:00,1.16105,1.16149,1.16103,1.16146,3523,0,0
2026-09-11 01:00:00,1.16146,1.1617,1.16104,1.1612,3671,0,0
2026-09-11 02:00:00,1.1612,1.16122,1.16049,1.16068,3038,0,0
2026-09-11 03:00:00,1.16068,1.16073,1.15992,1.16012,2589,0,0
2026-09-11 04:00:00,1.16012,1.16075,1.15999,1.16041,2766,0,0
2026-09-11 05:00:00,1.16041,1.16132,1.16038,1.16093,3546,0,0
2026-09-11 06:00:00,1.16093,1.16133,1.16084,1.16093,4912,0,0
2026-09-11 07:00:00,1.16093,1.16106,1.16008,1.1605,4158,0,0
2026-09-11 08:00:00,1.1605,1.16075,1.15975,1.15985,4795,0,0
2026-09-11 09:00:00,1.15984,1.16017,1.15945,1.15955,4051,0,0
2026-09-11 10:00:00,1.15956,1.15988,1.15893,1.15916,3934,0,0
2026-09-11 11:00:00,1.15916,1.15951,1.15902,1.15909,4374,0,0
2026-09-11 12:00:00,1.15908,1.16033,1.15687,1.16024,9585,0,0
2026-09-11 13:00:00,1.16026,1.1613,1.15978,1.16117,9744,0,0
2026-09-11 14:00:00,1.16118,1.16147,1.16052,1.16134,8523,0,0
2026-09-11 15:00:00,1.16134,1.16148,1.15996,1.16028,6586,0,0
2026-09-11 16:00:00,1.16028,1.16068,1.15978,1.1599,5130,0,0
2026-09-11 17:00:00,1.15991,1.16001,1.15955,1.15976,4079,0,0
2026-09-11 18:00:00,1.15975,1.15992,1.15913,1.15952,3817,0,0
2026-09-11 19:00:00,1.15952,1.15972,1.15927,1.15953,2955,0,0
2026-09-11 20:00:00,1.15954,1.15971,1.1591,1.15969,1412,0,0
2026-09-13 21:00:00,1.15952,1.15955,1.15901,1.15916,309,0,0
2026-09-13 22:00:00,1.15921,1.15967,1.15877,1.15903,1765,0,0
2026-09-13 23:00:00,1.15903,1.15938,1.15891,1.15928,1902,0,0
2026-09-14 00:00:00,1.15928,1.15952,1.15845,1.15871,3785,0,0
2026-09-14 01:00:00,1.15872,1.15882,1.15829,1.15854,3856,0,0
2026-09-14 02:00:00,1.15855,1.15879,1.15805,1.1581,2563,0,0
2026-09-14 03:00:00,1.15809,1.15812,1.15685,1.15699,2699,0,0
2026-09-14 04:00:00,1.15699,1.15702,1.15617,1.1565,2210,0,0
2026-09-14 05:00:00,1.1565,1.157,1.15629,1.15694,2647,0,0
2026-09-14 06:00:00,1.15694,1.15697,1.15503,1.1552,5746,0,0
2026-09-14 07:00:00,1.1552,1.15572,1.15422,1.15439,5086,0,0
2026-09-14 08:00:00,1.1544,1.15444,1.15337,1.15374,5393,0,0
2026-09-14 09:00:00,1.15375,1.15449,1.15346,1.15411,5038,0,0
2026-09-14 10:00:00,1.15412,1.15413,1.15364,1.15398,4265,0,0
2026-09-14 11:00:00,1.15398,1.15492,1.15395,1.15473,3895,0,0
2026-09-14 12:00:00,1.15473,1.15516,1.1529,1.15319,6059,0,0
2026-09-14 13:00:00,1.15318,1.15368,1.15225,1.15247,6162,0,0
2026-09-14 14:00:00,1.15246,1.15421,1.1523,1.15365,7346,0,0
2026-09-14 15:00:00,1.15364,1.15495,1.15353,1.15475,8022,0,0
2026-09-14 16:00:00,1.15475,1.1563,1.15473,1.15595,7031,0,0
2026-09-14 17:00:00,1.15596,1.1561,1.15538,1.15556,4398,0,0
2026-09-14 18:00:00,1.15555,1.15587,1.15542,1.15564,4089,0,0
2026-09-14 19:00:00,1.15564,1.15571,1.15463,1.15467,5181,0,0
2026-09-14 20:00:00,1.15466,1.15499,1.1544,1.15494,1747,0,0
2026-09-14 21:00:00,1.15466,1.15488,1.15441,1.15481,279,0,0
2026-09-14 22:00:00,1.1547,1.15513,1.15456,1.15511,596,0,0
2026-09-14 23:00:00,1.15511,1.15515,1.15462,1.15473,1489,0,0
2026-09-15 00:00:00,1.15473,1.15478,1.15423,1.15431,3114,0,0
2026-09-15 01:00:00,1.1543,1.15434,1.15366,1.15375,2743,0,0
2026-09-15 02:00:00,1.15376,1.15404,1.1535,1.15399,2132,0,0
2026-09-15 03:00:00,1.15399,1.15404,1.15365,1.15369,2147,0,0
2026-09-15 04:00:00,1.15369,1.15378,1.15341,1.15364,2024,0,0
2026-09-15 05:00:00,1.15363,1.15376,1.15329,1.15346,2315,0,0
2026-09-15 06:00:00,1.15346,1.15356,1.15264,1.15334,3657,0,0
2026-09-15 07:00:00,1.15334,1.15404,1.15315,1.15401,4558,0,0
2026-09-15 08:00:00,1.15401,1.15402,1.15317,1.15327,5313,0,0
2026-09-15 09:00:00,1.15328,1.15381,1.15317,1.15368,4046,0,0
2026-09-15 10:00:00,1.15367,1.15394,1.15339,1.15345,2985,0,0
2026-09-15 11:00:00,1.15344,1.15423,1.15336,1.15389,3429,0,0
2026-09-15 12:00:00,1.15389,1.1549,1.15377,1.15459,5165,0,0
2026-09-15 13:00:00,1.15458,1.15508,1.15386,1.15487,5760,0,0
2026-09-15 14:00:00,1.15488,1.15514,1.15398,1.15424,5976,0,0
2026-09-15 15:00:00,1.15423,1.15456,1.15383,1.15411,5135,0,0
2026-09-15 16:00:00,1.1541,1.15427,1.15385,1.15424,3723,0,0
2026-09-15 17:00:00,1.15424,1.15431,1.15361,1.15369,3229,0,0
2026-09-15 18:00:00,1.15369,1.1543,1.15357,1.15422,2968,0,0
2026-09-15 19:00:00,1.15421,1.15425,1.15396,1.15403,2395,0,0
2026-09-15 20:00:00,1.15403,1.15407,1.1538,1.15404,1104,0,0
2026-09-15 21:00:00,1.15429,1.15429,1.15429,1.15429,1,0,0
